{
  "type": "FeatureCollection",
  "generator": "overpass-turbo",
  "copyright": "The data included in this document is from www.openstreetmap.org. The data is made available under ODbL.",
  "timestamp": "2025-05-13T14:10:02Z",
  "features": [
    {
      "type": "Feature",
      "properties": {
        "@id": "way/4335056",
        "amenity": "school"
      },
      "geometry": {
        "type": "Polygon",
        "coordinates": [
          [
            [
              13.7260725,
              51.0180176
            ],
            [
              13.7260641,
              51.0180572
            ],
            [
              13.7260472,
              51.018137
            ],
            [
              13.7259649,
              51.0185277
            ],
            [
              13.7259126,
              51.0187405
            ],
            [
              13.726007,
              51.0187478
            ],
            [
              13.7258652,
              51.0193477
            ],
            [
              13.7244204,
              51.0192
            ],
            [
              13.7245639,
              51.0186152
            ],
            [
              13.7240483,
              51.0185721
            ],
            [
              13.7240862,
              51.0184147
            ],
            [
              13.7241228,
              51.0182601
            ],
            [
              13.7242141,
              51.0178739
            ],
            [
              13.7260725,
              51.0180176
            ]
          ]
        ]
      },
      "id": "way/4335056"
    },
    {
      "type": "Feature",
      "properties": {
        "@id": "way/4840994",
        "addr:city": "Dresden",
        "addr:country": "DE",
        "addr:housenumber": "12",
        "addr:street": "Reichenbachstraße",
        "amenity": "school",
        "name": "117. Grundschule „Ludwig Reichenbach“"
      },
      "geometry": {
        "type": "Polygon",
        "coordinates": [
          [
            [
              13.7336256,
              51.0328896
            ],
            [
              13.7345068,
              51.0327194
            ],
            [
              13.7346873,
              51.0331169
            ],
            [
              13.7348804,
              51.0335419
            ],
            [
              13.7336562,
              51.0337847
            ],
            [
              13.7330861,
              51.0339004
            ],
            [
              13.7328378,
              51.0333988
            ],
            [
              13.7326113,
              51.0329079
            ],
            [
              13.7335427,
              51.0327183
            ],
            [
              13.7336256,
              51.0328896
            ]
          ]
        ]
      },
      "id": "way/4840994"
    },
    {
      "type": "Feature",
      "properties": {
        "@id": "way/4853782",
        "amenity": "school",
        "name": "Universitätsschule Dresden",
        "wikidata": "Q97924338",
        "wikipedia": "de:Universitätsgemeinschaftsschule Dresden"
      },
      "geometry": {
        "type": "Polygon",
        "coordinates": [
          [
            [
              13.7160372,
              51.02072
            ],
            [
              13.7158114,
              51.0208102
            ],
            [
              13.71513,
              51.0209424
            ],
            [
              13.7150654,
              51.020848
            ],
            [
              13.7150488,
              51.0208238
            ],
            [
              13.7150443,
              51.0208172
            ],
            [
              13.7149772,
              51.0207101
            ],
            [
              13.7148739,
              51.0206322
            ],
            [
              13.7147299,
              51.0205692
            ],
            [
              13.7145592,
              51.020543
            ],
            [
              13.7144715,
              51.0202464
            ],
            [
              13.7150827,
              51.020131
            ],
            [
              13.7154116,
              51.0200677
            ],
            [
              13.7152426,
              51.0197596
            ],
            [
              13.7153,
              51.0197423
            ],
            [
              13.7149306,
              51.0190664
            ],
            [
              13.7148784,
              51.0186895
            ],
            [
              13.7158455,
              51.0187435
            ],
            [
              13.7158465,
              51.0188321
            ],
            [
              13.7162255,
              51.01964
            ],
            [
              13.7163488,
              51.0198626
            ],
            [
              13.716399,
              51.0201481
            ],
            [
              13.7160372,
              51.02072
            ]
          ]
        ]
      },
      "id": "way/4853782"
    },
    {
      "type": "Feature",
      "properties": {
        "@id": "way/10450239",
        "addr:city": "Radebeul",
        "addr:housenumber": "3",
        "addr:postcode": "01445",
        "addr:street": "Straße der Jugend",
        "amenity": "school",
        "isced:level": "2;3",
        "name": "Gymnasium Luisenstift",
        "website": "https://www.luisenstift.de/",
        "wikidata": "Q1558173"
      },
      "geometry": {
        "type": "Polygon",
        "coordinates": [
          [
            [
              13.6547492,
              51.1109743
            ],
            [
              13.6552691,
              51.1118157
            ],
            [
              13.6555471,
              51.1122629
            ],
            [
              13.6557125,
              51.1125085
            ],
            [
              13.6557044,
              51.1125577
            ],
            [
              13.6556625,
              51.1126133
            ],
            [
              13.6556126,
              51.1126551
            ],
            [
              13.654889,
              51.112888
            ],
            [
              13.654559,
              51.1129944
            ],
            [
              13.6541976,
              51.113088
            ],
            [
              13.6540625,
              51.1131253
            ],
            [
              13.653424,
              51.1132717
            ],
            [
              13.6533643,
              51.1132854
            ],
            [
              13.6529939,
              51.1126991
            ],
            [
              13.6532578,
              51.1126357
            ],
            [
              13.6530647,
              51.1123259
            ],
            [
              13.6531155,
              51.1123124
            ],
            [
              13.6530192,
              51.1121653
            ],
            [
              13.6537017,
              51.1119926
            ],
            [
              13.6533845,
              51.1114536
            ],
            [
              13.6533065,
              51.1113304
            ],
            [
              13.6547492,
              51.1109743
            ]
          ]
        ]
      },
      "id": "way/10450239"
    },
    {
      "type": "Feature",
      "properties": {
        "@id": "way/14029649",
        "addr:city": "Radebeul",
        "addr:housenumber": "21",
        "addr:postcode": "01445",
        "addr:street": "Wasastraße",
        "amenity": "school",
        "name": "Oberschule Radebeul Mitte",
        "website": "https://cms.sachsen.schule/msradebeulmitte"
      },
      "geometry": {
        "type": "Polygon",
        "coordinates": [
          [
            [
              13.6651744,
              51.1006906
            ],
            [
              13.6649205,
              51.1003281
            ],
            [
              13.6646968,
              51.1000087
            ],
            [
              13.6657192,
              51.0998022
            ],
            [
              13.6661905,
              51.0997143
            ],
            [
              13.6663159,
              51.0997423
            ],
            [
              13.6665567,
              51.1001472
            ],
            [
              13.6666624,
              51.1003808
            ],
            [
              13.6651744,
              51.1006906
            ]
          ]
        ]
      },
      "id": "way/14029649"
    },
    {
      "type": "Feature",
      "properties": {
        "@id": "way/14030013",
        "amenity": "school",
        "name": "Berufliches Schulzentrum Radebeul"
      },
      "geometry": {
        "type": "Polygon",
        "coordinates": [
          [
            [
              13.6618956,
              51.1049957
            ],
            [
              13.6618684,
              51.1042487
            ],
            [
              13.6624636,
              51.1042387
            ],
            [
              13.6628307,
              51.1042041
            ],
            [
              13.6628079,
              51.1038549
            ],
            [
              13.6637747,
              51.1037317
            ],
            [
              13.6625195,
              51.1050363
            ],
            [
              13.6624045,
              51.1049904
            ],
            [
              13.6618956,
              51.1049957
            ]
          ]
        ]
      },
      "id": "way/14030013"
    },
    {
      "type": "Feature",
      "properties": {
        "@id": "way/14030076",
        "amenity": "school",
        "name": "Lößnitzgymnasium",
        "wheelchair": "no",
        "wikidata": "Q1880014",
        "wikipedia": "de:Lößnitzgymnasium"
      },
      "geometry": {
        "type": "Polygon",
        "coordinates": [
          [
            [
              13.6596485,
              51.1036863
            ],
            [
              13.6597916,
              51.1041198
            ],
            [
              13.6585416,
              51.1042713
            ],
            [
              13.6581474,
              51.1040328
            ],
            [
              13.6580427,
              51.1039061
            ],
            [
              13.6596485,
              51.1036863
            ]
          ]
        ]
      },
      "id": "way/14030076"
    },
    {
      "type": "Feature",
      "properties": {
        "@id": "way/14039788",
        "addr:city": "Dresden",
        "addr:housenumber": "28a",
        "addr:postcode": "01157",
        "addr:street": "Am Lehmberg",
        "amenity": "school",
        "description": "Schule und Hort im selben Gebäude",
        "name": "76. Grundschule Dresden",
        "operator": "Landeshauptstadt Dresden",
        "phone": "+49 351 - 4210304",
        "website": "https://cms.sachsen.schule/gs76dd/start/"
      },
      "geometry": {
        "type": "Polygon",
        "coordinates": [
          [
            [
              13.669281,
              51.0646439
            ],
            [
              13.6690127,
              51.0646029
            ],
            [
              13.6688295,
              51.0645451
            ],
            [
              13.6684437,
              51.0644251
            ],
            [
              13.6684715,
              51.0640045
            ],
            [
              13.6684898,
              51.0637273
            ],
            [
              13.6685167,
              51.0633195
            ],
            [
              13.6685635,
              51.0633273
            ],
            [
              13.6686615,
              51.0633437
            ],
            [
              13.6686773,
              51.0631724
            ],
            [
              13.669869,
              51.0633821
            ],
            [
              13.6696361,
              51.063882
            ],
            [
              13.669281,
              51.0646439
            ]
          ]
        ]
      },
      "id": "way/14039788"
    },
    {
      "type": "Feature",
      "properties": {
        "@id": "way/22986350",
        "amenity": "school",
        "barrier": "fence",
        "name": "BIP Kreativitätsschulzentrum",
        "website": "https://www.bip-schulen.de"
      },
      "geometry": {
        "type": "Polygon",
        "coordinates": [
          [
            [
              13.7519614,
              51.0356057
            ],
            [
              13.7517736,
              51.0353801
            ],
            [
              13.7515306,
              51.0350882
            ],
            [
              13.7516118,
              51.0350615
            ],
            [
              13.7524769,
              51.0347768
            ],
            [
              13.7527217,
              51.0350958
            ],
            [
              13.7528449,
              51.0352487
            ],
            [
              13.7528996,
              51.0353164
            ],
            [
              13.7538077,
              51.0351094
            ],
            [
              13.7538902,
              51.0352469
            ],
            [
              13.753932,
              51.0353896
            ],
            [
              13.7539662,
              51.0355147
            ],
            [
              13.7539978,
              51.0356301
            ],
            [
              13.7540276,
              51.0358405
            ],
            [
              13.7540455,
              51.0360621
            ],
            [
              13.7535514,
              51.0362475
            ],
            [
              13.7527797,
              51.0365371
            ],
            [
              13.7524494,
              51.0361563
            ],
            [
              13.7520336,
              51.0356639
            ],
            [
              13.7520082,
              51.0356482
            ],
            [
              13.7519614,
              51.0356057
            ]
          ]
        ]
      },
      "id": "way/22986350"
    },
    {
      "type": "Feature",
      "properties": {
        "@id": "way/23082225",
        "addr:city": "Dresden",
        "addr:country": "DE",
        "addr:housenumber": "2",
        "addr:postcode": "01069",
        "addr:street": "Blochmannstraße",
        "amenity": "school",
        "building": "school",
        "building:levels": "4",
        "heritage": "yes",
        "name": "Akademie für berufliche Bildung",
        "operator": "AFBB - Akademie für berufliche Bildung gGmbH",
        "roof:levels": "0",
        "website": "http://www.ausbildung-und-studium.de/dresden/lageplan#blochmannstraße-2",
        "wikidata": "Q1299405",
        "wikipedia": "de:Lehrgebäude Blochmannstraße 2"
      },
      "geometry": {
        "type": "Polygon",
        "coordinates": [
          [
            [
              13.7542744,
              51.047142
            ],
            [
              13.754209,
              51.0470096
            ],
            [
              13.7541669,
              51.0470179
            ],
            [
              13.7541472,
              51.046978
            ],
            [
              13.7541893,
              51.0469698
            ],
            [
              13.7541265,
              51.0468428
            ],
            [
              13.7543812,
              51.0467931
            ],
            [
              13.7545291,
              51.0470923
            ],
            [
              13.7542744,
              51.047142
            ]
          ]
        ]
      },
      "id": "way/23082225"
    },
    {
      "type": "Feature",
      "properties": {
        "@id": "way/23341763",
        "addr:city": "Dresden",
        "addr:country": "DE",
        "addr:housenumber": "6",
        "addr:postcode": "01069",
        "addr:street": "Josephinenstraße",
        "amenity": "school",
        "name": "16. Grundschule „Josephine“",
        "operator": "Landeshauptstadt Dresden Schulverwaltungsamt",
        "phone": "+49 351 4951565",
        "website": "http://www.josephine-dresden.de"
      },
      "geometry": {
        "type": "Polygon",
        "coordinates": [
          [
            [
              13.7278362,
              51.0448255
            ],
            [
              13.7279077,
              51.0447206
            ],
            [
              13.7281373,
              51.0445228
            ],
            [
              13.7284379,
              51.0442594
            ],
            [
              13.7284847,
              51.0442708
            ],
            [
              13.7294192,
              51.0445979
            ],
            [
              13.7301467,
              51.0449122
            ],
            [
              13.7301478,
              51.0449503
            ],
            [
              13.7294651,
              51.0455562
            ],
            [
              13.7282652,
              51.0450206
            ],
            [
              13.7278362,
              51.0448255
            ]
          ]
        ]
      },
      "id": "way/23341763"
    },
    {
      "type": "Feature",
      "properties": {
        "@id": "way/23373229",
        "addr:city": "Dresden",
        "addr:country": "DE",
        "addr:housenumber": "2",
        "addr:postcode": "01219",
        "addr:street": "Strehlener Platz",
        "amenity": "school",
        "name": "Berufliches Schulzentrum für Elektrotechnik Dresden",
        "operator": "Landeshauptstadt Dresden Schulverwaltungsamt",
        "phone": "+49 351 4735201",
        "toilets:wheelchair": "yes",
        "website": "https://www.bszet.de/",
        "wheelchair": "limited"
      },
      "geometry": {
        "type": "Polygon",
        "coordinates": [
          [
            [
              13.7468308,
              51.034466
            ],
            [
              13.7465767,
              51.0340286
            ],
            [
              13.7467066,
              51.0340031
            ],
            [
              13.7471581,
              51.0338954
            ],
            [
              13.746623,
              51.0329576
            ],
            [
              13.7466125,
              51.0329392
            ],
            [
              13.7482075,
              51.0325916
            ],
            [
              13.7483506,
              51.0325793
            ],
            [
              13.7485949,
              51.0329605
            ],
            [
              13.748607,
              51.0329794
            ],
            [
              13.7489319,
              51.0334864
            ],
            [
              13.7488449,
              51.0336431
            ],
            [
              13.748815,
              51.0337017
            ],
            [
              13.7487201,
              51.0337889
            ],
            [
              13.74865,
              51.0338534
            ],
            [
              13.7470354,
              51.0343955
            ],
            [
              13.7468308,
              51.034466
            ]
          ]
        ]
      },
      "id": "way/23373229"
    },
    {
      "type": "Feature",
      "properties": {
        "@id": "way/23390925",
        "addr:city": "Dresden",
        "addr:country": "DE",
        "addr:housenumber": "7",
        "addr:postcode": "01069",
        "addr:street": "Schweizer Straße",
        "amenity": "school",
        "name": "14. Grundschule „Im Schweizer Viertel“",
        "operator": "Landeshauptstadt Dresden Schulverwaltungsamt",
        "phone": "+49 351 4719435",
        "website": "https://cms.sachsen.schule/14gsdd/schule/",
        "wheelchair": "yes"
      },
      "geometry": {
        "type": "Polygon",
        "coordinates": [
          [
            [
              13.7262028,
              51.03869
            ],
            [
              13.7270262,
              51.0391794
            ],
            [
              13.7273986,
              51.0392242
            ],
            [
              13.7272007,
              51.0399589
            ],
            [
              13.7269736,
              51.0399369
            ],
            [
              13.7269319,
              51.0401316
            ],
            [
              13.7267117,
              51.0402474
            ],
            [
              13.7263375,
              51.0400556
            ],
            [
              13.7258262,
              51.0403716
            ],
            [
              13.724757,
              51.0397086
            ],
            [
              13.7247526,
              51.0396789
            ],
            [
              13.7255393,
              51.0391315
            ],
            [
              13.7262028,
              51.03869
            ]
          ]
        ]
      },
      "id": "way/23390925"
    },
    {
      "type": "Feature",
      "properties": {
        "@id": "way/23423106",
        "addr:city": "Dresden",
        "addr:housenumber": "3",
        "addr:postcode": "01169",
        "addr:street": "Espenstraße",
        "amenity": "school",
        "building": "school",
        "building:levels": "3",
        "building:levels:underground": "1",
        "grades": "1-12",
        "name": "Laborschule Dresden",
        "operator": "Omse e.V.",
        "phone": "+49 351 4173745",
        "roof:shape": "flat",
        "website": "https://www.omse-ev.de/laborschule.html",
        "wheelchair": "yes",
        "wikidata": "Q1799514"
      },
      "geometry": {
        "type": "Polygon",
        "coordinates": [
          [
            [
              13.6637338,
              51.0443019
            ],
            [
              13.6637863,
              51.0441975
            ],
            [
              13.6639434,
              51.0438848
            ],
            [
              13.6640002,
              51.0437718
            ],
            [
              13.6642443,
              51.0438203
            ],
            [
              13.6640705,
              51.0441662
            ],
            [
              13.6640283,
              51.0442501
            ],
            [
              13.6639771,
              51.044352
            ],
            [
              13.6638392,
              51.0443246
            ],
            [
              13.6637338,
              51.0443019
            ]
          ]
        ]
      },
      "id": "way/23423106"
    },
    {
      "type": "Feature",
      "properties": {
        "@id": "way/23577628",
        "amenity": "school"
      },
      "geometry": {
        "type": "Polygon",
        "coordinates": [
          [
            [
              13.7922715,
              51.0719109
            ],
            [
              13.7922404,
              51.0718947
            ],
            [
              13.7921476,
              51.0719468
            ],
            [
              13.7916763,
              51.0716086
            ],
            [
              13.792476,
              51.0710057
            ],
            [
              13.7925848,
              51.0710558
            ],
            [
              13.7931788,
              51.0706642
            ],
            [
              13.7936143,
              51.0709069
            ],
            [
              13.7938634,
              51.0710257
            ],
            [
              13.7940326,
              51.0712103
            ],
            [
              13.7942039,
              51.0714302
            ],
            [
              13.7946458,
              51.0723659
            ],
            [
              13.7948833,
              51.0726391
            ],
            [
              13.7946472,
              51.0727042
            ],
            [
              13.7945133,
              51.0726369
            ],
            [
              13.7940422,
              51.0724001
            ],
            [
              13.7936443,
              51.0722021
            ],
            [
              13.7930111,
              51.0718693
            ],
            [
              13.7925684,
              51.0720966
            ],
            [
              13.7922715,
              51.0719109
            ]
          ]
        ]
      },
      "id": "way/23577628"
    },
    {
      "type": "Feature",
      "properties": {
        "@id": "way/23577651",
        "amenity": "school",
        "name": "Förderzentrum für Körperbehinderte Prof. Dr. Rainer Fetscher",
        "wheelchair": "yes"
      },
      "geometry": {
        "type": "Polygon",
        "coordinates": [
          [
            [
              13.7901312,
              51.0694186
            ],
            [
              13.7903519,
              51.0695962
            ],
            [
              13.7908079,
              51.069969
            ],
            [
              13.791018,
              51.0702108
            ],
            [
              13.7911702,
              51.0707961
            ],
            [
              13.7908254,
              51.0710895
            ],
            [
              13.7906303,
              51.0710234
            ],
            [
              13.7902386,
              51.0712218
            ],
            [
              13.7899148,
              51.070986
            ],
            [
              13.7896634,
              51.0707586
            ],
            [
              13.7893442,
              51.070492
            ],
            [
              13.7894816,
              51.0704045
            ],
            [
              13.7891016,
              51.0701137
            ],
            [
              13.7890189,
              51.0701176
            ],
            [
              13.7887753,
              51.069949
            ],
            [
              13.7896387,
              51.0695082
            ],
            [
              13.7900466,
              51.0693434
            ],
            [
              13.7901312,
              51.0694186
            ]
          ]
        ]
      },
      "id": "way/23577651"
    },
    {
      "type": "Feature",
      "properties": {
        "@id": "way/23838018",
        "amenity": "school",
        "grades": "2;3",
        "name": "Evangelisches Kreuzgymnasium Dresden",
        "website": "https://kreuzgymnasium.de/"
      },
      "geometry": {
        "type": "Polygon",
        "coordinates": [
          [
            [
              13.8016291,
              51.0462624
            ],
            [
              13.8026309,
              51.0472518
            ],
            [
              13.8022537,
              51.0474027
            ],
            [
              13.8020914,
              51.0472424
            ],
            [
              13.8012636,
              51.0475737
            ],
            [
              13.8014074,
              51.0477156
            ],
            [
              13.8009307,
              51.0479064
            ],
            [
              13.7999475,
              51.0469354
            ],
            [
              13.8016291,
              51.0462624
            ]
          ]
        ]
      },
      "id": "way/23838018"
    },
    {
      "type": "Feature",
      "properties": {
        "@id": "way/23838026",
        "amenity": "school",
        "check_date": "2024-04-15",
        "name": "Am Pohlandplatz",
        "operator": "Landeshauptstadt Dresden",
        "operator:type": "public"
      },
      "geometry": {
        "type": "Polygon",
        "coordinates": [
          [
            [
              13.7925448,
              51.044307
            ],
            [
              13.7921982,
              51.0439757
            ],
            [
              13.7920111,
              51.0438173
            ],
            [
              13.7916702,
              51.0435391
            ],
            [
              13.7916129,
              51.0434676
            ],
            [
              13.7918361,
              51.0434463
            ],
            [
              13.7918009,
              51.0432976
            ],
            [
              13.7925021,
              51.0432592
            ],
            [
              13.7932324,
              51.0431769
            ],
            [
              13.7933045,
              51.043198
            ],
            [
              13.7939055,
              51.0438173
            ],
            [
              13.7925448,
              51.044307
            ]
          ]
        ]
      },
      "id": "way/23838026"
    },
    {
      "type": "Feature",
      "properties": {
        "@id": "way/23838061",
        "amenity": "school",
        "name": "Freie Evangelische Schule Dresden",
        "wikidata": "Q1453947"
      },
      "geometry": {
        "type": "Polygon",
        "coordinates": [
          [
            [
              13.8100533,
              51.0318776
            ],
            [
              13.8103891,
              51.031932
            ],
            [
              13.8105394,
              51.0315904
            ],
            [
              13.8101916,
              51.0315268
            ],
            [
              13.8104346,
              51.0309576
            ],
            [
              13.8109753,
              51.0314325
            ],
            [
              13.8122539,
              51.0325601
            ],
            [
              13.8109625,
              51.0331414
            ],
            [
              13.8108283,
              51.0330132
            ],
            [
              13.8109015,
              51.0328275
            ],
            [
              13.8107635,
              51.0327989
            ],
            [
              13.8108245,
              51.032656
            ],
            [
              13.8103936,
              51.032577
            ],
            [
              13.8104819,
              51.0323694
            ],
            [
              13.8104899,
              51.0323535
            ],
            [
              13.8104303,
              51.0323436
            ],
            [
              13.8104072,
              51.0323398
            ],
            [
              13.8103392,
              51.0323298
            ],
            [
              13.8101402,
              51.0322957
            ],
            [
              13.8100859,
              51.0322864
            ],
            [
              13.8099796,
              51.0322683
            ],
            [
              13.8098943,
              51.0322545
            ],
            [
              13.8100533,
              51.0318776
            ]
          ]
        ]
      },
      "id": "way/23838061"
    },
    {
      "type": "Feature",
      "properties": {
        "@id": "way/24419065",
        "addr:housenumber": "28",
        "addr:street": "Lockwitzer Straße",
        "amenity": "school",
        "building": "school",
        "building:levels": "2",
        "check_date": "2024-11-18",
        "name": "Janusz-Korczak-Schule",
        "roof:colour": "red",
        "roof:levels": "2",
        "roof:shape": "hipped",
        "website": "https://www.janusz-korczak-schule-dresden.de/"
      },
      "geometry": {
        "type": "Polygon",
        "coordinates": [
          [
            [
              13.7629072,
              51.0235054
            ],
            [
              13.7624144,
              51.0238265
            ],
            [
              13.7622681,
              51.0237376
            ],
            [
              13.7626405,
              51.023495
            ],
            [
              13.76252,
              51.0234218
            ],
            [
              13.7626403,
              51.0233433
            ],
            [
              13.7627714,
              51.0234229
            ],
            [
              13.7629072,
              51.0235054
            ]
          ]
        ]
      },
      "id": "way/24419065"
    },
    {
      "type": "Feature",
      "properties": {
        "@id": "way/24419068",
        "addr:city": "Dresden",
        "addr:country": "DE",
        "addr:housenumber": "19",
        "addr:street": "Mockritzer Straße",
        "amenity": "school",
        "building": "school",
        "building:levels": "3",
        "check_date": "2024-04-27",
        "name": "47. Grundschule",
        "roof:colour": "red",
        "roof:shape": "hipped"
      },
      "geometry": {
        "type": "Polygon",
        "coordinates": [
          [
            [
              13.7613045,
              51.0237526
            ],
            [
              13.7614954,
              51.0236284
            ],
            [
              13.7615875,
              51.0236845
            ],
            [
              13.7615496,
              51.0237091
            ],
            [
              13.7615853,
              51.0237308
            ],
            [
              13.7616075,
              51.0237164
            ],
            [
              13.7616727,
              51.023756
            ],
            [
              13.761652,
              51.0237695
            ],
            [
              13.7616862,
              51.0237904
            ],
            [
              13.7617219,
              51.0237671
            ],
            [
              13.7618139,
              51.0238231
            ],
            [
              13.7616238,
              51.0239468
            ],
            [
              13.7614599,
              51.0238471
            ],
            [
              13.7613045,
              51.0237526
            ]
          ]
        ]
      },
      "id": "way/24419068"
    },
    {
      "type": "Feature",
      "properties": {
        "@id": "way/24491159",
        "addr:city": "Dresden",
        "addr:country": "DE",
        "addr:housenumber": "2",
        "addr:postcode": "01189",
        "addr:street": "Höckendorfer Weg",
        "amenity": "school",
        "building": "school",
        "building:levels": "3",
        "building:levels:underground": "1",
        "contact:email": "info@oberschule-lengenfeld.de",
        "contact:fax": "+49 37606 36989",
        "contact:phone": "+49 37606 2555",
        "contact:website": "https://www.oberschule-lengenfeld.de/",
        "isced:level": "2",
        "name": "Gotthold-Ephraim-Lessing-Oberschule",
        "note": "Schultyp Dresden R 81",
        "old_name": "127. POS „Gotthold Ephraim Lessing“",
        "roof:levels": "0",
        "roof:shape": "flat"
      },
      "geometry": {
        "type": "Polygon",
        "coordinates": [
          [
            [
              13.7248262,
              51.0188377
            ],
            [
              13.7248609,
              51.0186795
            ],
            [
              13.7257387,
              51.0187557
            ],
            [
              13.725704,
              51.0189139
            ],
            [
              13.7251913,
              51.0188693
            ],
            [
              13.7251872,
              51.0188878
            ],
            [
              13.7251325,
              51.0188831
            ],
            [
              13.7250779,
              51.0188784
            ],
            [
              13.7250819,
              51.0188599
            ],
            [
              13.7248262,
              51.0188377
            ]
          ]
        ]
      },
      "id": "way/24491159"
    },
    {
      "type": "Feature",
      "properties": {
        "@id": "way/24543164",
        "addr:city": "Dresden",
        "addr:country": "DE",
        "addr:housenumber": "34",
        "addr:postcode": "01309",
        "addr:street": "Mendelssohnallee",
        "amenity": "school",
        "building": "school",
        "building:colour": "yellow",
        "building:levels": "3",
        "name": "Sächsisches Landesgymnasium für Musik Carl Maria von Weber",
        "roof:colour": "red",
        "roof:shape": "gabled",
        "wikidata": "Q1412578",
        "wikipedia": "de:Sächsisches Landesgymnasium für Musik Carl Maria von Weber"
      },
      "geometry": {
        "type": "Polygon",
        "coordinates": [
          [
            [
              13.7959503,
              51.0521889
            ],
            [
              13.7957019,
              51.0520248
            ],
            [
              13.795963,
              51.0518686
            ],
            [
              13.7960116,
              51.0519007
            ],
            [
              13.7960529,
              51.051876
            ],
            [
              13.7961237,
              51.0519228
            ],
            [
              13.796004,
              51.0519944
            ],
            [
              13.796133,
              51.0520797
            ],
            [
              13.7959503,
              51.0521889
            ]
          ]
        ]
      },
      "id": "way/24543164"
    },
    {
      "type": "Feature",
      "properties": {
        "@id": "way/24720348",
        "addr:city": "Radeberg",
        "addr:country": "DE",
        "addr:housenumber": "21",
        "addr:postcode": "01454",
        "addr:street": "Heidestraße",
        "amenity": "school",
        "name": "Grundschule Süd"
      },
      "geometry": {
        "type": "Polygon",
        "coordinates": [
          [
            [
              13.9127245,
              51.1071134
            ],
            [
              13.9129262,
              51.1073966
            ],
            [
              13.9130089,
              51.1075157
            ],
            [
              13.9130824,
              51.1076205
            ],
            [
              13.9126269,
              51.1079876
            ],
            [
              13.9118764,
              51.1084982
            ],
            [
              13.910333,
              51.1077859
            ],
            [
              13.9122412,
              51.1072156
            ],
            [
              13.9126877,
              51.1071212
            ],
            [
              13.9127245,
              51.1071134
            ]
          ]
        ]
      },
      "id": "way/24720348"
    },
    {
      "type": "Feature",
      "properties": {
        "@id": "way/24791708",
        "amenity": "school",
        "check_date": "2024-09-14",
        "name": "Berufliches Schulzentrum Radeberg",
        "website": "https://cms.sachsen.schule/bszradeberg/start/"
      },
      "geometry": {
        "type": "Polygon",
        "coordinates": [
          [
            [
              13.9079756,
              51.1036414
            ],
            [
              13.9081504,
              51.1039331
            ],
            [
              13.90785,
              51.1040086
            ],
            [
              13.908268,
              51.1046564
            ],
            [
              13.9080372,
              51.104716
            ],
            [
              13.9071089,
              51.1049556
            ],
            [
              13.9063434,
              51.1051532
            ],
            [
              13.905229,
              51.1033602
            ],
            [
              13.9071119,
              51.1028229
            ],
            [
              13.9073179,
              51.1031247
            ],
            [
              13.9075496,
              51.1030762
            ],
            [
              13.9079756,
              51.1036414
            ]
          ]
        ]
      },
      "id": "way/24791708"
    },
    {
      "type": "Feature",
      "properties": {
        "@id": "way/24898212",
        "addr:city": "Radeberg",
        "addr:country": "DE",
        "addr:housenumber": "1",
        "addr:postcode": "01454",
        "addr:street": "Pestalozzistraße",
        "amenity": "school",
        "building": "school",
        "name": "Johann-Heinrich-Pestalozzi-Schule",
        "school": "secondary",
        "school:de": "Realschule"
      },
      "geometry": {
        "type": "Polygon",
        "coordinates": [
          [
            [
              13.919628,
              51.1141128
            ],
            [
              13.9195266,
              51.1139
            ],
            [
              13.9196208,
              51.1138823
            ],
            [
              13.9196347,
              51.1139116
            ],
            [
              13.9199326,
              51.1138557
            ],
            [
              13.919918,
              51.113825
            ],
            [
              13.9200165,
              51.1138065
            ],
            [
              13.9201179,
              51.1140193
            ],
            [
              13.9200167,
              51.1140383
            ],
            [
              13.9200052,
              51.114014
            ],
            [
              13.9197204,
              51.1140674
            ],
            [
              13.9197327,
              51.1140932
            ],
            [
              13.919628,
              51.1141128
            ]
          ]
        ]
      },
      "id": "way/24898212"
    },
    {
      "type": "Feature",
      "properties": {
        "@id": "way/25789820",
        "addr:city": "Dresden",
        "addr:country": "DE",
        "addr:housenumber": "9",
        "addr:postcode": "01099",
        "addr:street": "Melanchthonstraße",
        "amenity": "school",
        "building": "school",
        "building:levels": "5",
        "name": "BZW Wirtschaft Prof. Dr. Zeigner",
        "roof:levels": "1",
        "url": "http://www.zeigner-schule.de/",
        "wheelchair": "no"
      },
      "geometry": {
        "type": "Polygon",
        "coordinates": [
          [
            [
              13.7542218,
              51.0611027
            ],
            [
              13.7541404,
              51.0611998
            ],
            [
              13.7541374,
              51.0611988
            ],
            [
              13.7540893,
              51.0612562
            ],
            [
              13.7536549,
              51.0611123
            ],
            [
              13.7536475,
              51.0611211
            ],
            [
              13.7535188,
              51.0610785
            ],
            [
              13.7535264,
              51.0610695
            ],
            [
              13.7530885,
              51.0609245
            ],
            [
              13.7531148,
              51.0608931
            ],
            [
              13.7532127,
              51.0607762
            ],
            [
              13.7532221,
              51.0607651
            ],
            [
              13.7533594,
              51.0608106
            ],
            [
              13.7533494,
              51.0608226
            ],
            [
              13.7536204,
              51.0609123
            ],
            [
              13.7536358,
              51.0608939
            ],
            [
              13.7538114,
              51.0609521
            ],
            [
              13.7537964,
              51.06097
            ],
            [
              13.7540699,
              51.0610605
            ],
            [
              13.7540815,
              51.0610466
            ],
            [
              13.7542166,
              51.0610913
            ],
            [
              13.7542174,
              51.0610904
            ],
            [
              13.7542328,
              51.0610955
            ],
            [
              13.7542257,
              51.061104
            ],
            [
              13.7542218,
              51.0611027
            ]
          ]
        ]
      },
      "id": "way/25789820"
    },
    {
      "type": "Feature",
      "properties": {
        "@id": "way/26370130",
        "amenity": "school",
        "building": "yes",
        "building:levels": "3",
        "name": "129. Grundschule"
      },
      "geometry": {
        "type": "Polygon",
        "coordinates": [
          [
            [
              13.7765897,
              51.018184
            ],
            [
              13.7764435,
              51.0180512
            ],
            [
              13.7771817,
              51.01774
            ],
            [
              13.7773219,
              51.0178834
            ],
            [
              13.776898,
              51.0180574
            ],
            [
              13.7769113,
              51.0180709
            ],
            [
              13.7768194,
              51.0181103
            ],
            [
              13.7768048,
              51.0180957
            ],
            [
              13.7765897,
              51.018184
            ]
          ]
        ]
      },
      "id": "way/26370130"
    },
    {
      "type": "Feature",
      "properties": {
        "@id": "way/27204123",
        "addr:city": "Dresden",
        "addr:housenumber": "49",
        "addr:postcode": "01309",
        "addr:street": "Haydnstraße",
        "amenity": "school",
        "fax": "+49 351 3110148",
        "loc_name": "Manos",
        "name": "Martin-Andersen-Nexö-Gymnasium Dresden",
        "operator": "Landeshauptstadt Dresden",
        "phone": "+49 351 3110146",
        "website": "https://manos-dresden.de",
        "wheelchair": "yes",
        "wikidata": "Q179819",
        "wikipedia": "de:Martin-Andersen-Nexö-Gymnasium"
      },
      "geometry": {
        "type": "Polygon",
        "coordinates": [
          [
            [
              13.7809949,
              51.0460205
            ],
            [
              13.7811209,
              51.046203
            ],
            [
              13.7811598,
              51.0462426
            ],
            [
              13.7812107,
              51.0463244
            ],
            [
              13.7815286,
              51.046755
            ],
            [
              13.7805271,
              51.0469919
            ],
            [
              13.7803699,
              51.0467031
            ],
            [
              13.7803244,
              51.0466171
            ],
            [
              13.7796703,
              51.0468965
            ],
            [
              13.7795089,
              51.0466808
            ],
            [
              13.7794898,
              51.0466552
            ],
            [
              13.7794708,
              51.0466598
            ],
            [
              13.7792951,
              51.0467022
            ],
            [
              13.7792467,
              51.0466979
            ],
            [
              13.7790379,
              51.0467462
            ],
            [
              13.7789486,
              51.0467313
            ],
            [
              13.7788058,
              51.0464891
            ],
            [
              13.7787901,
              51.0464258
            ],
            [
              13.7788529,
              51.0464018
            ],
            [
              13.7798211,
              51.0461767
            ],
            [
              13.7802007,
              51.0460938
            ],
            [
              13.7804558,
              51.0460343
            ],
            [
              13.780515,
              51.0460374
            ],
            [
              13.7809294,
              51.0459396
            ],
            [
              13.7809477,
              51.0459523
            ],
            [
              13.7809949,
              51.0460205
            ]
          ]
        ]
      },
      "id": "way/27204123"
    },
    {
      "type": "Feature",
      "properties": {
        "@id": "way/27485459",
        "addr:city": "Dresden",
        "addr:country": "DE",
        "addr:housenumber": "15",
        "addr:postcode": "01139",
        "addr:street": "Hauptmannstraße",
        "amenity": "school",
        "building": "school",
        "building:levels": "3",
        "name": "41. Grundschule „Elbtalkinder“",
        "roof:levels": "1",
        "roof:shape": "hipped",
        "website": "http://elbtalkinder.de"
      },
      "geometry": {
        "type": "Polygon",
        "coordinates": [
          [
            [
              13.7049955,
              51.0804795
            ],
            [
              13.7053188,
              51.0805082
            ],
            [
              13.7053041,
              51.0806913
            ],
            [
              13.7052903,
              51.0808643
            ],
            [
              13.7049471,
              51.080855
            ],
            [
              13.7049566,
              51.0807392
            ],
            [
              13.7048757,
              51.0807347
            ],
            [
              13.7048817,
              51.0805812
            ],
            [
              13.7049699,
              51.0805882
            ],
            [
              13.7049955,
              51.0804795
            ]
          ]
        ]
      },
      "id": "way/27485459"
    },
    {
      "type": "Feature",
      "properties": {
        "@id": "way/28019755",
        "addr:city": "Pirna",
        "addr:country": "DE",
        "addr:housenumber": "1",
        "addr:postcode": "01796",
        "addr:street": "Dohnaischer Platz",
        "amenity": "school",
        "building": "school",
        "building:levels": "4",
        "name": "Goethe-Schule",
        "operator": "Stadt Pirna",
        "phone": "+49 3501 528573",
        "roof:levels": "1",
        "roof:shape": "hipped",
        "website": "https://www.sn.schule.de/~msgoethe-pirna/"
      },
      "geometry": {
        "type": "Polygon",
        "coordinates": [
          [
            [
              13.9399414,
              50.9606636
            ],
            [
              13.9401001,
              50.9606423
            ],
            [
              13.9401511,
              50.9607926
            ],
            [
              13.9397494,
              50.9608486
            ],
            [
              13.9396481,
              50.9608085
            ],
            [
              13.939632,
              50.9608265
            ],
            [
              13.9394563,
              50.9607593
            ],
            [
              13.9394774,
              50.9607414
            ],
            [
              13.9393734,
              50.9607052
            ],
            [
              13.9393178,
              50.9603698
            ],
            [
              13.9395217,
              50.9603589
            ],
            [
              13.9395642,
              50.960355
            ],
            [
              13.93958,
              50.9604609
            ],
            [
              13.9394885,
              50.9604652
            ],
            [
              13.9395135,
              50.9606466
            ],
            [
              13.9395497,
              50.9606611
            ],
            [
              13.939605,
              50.9606049
            ],
            [
              13.9397868,
              50.9606746
            ],
            [
              13.9397326,
              50.9607314
            ],
            [
              13.9397776,
              50.9607485
            ],
            [
              13.9399609,
              50.9607238
            ],
            [
              13.9399414,
              50.9606636
            ]
          ]
        ]
      },
      "id": "way/28019755"
    },
    {
      "type": "Feature",
      "properties": {
        "@id": "way/28019759",
        "addr:city": "Pirna",
        "addr:housenumber": "3",
        "addr:postcode": "01796",
        "addr:street": "Nicolaistraße",
        "amenity": "school",
        "building": "school",
        "building:levels": "3",
        "check_date": "2024-09-14",
        "name": "Grundschule \"Am Friedenspark\"",
        "operator": "Stadt Pirna",
        "operator:type": "public",
        "roof:levels": "1",
        "wheelchair": "no"
      },
      "geometry": {
        "type": "Polygon",
        "coordinates": [
          [
            [
              13.9409679,
              50.9594474
            ],
            [
              13.9411032,
              50.9594343
            ],
            [
              13.9411018,
              50.9594259
            ],
            [
              13.9411155,
              50.959418
            ],
            [
              13.9411748,
              50.9594126
            ],
            [
              13.9411922,
              50.9594184
            ],
            [
              13.9411937,
              50.9594245
            ],
            [
              13.9413164,
              50.9594133
            ],
            [
              13.9412852,
              50.9592758
            ],
            [
              13.9412799,
              50.9592757
            ],
            [
              13.9412776,
              50.9592641
            ],
            [
              13.9413002,
              50.9592617
            ],
            [
              13.9413004,
              50.9592635
            ],
            [
              13.9414337,
              50.9592512
            ],
            [
              13.9414362,
              50.959262
            ],
            [
              13.9414318,
              50.959262
            ],
            [
              13.9414788,
              50.9594579
            ],
            [
              13.9414878,
              50.9594574
            ],
            [
              13.9414933,
              50.959453
            ],
            [
              13.9415067,
              50.9594593
            ],
            [
              13.9415023,
              50.9594627
            ],
            [
              13.941509,
              50.959496
            ],
            [
              13.9415143,
              50.9594986
            ],
            [
              13.9415044,
              50.9595074
            ],
            [
              13.9414994,
              50.9595049
            ],
            [
              13.9414922,
              50.9595056
            ],
            [
              13.9415016,
              50.9595581
            ],
            [
              13.9415062,
              50.9595577
            ],
            [
              13.9415075,
              50.9595705
            ],
            [
              13.9414904,
              50.9595719
            ],
            [
              13.9414899,
              50.9595691
            ],
            [
              13.9413695,
              50.9595804
            ],
            [
              13.9413698,
              50.9595834
            ],
            [
              13.9413527,
              50.9595848
            ],
            [
              13.941352,
              50.9595784
            ],
            [
              13.9412338,
              50.9595895
            ],
            [
              13.9412344,
              50.9595931
            ],
            [
              13.9412211,
              50.9595942
            ],
            [
              13.9412209,
              50.9595914
            ],
            [
              13.9411551,
              50.9595977
            ],
            [
              13.9411555,
              50.9596011
            ],
            [
              13.9411413,
              50.9596024
            ],
            [
              13.9411407,
              50.9595994
            ],
            [
              13.9410213,
              50.9596103
            ],
            [
              13.9410221,
              50.959616
            ],
            [
              13.941007,
              50.9596172
            ],
            [
              13.9410071,
              50.9596146
            ],
            [
              13.9408877,
              50.9596268
            ],
            [
              13.9408883,
              50.9596291
            ],
            [
              13.9408737,
              50.9596302
            ],
            [
              13.9408703,
              50.9596193
            ],
            [
              13.9408731,
              50.959619
            ],
            [
              13.9408624,
              50.9595685
            ],
            [
              13.9408483,
              50.9595694
            ],
            [
              13.9408459,
              50.9595711
            ],
            [
              13.9408329,
              50.9595645
            ],
            [
              13.9408367,
              50.9595615
            ],
            [
              13.9408296,
              50.9595303
            ],
            [
              13.9408232,
              50.959527
            ],
            [
              13.9408322,
              50.9595187
            ],
            [
              13.9408399,
              50.9595218
            ],
            [
              13.940851,
              50.9595199
            ],
            [
              13.9408174,
              50.9594434
            ],
            [
              13.9408137,
              50.959444
            ],
            [
              13.9408096,
              50.9594342
            ],
            [
              13.9408131,
              50.9594335
            ],
            [
              13.9407817,
              50.9593609
            ],
            [
              13.9407685,
              50.959363
            ],
            [
              13.9407626,
              50.9593496
            ],
            [
              13.9407686,
              50.9593486
            ],
            [
              13.9407232,
              50.9592456
            ],
            [
              13.9407182,
              50.9592463
            ],
            [
              13.9407136,
              50.9592355
            ],
            [
              13.9407322,
              50.9592324
            ],
            [
              13.9407332,
              50.9592351
            ],
            [
              13.94085,
              50.9592144
            ],
            [
              13.9408486,
              50.9592121
            ],
            [
              13.940869,
              50.9592084
            ],
            [
              13.940874,
              50.9592195
            ],
            [
              13.9408696,
              50.9592204
            ],
            [
              13.9409152,
              50.959325
            ],
            [
              13.9409191,
              50.9593243
            ],
            [
              13.9409227,
              50.9593336
            ],
            [
              13.9409198,
              50.959334
            ],
            [
              13.9409339,
              50.9593673
            ],
            [
              13.9409376,
              50.9593668
            ],
            [
              13.9409416,
              50.9593772
            ],
            [
              13.9409387,
              50.9593776
            ],
            [
              13.9409679,
              50.9594474
            ]
          ]
        ]
      },
      "id": "way/28019759"
    },
    {
      "type": "Feature",
      "properties": {
        "@id": "way/28308165",
        "addr:city": "Radeberg",
        "addr:country": "DE",
        "addr:housenumber": "27",
        "addr:postcode": "01454",
        "addr:street": "Ferdinand-Freiligrath-Straße",
        "amenity": "school",
        "name": "Schule zur Lernförderung Radeberg"
      },
      "geometry": {
        "type": "Polygon",
        "coordinates": [
          [
            [
              13.9083231,
              51.1060113
            ],
            [
              13.9096775,
              51.1056889
            ],
            [
              13.90987,
              51.1061397
            ],
            [
              13.9100335,
              51.1065238
            ],
            [
              13.9092214,
              51.1067705
            ],
            [
              13.909018,
              51.1065232
            ],
            [
              13.9086987,
              51.1065989
            ],
            [
              13.9083231,
              51.1060113
            ]
          ]
        ]
      },
      "id": "way/28308165"
    },
    {
      "type": "Feature",
      "properties": {
        "@id": "way/28475287",
        "amenity": "school",
        "name": "Pestalozzischule Radeberg"
      },
      "geometry": {
        "type": "Polygon",
        "coordinates": [
          [
            [
              13.9193484,
              51.1138721
            ],
            [
              13.9195986,
              51.1138285
            ],
            [
              13.9200175,
              51.1137501
            ],
            [
              13.9204203,
              51.1136804
            ],
            [
              13.9206159,
              51.1136272
            ],
            [
              13.9208506,
              51.114222
            ],
            [
              13.919886,
              51.1144338
            ],
            [
              13.9197717,
              51.1143548
            ],
            [
              13.9195151,
              51.1141585
            ],
            [
              13.9193484,
              51.1138721
            ]
          ]
        ]
      },
      "id": "way/28475287"
    },
    {
      "type": "Feature",
      "properties": {
        "@id": "way/29329546",
        "addr:city": "Pirna",
        "addr:country": "DE",
        "addr:housenumber": "22a",
        "addr:postcode": "01796",
        "addr:street": "Königsteiner Straße",
        "amenity": "school",
        "grades": "1-4",
        "name": "Gotthold-Ephraim-Lessing Grundschule",
        "website": "https://cms.sachsen.schule/index.php?id=17358"
      },
      "geometry": {
        "type": "Polygon",
        "coordinates": [
          [
            [
              13.932984,
              50.9580188
            ],
            [
              13.9329926,
              50.9580021
            ],
            [
              13.9332796,
              50.9574472
            ],
            [
              13.9332966,
              50.9574316
            ],
            [
              13.9333389,
              50.9574325
            ],
            [
              13.9336185,
              50.9574709
            ],
            [
              13.9338372,
              50.9575103
            ],
            [
              13.9340195,
              50.957552
            ],
            [
              13.9342019,
              50.9576044
            ],
            [
              13.9342683,
              50.9576103
            ],
            [
              13.9342874,
              50.9576186
            ],
            [
              13.9338621,
              50.9579426
            ],
            [
              13.933576,
              50.9581606
            ],
            [
              13.9333113,
              50.9580972
            ],
            [
              13.9330566,
              50.9580362
            ],
            [
              13.932984,
              50.9580188
            ]
          ]
        ]
      },
      "id": "way/29329546"
    },
    {
      "type": "Feature",
      "properties": {
        "@id": "way/29329556",
        "addr:city": "Pirna",
        "addr:country": "DE",
        "addr:housenumber": "13",
        "addr:postcode": "01796",
        "addr:street": "Siegfried-Rädel-Straße",
        "amenity": "school",
        "name": "Berufliches Schulzentrum \"Friedrich Siemens\" Pirna, Nebenstelle Wirtschaft",
        "phone": "+49 3501 470980",
        "website": "https://www.bszpirna.com/"
      },
      "geometry": {
        "type": "Polygon",
        "coordinates": [
          [
            [
              13.9341838,
              50.9579211
            ],
            [
              13.9341957,
              50.9580148
            ],
            [
              13.9340373,
              50.9593635
            ],
            [
              13.9337448,
              50.95941
            ],
            [
              13.9335692,
              50.9594032
            ],
            [
              13.9335586,
              50.9593948
            ],
            [
              13.9335096,
              50.959393
            ],
            [
              13.9330652,
              50.9593765
            ],
            [
              13.9330771,
              50.9593458
            ],
            [
              13.9330934,
              50.9593038
            ],
            [
              13.9331046,
              50.9592747
            ],
            [
              13.933151,
              50.9591552
            ],
            [
              13.9332252,
              50.9589635
            ],
            [
              13.933235,
              50.9589399
            ],
            [
              13.9332635,
              50.958871
            ],
            [
              13.9333462,
              50.9586711
            ],
            [
              13.9335412,
              50.9583953
            ],
            [
              13.9338895,
              50.9581048
            ],
            [
              13.9341838,
              50.9579211
            ]
          ]
        ]
      },
      "id": "way/29329556"
    },
    {
      "type": "Feature",
      "properties": {
        "@id": "way/30338543",
        "addr:housenumber": "1",
        "addr:street": "Altroßthal",
        "amenity": "school",
        "building": "school",
        "name": "Schloss Roßthal",
        "wikidata": "Q2243232",
        "wikipedia": "de:Schloss Roßthal"
      },
      "geometry": {
        "type": "Polygon",
        "coordinates": [
          [
            [
              13.6751505,
              51.0331543
            ],
            [
              13.6748992,
              51.0331057
            ],
            [
              13.6750319,
              51.0328343
            ],
            [
              13.6752832,
              51.0328829
            ],
            [
              13.6751505,
              51.0331543
            ]
          ]
        ]
      },
      "id": "way/30338543"
    },
    {
      "type": "Feature",
      "properties": {
        "@id": "way/30727679",
        "addr:city": "Dresden",
        "addr:country": "DE",
        "addr:housenumber": "141",
        "addr:postcode": "01169",
        "addr:street": "Leutewitzer Ring",
        "amenity": "school",
        "building": "school",
        "building:levels": "3",
        "building:levels:underground": "1",
        "name": "BSZ für Wirtschaft \"Franz Ludwig Gehe\"",
        "phone": "+49 351 32020110",
        "roof:shape": "flat",
        "website": "https://www.bsz-gehe-wirtschaft.de/"
      },
      "geometry": {
        "type": "Polygon",
        "coordinates": [
          [
            [
              13.6779659,
              51.0474381
            ],
            [
              13.6780786,
              51.0469915
            ],
            [
              13.6781047,
              51.0468864
            ],
            [
              13.6782172,
              51.0468973
            ],
            [
              13.6783637,
              51.0469119
            ],
            [
              13.678224,
              51.0474639
            ],
            [
              13.6780425,
              51.0474457
            ],
            [
              13.6779659,
              51.0474381
            ]
          ]
        ]
      },
      "id": "way/30727679"
    },
    {
      "type": "Feature",
      "properties": {
        "@id": "way/31045639",
        "amenity": "school",
        "check_date": "2024-07-24",
        "email": "kontakt@huelsse.lernsax.de",
        "name": "Julius-Ambrosius-Hülße-Gymnasium",
        "website": "https://huelsse-gym.de/",
        "wikidata": "Q1712427"
      },
      "geometry": {
        "type": "Polygon",
        "coordinates": [
          [
            [
              13.7906107,
              51.0129683
            ],
            [
              13.789024,
              51.0121541
            ],
            [
              13.7896695,
              51.01159
            ],
            [
              13.7903165,
              51.0111006
            ],
            [
              13.7904151,
              51.0110928
            ],
            [
              13.7922668,
              51.0121619
            ],
            [
              13.7922146,
              51.0121885
            ],
            [
              13.791997,
              51.0122995
            ],
            [
              13.7916852,
              51.0124586
            ],
            [
              13.7906862,
              51.0129683
            ],
            [
              13.7906107,
              51.0129683
            ]
          ]
        ]
      },
      "id": "way/31045639"
    },
    {
      "type": "Feature",
      "properties": {
        "@id": "way/32526225",
        "addr:city": "Dresden",
        "addr:country": "DE",
        "addr:housenumber": "8",
        "addr:postcode": "01187",
        "addr:street": "Schleiermacherstraße",
        "amenity": "school",
        "name": "39. Grundschule „Fritz Schulze“",
        "operator": "Landeshauptstadt Dresden Schulverwaltungsamt",
        "website": "https://cms.sachsen.schule/gs39dd",
        "wheelchair": "no"
      },
      "geometry": {
        "type": "Polygon",
        "coordinates": [
          [
            [
              13.7038521,
              51.028626
            ],
            [
              13.7037273,
              51.0286288
            ],
            [
              13.7037263,
              51.0285993
            ],
            [
              13.7035993,
              51.0286004
            ],
            [
              13.7025232,
              51.02861
            ],
            [
              13.7018913,
              51.0277996
            ],
            [
              13.7036012,
              51.0277688
            ],
            [
              13.7038498,
              51.0277982
            ],
            [
              13.7038475,
              51.0278089
            ],
            [
              13.7038182,
              51.0279939
            ],
            [
              13.703789,
              51.0281971
            ],
            [
              13.7038141,
              51.0282161
            ],
            [
              13.7038277,
              51.0282258
            ],
            [
              13.7038988,
              51.0282727
            ],
            [
              13.7038727,
              51.0284693
            ],
            [
              13.7038521,
              51.028626
            ]
          ]
        ]
      },
      "id": "way/32526225"
    },
    {
      "type": "Feature",
      "properties": {
        "@id": "way/32599454",
        "amenity": "school",
        "website": "http://www.81gs-dresden.de/",
        "wikidata": "Q116188052"
      },
      "geometry": {
        "type": "Polygon",
        "coordinates": [
          [
            [
              13.6881715,
              51.0242285
            ],
            [
              13.6883572,
              51.0238577
            ],
            [
              13.6885519,
              51.0237499
            ],
            [
              13.6887872,
              51.0235086
            ],
            [
              13.6889417,
              51.0233898
            ],
            [
              13.6893271,
              51.0233812
            ],
            [
              13.6895829,
              51.02339
            ],
            [
              13.689356,
              51.0237373
            ],
            [
              13.6899193,
              51.0238443
            ],
            [
              13.689871,
              51.0239447
            ],
            [
              13.6895762,
              51.0245453
            ],
            [
              13.6893808,
              51.0245071
            ],
            [
              13.6888922,
              51.0244115
            ],
            [
              13.6887806,
              51.0243897
            ],
            [
              13.6888029,
              51.0243291
            ],
            [
              13.6881715,
              51.0242285
            ]
          ]
        ]
      },
      "id": "way/32599454"
    },
    {
      "type": "Feature",
      "properties": {
        "@id": "way/32599722",
        "addr:city": "Dresden",
        "addr:country": "DE",
        "addr:housenumber": "2",
        "addr:postcode": "01187",
        "addr:street": "Kantstraße",
        "amenity": "school",
        "name": "Gymnasium Dresden-Plauen",
        "operator": "okooopooo",
        "phone": "+49 351 879020",
        "website": "https://www.gymnasium-dresden-plauen.de/",
        "wheelchair": "no",
        "wikidata": "Q1558099",
        "wikipedia": "de:Gymnasium Dresden-Plauen"
      },
      "geometry": {
        "type": "Polygon",
        "coordinates": [
          [
            [
              13.7057773,
              51.0273067
            ],
            [
              13.7057265,
              51.0273368
            ],
            [
              13.7042678,
              51.0273925
            ],
            [
              13.7042609,
              51.0272193
            ],
            [
              13.704174,
              51.0272231
            ],
            [
              13.7041137,
              51.0272258
            ],
            [
              13.7040419,
              51.0264439
            ],
            [
              13.7040386,
              51.0264079
            ],
            [
              13.7040336,
              51.0263541
            ],
            [
              13.7040044,
              51.0261002
            ],
            [
              13.7040317,
              51.0260983
            ],
            [
              13.7039998,
              51.0260307
            ],
            [
              13.7039871,
              51.0259492
            ],
            [
              13.7037351,
              51.0255638
            ],
            [
              13.7038428,
              51.0255418
            ],
            [
              13.7046067,
              51.025386
            ],
            [
              13.7050803,
              51.0252887
            ],
            [
              13.7051029,
              51.0252966
            ],
            [
              13.7051609,
              51.0253168
            ],
            [
              13.7052243,
              51.0253388
            ],
            [
              13.7053572,
              51.0253852
            ],
            [
              13.7056098,
              51.0255676
            ],
            [
              13.7056842,
              51.0257711
            ],
            [
              13.705715,
              51.0261548
            ],
            [
              13.7057187,
              51.0263662
            ],
            [
              13.7057201,
              51.0263912
            ],
            [
              13.7057215,
              51.0264152
            ],
            [
              13.7057297,
              51.0265595
            ],
            [
              13.7057331,
              51.0266191
            ],
            [
              13.7057392,
              51.0267266
            ],
            [
              13.7057426,
              51.0267792
            ],
            [
              13.7057441,
              51.0268047
            ],
            [
              13.7057773,
              51.0273067
            ]
          ]
        ]
      },
      "id": "way/32599722"
    },
    {
      "type": "Feature",
      "properties": {
        "@id": "way/33043213",
        "addr:city": "Dresden",
        "addr:country": "DE",
        "addr:housenumber": "12",
        "addr:postcode": "01127",
        "addr:street": "Konkordienstraße",
        "amenity": "school",
        "building": "school",
        "building:levels": "3",
        "building:levels:underground": "1",
        "name": "8. Grundschule",
        "roof:levels": "1",
        "roof:shape": "hipped"
      },
      "geometry": {
        "type": "Polygon",
        "coordinates": [
          [
            [
              13.7274041,
              51.0757204
            ],
            [
              13.727337,
              51.0756224
            ],
            [
              13.7274219,
              51.0756083
            ],
            [
              13.7273995,
              51.0755496
            ],
            [
              13.7279164,
              51.0754723
            ],
            [
              13.727974,
              51.0756401
            ],
            [
              13.7274041,
              51.0757204
            ]
          ]
        ]
      },
      "id": "way/33043213"
    },
    {
      "type": "Feature",
      "properties": {
        "@id": "way/33716237",
        "addr:city": "Dresden",
        "addr:country": "DE",
        "addr:housenumber": "6",
        "addr:postcode": "01109",
        "addr:street": "Korolenkostraße",
        "amenity": "school",
        "check_date": "2024-08-01",
        "grades": "1-10",
        "name": "82. Oberschule \"Am Flughafen\"",
        "website": "https://cms.sachsen.schule/os82dd"
      },
      "geometry": {
        "type": "Polygon",
        "coordinates": [
          [
            [
              13.7784008,
              51.1147834
            ],
            [
              13.7785435,
              51.1138357
            ],
            [
              13.7785813,
              51.1135478
            ],
            [
              13.7786603,
              51.113555
            ],
            [
              13.7796995,
              51.1140376
            ],
            [
              13.7800507,
              51.1142055
            ],
            [
              13.7807932,
              51.1145181
            ],
            [
              13.7807216,
              51.1145793
            ],
            [
              13.7807035,
              51.1145973
            ],
            [
              13.7806498,
              51.1146504
            ],
            [
              13.7805767,
              51.1147115
            ],
            [
              13.780463,
              51.1147549
            ],
            [
              13.7797066,
              51.1144429
            ],
            [
              13.7793776,
              51.1143977
            ],
            [
              13.7792954,
              51.1148143
            ],
            [
              13.7784008,
              51.1147834
            ]
          ]
        ]
      },
      "id": "way/33716237"
    },
    {
      "type": "Feature",
      "properties": {
        "@id": "way/33761863",
        "addr:city": "Radeberg",
        "addr:housenumber": "31",
        "addr:postcode": "01454",
        "addr:street": "Alte Hauptstraße",
        "addr:suburb": "Großerkmannsdorf",
        "amenity": "school",
        "building": "yes",
        "name": "Freie Evangelische Grundschule Radeberger Land",
        "old_name": "Grundschule Ullersdorf Außenstelle GE"
      },
      "geometry": {
        "type": "Polygon",
        "coordinates": [
          [
            [
              13.9240631,
              51.0873864
            ],
            [
              13.9244517,
              51.0872308
            ],
            [
              13.9245453,
              51.087323
            ],
            [
              13.9245582,
              51.0873179
            ],
            [
              13.924609,
              51.087368
            ],
            [
              13.9244662,
              51.0874252
            ],
            [
              13.9245609,
              51.0875186
            ],
            [
              13.9244166,
              51.0875763
            ],
            [
              13.9243055,
              51.0874668
            ],
            [
              13.9241911,
              51.0875126
            ],
            [
              13.9240631,
              51.0873864
            ]
          ]
        ]
      },
      "id": "way/33761863"
    },
    {
      "type": "Feature",
      "properties": {
        "@id": "way/35540310",
        "addr:city": "Dresden",
        "addr:country": "DE",
        "addr:housenumber": "130/132",
        "addr:postcode": "01129",
        "addr:street": "Großenhainer Straße",
        "amenity": "school",
        "building": "school",
        "building:levels": "3",
        "contact:email": "dresden@asg-sachsen.de",
        "contact:fax": "+49 351 85008809",
        "contact:phone": "+49 351 85008 800",
        "contact:website": "https://www.asg-bildungszentrum-dresden.de/",
        "name": "ASG - Anerkannte Schulgesellschaft Sachsen",
        "roof:shape": "flat"
      },
      "geometry": {
        "type": "Polygon",
        "coordinates": [
          [
            [
              13.7265506,
              51.0877516
            ],
            [
              13.7264249,
              51.0875674
            ],
            [
              13.7264437,
              51.0875624
            ],
            [
              13.7261587,
              51.0871451
            ],
            [
              13.7263511,
              51.0870915
            ],
            [
              13.7264039,
              51.0871707
            ],
            [
              13.7264364,
              51.0871625
            ],
            [
              13.7264509,
              51.0871866
            ],
            [
              13.7264215,
              51.0871941
            ],
            [
              13.7266425,
              51.0875103
            ],
            [
              13.7266189,
              51.087518
            ],
            [
              13.7267441,
              51.0876998
            ],
            [
              13.7266856,
              51.0877155
            ],
            [
              13.726702,
              51.0877396
            ],
            [
              13.7266474,
              51.0877543
            ],
            [
              13.7266308,
              51.08773
            ],
            [
              13.7265506,
              51.0877516
            ]
          ]
        ]
      },
      "id": "way/35540310"
    },
    {
      "type": "Feature",
      "properties": {
        "@id": "way/35745394",
        "amenity": "school",
        "building": "school",
        "name": "88. Oberschule Dresden"
      },
      "geometry": {
        "type": "Polygon",
        "coordinates": [
          [
            [
              13.865099,
              51.016196
            ],
            [
              13.8647061,
              51.0164338
            ],
            [
              13.8646114,
              51.0163719
            ],
            [
              13.8649746,
              51.0161521
            ],
            [
              13.8650165,
              51.0161267
            ],
            [
              13.8651051,
              51.0160731
            ],
            [
              13.8651993,
              51.0161347
            ],
            [
              13.8651779,
              51.0161476
            ],
            [
              13.8652197,
              51.0161749
            ],
            [
              13.8653941,
              51.0160694
            ],
            [
              13.865491,
              51.0161327
            ],
            [
              13.8652029,
              51.0163071
            ],
            [
              13.8651063,
              51.0162439
            ],
            [
              13.8651406,
              51.0162232
            ],
            [
              13.865099,
              51.016196
            ]
          ]
        ]
      },
      "id": "way/35745394"
    },
    {
      "type": "Feature",
      "properties": {
        "@id": "way/35745395",
        "amenity": "school",
        "building": "school"
      },
      "geometry": {
        "type": "Polygon",
        "coordinates": [
          [
            [
              13.8649724,
              51.0160979
            ],
            [
              13.8649305,
              51.0161232
            ],
            [
              13.864922,
              51.0161284
            ],
            [
              13.8646174,
              51.0159292
            ],
            [
              13.8647557,
              51.0158455
            ],
            [
              13.8650603,
              51.0160447
            ],
            [
              13.8649724,
              51.0160979
            ]
          ]
        ]
      },
      "id": "way/35745395"
    },
    {
      "type": "Feature",
      "properties": {
        "@id": "way/38538186",
        "amenity": "school",
        "isced:level": "1",
        "name": "49. Grundschule „Bernhard August von Lindenau“"
      },
      "geometry": {
        "type": "Polygon",
        "coordinates": [
          [
            [
              13.7156083,
              51.0298995
            ],
            [
              13.7153568,
              51.0296709
            ],
            [
              13.7144607,
              51.0300735
            ],
            [
              13.7140013,
              51.0302735
            ],
            [
              13.713426,
              51.0297495
            ],
            [
              13.7143143,
              51.0293365
            ],
            [
              13.7141169,
              51.029155
            ],
            [
              13.714996,
              51.0287602
            ],
            [
              13.7156474,
              51.0293406
            ],
            [
              13.7160465,
              51.0297043
            ],
            [
              13.7156083,
              51.0298995
            ]
          ]
        ]
      },
      "id": "way/38538186"
    },
    {
      "type": "Feature",
      "properties": {
        "@id": "way/39129050",
        "amenity": "school",
        "building": "yes",
        "wheelchair": "yes"
      },
      "geometry": {
        "type": "Polygon",
        "coordinates": [
          [
            [
              13.7240998,
              51.0995723
            ],
            [
              13.7241081,
              51.0995515
            ],
            [
              13.7241011,
              51.0995504
            ],
            [
              13.7241353,
              51.0994637
            ],
            [
              13.7241648,
              51.0994683
            ],
            [
              13.7241909,
              51.0994021
            ],
            [
              13.7241519,
              51.099396
            ],
            [
              13.7239762,
              51.0992066
            ],
            [
              13.7241825,
              51.0991311
            ],
            [
              13.724288,
              51.0992449
            ],
            [
              13.7242305,
              51.0992659
            ],
            [
              13.7242798,
              51.0993191
            ],
            [
              13.7243628,
              51.0992888
            ],
            [
              13.7243281,
              51.0992514
            ],
            [
              13.724466,
              51.099201
            ],
            [
              13.7244482,
              51.0991817
            ],
            [
              13.7246945,
              51.0990916
            ],
            [
              13.7248327,
              51.0992405
            ],
            [
              13.7243279,
              51.0994251
            ],
            [
              13.7243742,
              51.0994756
            ],
            [
              13.7244251,
              51.0994578
            ],
            [
              13.7244258,
              51.0994432
            ],
            [
              13.7244987,
              51.0994447
            ],
            [
              13.72449,
              51.0996085
            ],
            [
              13.7245057,
              51.0996119
            ],
            [
              13.7245155,
              51.0996224
            ],
            [
              13.7246323,
              51.0996179
            ],
            [
              13.7247482,
              51.0996077
            ],
            [
              13.7248565,
              51.0995929
            ],
            [
              13.7249628,
              51.0995732
            ],
            [
              13.7249862,
              51.0995516
            ],
            [
              13.7251248,
              51.0995599
            ],
            [
              13.7251254,
              51.099574
            ],
            [
              13.7251297,
              51.0995879
            ],
            [
              13.7251375,
              51.0996012
            ],
            [
              13.7251488,
              51.0996135
            ],
            [
              13.7251631,
              51.0996244
            ],
            [
              13.7251801,
              51.0996338
            ],
            [
              13.7251993,
              51.0996412
            ],
            [
              13.7252201,
              51.0996466
            ],
            [
              13.7252421,
              51.0996497
            ],
            [
              13.7252647,
              51.0996505
            ],
            [
              13.7252871,
              51.099649
            ],
            [
              13.7252906,
              51.0997413
            ],
            [
              13.7252987,
              51.0999576
            ],
            [
              13.7252932,
              51.0999972
            ],
            [
              13.725083,
              51.0999863
            ],
            [
              13.725082,
              51.1000028
            ],
            [
              13.7250573,
              51.1000079
            ],
            [
              13.7250228,
              51.0999831
            ],
            [
              13.7243385,
              51.0999473
            ],
            [
              13.7242973,
              51.0999677
            ],
            [
              13.7242759,
              51.0999614
            ],
            [
              13.7242834,
              51.0999043
            ],
            [
              13.7241275,
              51.0998961
            ],
            [
              13.7241328,
              51.0998566
            ],
            [
              13.7241494,
              51.0998574
            ],
            [
              13.724152,
              51.0998378
            ],
            [
              13.724293,
              51.0998452
            ],
            [
              13.72435,
              51.0998482
            ],
            [
              13.7250357,
              51.099884
            ],
            [
              13.7250497,
              51.0997785
            ],
            [
              13.7250464,
              51.0997784
            ],
            [
              13.7250399,
              51.0997775
            ],
            [
              13.7250337,
              51.0997759
            ],
            [
              13.7250281,
              51.0997737
            ],
            [
              13.7250231,
              51.099771
            ],
            [
              13.7250188,
              51.0997677
            ],
            [
              13.7250155,
              51.0997641
            ],
            [
              13.7250132,
              51.0997602
            ],
            [
              13.725012,
              51.0997561
            ],
            [
              13.7250118,
              51.099752
            ],
            [
              13.7250127,
              51.0997478
            ],
            [
              13.7250147,
              51.0997438
            ],
            [
              13.7250177,
              51.0997401
            ],
            [
              13.7250217,
              51.0997368
            ],
            [
              13.7250264,
              51.0997339
            ],
            [
              13.7250319,
              51.0997315
            ],
            [
              13.7250379,
              51.0997297
            ],
            [
              13.7250443,
              51.0997286
            ],
            [
              13.7250509,
              51.0997281
            ],
            [
              13.7250544,
              51.0997284
            ],
            [
              13.7250198,
              51.0996622
            ],
            [
              13.7243647,
              51.0997381
            ],
            [
              13.7243076,
              51.0997351
            ],
            [
              13.7236007,
              51.0995728
            ],
            [
              13.7235778,
              51.0996124
            ],
            [
              13.7236158,
              51.0996211
            ],
            [
              13.7235559,
              51.0997247
            ],
            [
              13.7237539,
              51.0997698
            ],
            [
              13.723752,
              51.0997554
            ],
            [
              13.7239252,
              51.0997467
            ],
            [
              13.7239334,
              51.0998107
            ],
            [
              13.7239744,
              51.0998113
            ],
            [
              13.7239743,
              51.0998165
            ],
            [
              13.7239614,
              51.0998163
            ],
            [
              13.7239612,
              51.0998329
            ],
            [
              13.7239898,
              51.0998338
            ],
            [
              13.7239891,
              51.0998486
            ],
            [
              13.7239331,
              51.0998499
            ],
            [
              13.7239047,
              51.0998815
            ],
            [
              13.7238738,
              51.0999349
            ],
            [
              13.7234728,
              51.0998435
            ],
            [
              13.7234509,
              51.09986
            ],
            [
              13.7234616,
              51.099866
            ],
            [
              13.7234566,
              51.0998695
            ],
            [
              13.7234521,
              51.099866
            ],
            [
              13.7234366,
              51.0998575
            ],
            [
              13.723419,
              51.0998507
            ],
            [
              13.7234,
              51.0998458
            ],
            [
              13.7233799,
              51.099843
            ],
            [
              13.7233593,
              51.0998423
            ],
            [
              13.7233388,
              51.0998437
            ],
            [
              13.723319,
              51.0998472
            ],
            [
              13.7233003,
              51.0998526
            ],
            [
              13.7232966,
              51.0998543
            ],
            [
              13.7232933,
              51.0998505
            ],
            [
              13.7233022,
              51.0998474
            ],
            [
              13.7232981,
              51.0998334
            ],
            [
              13.7230893,
              51.0998574
            ],
            [
              13.7230698,
              51.0997904
            ],
            [
              13.7233401,
              51.0997595
            ],
            [
              13.7233486,
              51.0997448
            ],
            [
              13.7233215,
              51.0997386
            ],
            [
              13.7233933,
              51.0996144
            ],
            [
              13.7234013,
              51.0996162
            ],
            [
              13.723427,
              51.0995718
            ],
            [
              13.7234233,
              51.0995713
            ],
            [
              13.7234138,
              51.0995688
            ],
            [
              13.723405,
              51.0995654
            ],
            [
              13.7233973,
              51.0995612
            ],
            [
              13.7233908,
              51.0995562
            ],
            [
              13.7233857,
              51.0995506
            ],
            [
              13.7233821,
              51.0995446
            ],
            [
              13.7233801,
              51.0995382
            ],
            [
              13.7233799,
              51.0995318
            ],
            [
              13.7233813,
              51.0995254
            ],
            [
              13.7233844,
              51.0995192
            ],
            [
              13.723389,
              51.0995135
            ],
            [
              13.7233951,
              51.0995083
            ],
            [
              13.7234025,
              51.0995038
            ],
            [
              13.723411,
              51.0995001
            ],
            [
              13.7234203,
              51.0994974
            ],
            [
              13.7234302,
              51.0994957
            ],
            [
              13.7234404,
              51.099495
            ],
            [
              13.723443,
              51.0994951
            ],
            [
              13.723441,
              51.0994802
            ],
            [
              13.723434,
              51.0994806
            ],
            [
              13.723416,
              51.0993474
            ],
            [
              13.7234308,
              51.0993466
            ],
            [
              13.7234218,
              51.0992797
            ],
            [
              13.7233768,
              51.0992821
            ],
            [
              13.7233767,
              51.0992819
            ],
            [
              13.7233766,
              51.0992821
            ],
            [
              13.7227238,
              51.0989365
            ],
            [
              13.7229006,
              51.0988048
            ],
            [
              13.7232153,
              51.0989714
            ],
            [
              13.7231943,
              51.0989871
            ],
            [
              13.7234289,
              51.0991113
            ],
            [
              13.7233849,
              51.0991441
            ],
            [
              13.7234567,
              51.0991822
            ],
            [
              13.7235183,
              51.0991364
            ],
            [
              13.7234679,
              51.0991097
            ],
            [
              13.7235074,
              51.0990803
            ],
            [
              13.7234808,
              51.0990662
            ],
            [
              13.7236424,
              51.0989458
            ],
            [
              13.7238523,
              51.0990569
            ],
            [
              13.723564,
              51.0992717
            ],
            [
              13.7235674,
              51.0992973
            ],
            [
              13.7235895,
              51.0992961
            ],
            [
              13.7236129,
              51.0994704
            ],
            [
              13.7236056,
              51.0994708
            ],
            [
              13.7236105,
              51.0995073
            ],
            [
              13.723672,
              51.0995287
            ],
            [
              13.7237203,
              51.0994739
            ],
            [
              13.7238235,
              51.0995086
            ],
            [
              13.7239306,
              51.0995381
            ],
            [
              13.7240352,
              51.0995613
            ],
            [
              13.7240998,
              51.0995723
            ]
          ]
        ]
      },
      "id": "way/39129050"
    },
    {
      "type": "Feature",
      "properties": {
        "@id": "way/43839618",
        "addr:city": "Dresden",
        "addr:housenumber": "1",
        "addr:postcode": "01069",
        "addr:street": "Güntzstraße",
        "amenity": "school",
        "contact:phone": "+49 351 44450",
        "contact:website": "https://www.afbb.de/de/dresden.html",
        "description": "Es werden wohl noch mehr Grasflächen und Bäume nördlich des Gebäudes erhalten bleiben - die Sonnenuhr und die in Stein eingefassten Beete werden verschwinden bzw. sind es schon (10.03.2016)",
        "name": "Campus Akademie für Berufliche Bildung",
        "operator": "AFBB - Akademie für berufliche Bildung gGmbH",
        "source": "Recherche vor Ort"
      },
      "geometry": {
        "type": "Polygon",
        "coordinates": [
          [
            [
              13.7544656,
              51.0476397
            ],
            [
              13.7543994,
              51.0476271
            ],
            [
              13.7541635,
              51.0471713
            ],
            [
              13.7540212,
              51.04686
            ],
            [
              13.753997,
              51.0468131
            ],
            [
              13.7539579,
              51.0467286
            ],
            [
              13.7542636,
              51.0466829
            ],
            [
              13.7542136,
              51.0465533
            ],
            [
              13.7547333,
              51.0464531
            ],
            [
              13.7548846,
              51.0464707
            ],
            [
              13.7549878,
              51.0466101
            ],
            [
              13.7549184,
              51.046635
            ],
            [
              13.7553416,
              51.0472824
            ],
            [
              13.7549862,
              51.0474313
            ],
            [
              13.7545818,
              51.0475932
            ],
            [
              13.7544656,
              51.0476397
            ]
          ]
        ]
      },
      "id": "way/43839618"
    },
    {
      "type": "Feature",
      "properties": {
        "@id": "way/46849440",
        "amenity": "school",
        "check_date": "2024-06-14",
        "name": "Schule am Rosengarten"
      },
      "geometry": {
        "type": "Polygon",
        "coordinates": [
          [
            [
              13.7597391,
              51.0613781
            ],
            [
              13.7603806,
              51.0616497
            ],
            [
              13.7603192,
              51.061707
            ],
            [
              13.7602359,
              51.0616717
            ],
            [
              13.7601197,
              51.0617801
            ],
            [
              13.7602463,
              51.0618337
            ],
            [
              13.7601849,
              51.061891
            ],
            [
              13.7597583,
              51.0617103
            ],
            [
              13.7597441,
              51.0617235
            ],
            [
              13.7596575,
              51.0616869
            ],
            [
              13.7596711,
              51.0616742
            ],
            [
              13.7594579,
              51.0615839
            ],
            [
              13.75952,
              51.0615259
            ],
            [
              13.7596464,
              51.0615795
            ],
            [
              13.7597628,
              51.061471
            ],
            [
              13.759678,
              51.0614351
            ],
            [
              13.7597391,
              51.0613781
            ]
          ]
        ]
      },
      "id": "way/46849440"
    },
    {
      "type": "Feature",
      "properties": {
        "@id": "way/47436955",
        "amenity": "school",
        "name": "32. Grundschule \"Sieben Schwaben\"",
        "old_name": "32. Oberschule \"Sieben Schwaben\"",
        "operator": "Landeshauptstadt Dresden",
        "operator:type": "public",
        "website": "https://siebenschwaben.edupage.org/",
        "wikidata": "Q131555148"
      },
      "geometry": {
        "type": "Polygon",
        "coordinates": [
          [
            [
              13.8129573,
              51.0419363
            ],
            [
              13.8132637,
              51.0421757
            ],
            [
              13.8133851,
              51.0422705
            ],
            [
              13.813081,
              51.0423901
            ],
            [
              13.8138418,
              51.0431282
            ],
            [
              13.8132813,
              51.0433841
            ],
            [
              13.8127877,
              51.0429549
            ],
            [
              13.8122759,
              51.0424954
            ],
            [
              13.8122607,
              51.0424814
            ],
            [
              13.8121696,
              51.0423974
            ],
            [
              13.812219,
              51.0423716
            ],
            [
              13.8126375,
              51.0421646
            ],
            [
              13.8127132,
              51.0421359
            ],
            [
              13.8126536,
              51.0420955
            ],
            [
              13.8127149,
              51.0420597
            ],
            [
              13.8129352,
              51.0419336
            ],
            [
              13.8129573,
              51.0419363
            ]
          ]
        ]
      },
      "id": "way/47436955"
    },
    {
      "type": "Feature",
      "properties": {
        "@id": "way/53379461",
        "addr:city": "Dresden",
        "addr:housenumber": "5",
        "addr:postcode": "01259",
        "addr:street": "Zschierener Straße",
        "amenity": "school",
        "building": "school",
        "contact:email": "65.gsdresden@gmx.de",
        "contact:fax": "+49 351 2027365",
        "contact:phone": "+49 351 2013250",
        "contact:website": "https://www.65gsdresden.de/",
        "isced:level": "1",
        "name": "65. Grundschule „Am Waldpark“",
        "roof:material": "tile",
        "website": "https://www.65gsdresden.de/"
      },
      "geometry": {
        "type": "Polygon",
        "coordinates": [
          [
            [
              13.8496491,
              51.0072211
            ],
            [
              13.8499245,
              51.0072164
            ],
            [
              13.8502095,
              51.0072115
            ],
            [
              13.8502186,
              51.0074206
            ],
            [
              13.8501021,
              51.0074226
            ],
            [
              13.8500976,
              51.0073203
            ],
            [
              13.8500193,
              51.0073216
            ],
            [
              13.8500215,
              51.0073719
            ],
            [
              13.8498446,
              51.007375
            ],
            [
              13.8498424,
              51.0073233
            ],
            [
              13.8496537,
              51.0073266
            ],
            [
              13.8496491,
              51.0072211
            ]
          ]
        ]
      },
      "id": "way/53379461"
    },
    {
      "type": "Feature",
      "properties": {
        "@id": "way/53379462",
        "addr:city": "Dresden",
        "addr:country": "DE",
        "addr:housenumber": "5",
        "addr:postcode": "01259",
        "addr:street": "Zschierener Straße",
        "amenity": "school",
        "building": "school",
        "building:levels": "3",
        "building:levels:underground": "1",
        "contact:fax": "+49 351 2027365",
        "contact:phone": "+49 351 2013250",
        "contact:website": "https://www.65gsdresden.de",
        "isced:level": "1",
        "name": "65. Grundschule \"Am Waldpark\"",
        "roof:shape": "flat"
      },
      "geometry": {
        "type": "Polygon",
        "coordinates": [
          [
            [
              13.8485253,
              51.0074551
            ],
            [
              13.8485213,
              51.0073935
            ],
            [
              13.8485204,
              51.0073754
            ],
            [
              13.8485196,
              51.0073574
            ],
            [
              13.848518,
              51.0072898
            ],
            [
              13.8488096,
              51.0072847
            ],
            [
              13.8488501,
              51.007284
            ],
            [
              13.8488921,
              51.0072833
            ],
            [
              13.8489826,
              51.0072817
            ],
            [
              13.8489853,
              51.0073425
            ],
            [
              13.84899,
              51.007447
            ],
            [
              13.8488667,
              51.0074491
            ],
            [
              13.8485253,
              51.0074551
            ]
          ]
        ]
      },
      "id": "way/53379462"
    },
    {
      "type": "Feature",
      "properties": {
        "@id": "way/55892770",
        "amenity": "school",
        "name": "Berufsbildungs- und Technologiezentrum (BTZ) Pirna",
        "operator": "Handwerkskammer Dresden - Berufsbildungs- und Technologiezentrum Pirna",
        "website": "https://www.hwk-dresden.de/"
      },
      "geometry": {
        "type": "Polygon",
        "coordinates": [
          [
            [
              13.9205171,
              50.9568887
            ],
            [
              13.9205428,
              50.9568019
            ],
            [
              13.9205537,
              50.9567649
            ],
            [
              13.9205905,
              50.9567666
            ],
            [
              13.9206769,
              50.9565015
            ],
            [
              13.9208023,
              50.9562186
            ],
            [
              13.9209074,
              50.956079
            ],
            [
              13.9215403,
              50.9562446
            ],
            [
              13.9216287,
              50.9562889
            ],
            [
              13.9215574,
              50.9568062
            ],
            [
              13.9215155,
              50.957321
            ],
            [
              13.9210604,
              50.9572973
            ],
            [
              13.9211299,
              50.9569223
            ],
            [
              13.9209225,
              50.9569127
            ],
            [
              13.9205171,
              50.9568887
            ]
          ]
        ]
      },
      "id": "way/55892770"
    },
    {
      "type": "Feature",
      "properties": {
        "@id": "way/59472934",
        "addr:city": "Dresden",
        "addr:housenumber": "10",
        "addr:postcode": "01279",
        "addr:street": "Salbachstraße",
        "amenity": "school",
        "contact:fax": "+49 351 2176743",
        "contact:phone": "+49 351 2516779",
        "contact:website": "https://44gs.edupage.org/",
        "name": "44. Grundschule Dresden",
        "operator": "Stadt Dresden",
        "operator:type": "public",
        "website": "https://44gs.edupage.org/",
        "wheelchair": "no",
        "wikidata": "Q131286734"
      },
      "geometry": {
        "type": "Polygon",
        "coordinates": [
          [
            [
              13.8213996,
              51.0330056
            ],
            [
              13.8214961,
              51.0329418
            ],
            [
              13.8225636,
              51.0322355
            ],
            [
              13.8225767,
              51.0322424
            ],
            [
              13.8225967,
              51.0322532
            ],
            [
              13.8227262,
              51.0321702
            ],
            [
              13.8227515,
              51.0321732
            ],
            [
              13.8229289,
              51.0324612
            ],
            [
              13.8229523,
              51.0324988
            ],
            [
              13.8230241,
              51.0326132
            ],
            [
              13.8229576,
              51.0326288
            ],
            [
              13.8228788,
              51.0326797
            ],
            [
              13.8228606,
              51.0326914
            ],
            [
              13.8225922,
              51.0329123
            ],
            [
              13.8220783,
              51.0333351
            ],
            [
              13.8213996,
              51.0330056
            ]
          ]
        ]
      },
      "id": "way/59472934"
    },
    {
      "type": "Feature",
      "properties": {
        "@id": "way/60066072",
        "amenity": "school",
        "name": "91. Grundschule „Am Sand“",
        "old_name": "Sandschule",
        "polling_station": "yes"
      },
      "geometry": {
        "type": "Polygon",
        "coordinates": [
          [
            [
              13.8543262,
              51.000791
            ],
            [
              13.8542753,
              51.0007608
            ],
            [
              13.8544165,
              51.0005196
            ],
            [
              13.8544256,
              51.0003494
            ],
            [
              13.8544032,
              51.0002073
            ],
            [
              13.8543332,
              51.0001404
            ],
            [
              13.8542663,
              51.0000723
            ],
            [
              13.8540941,
              50.9998964
            ],
            [
              13.8549101,
              50.9995854
            ],
            [
              13.8551558,
              50.9998911
            ],
            [
              13.8553393,
              51.0002269
            ],
            [
              13.855489,
              51.0006285
            ],
            [
              13.8543262,
              51.000791
            ]
          ]
        ]
      },
      "id": "way/60066072"
    },
    {
      "type": "Feature",
      "properties": {
        "@id": "way/60760296",
        "addr:city": "Pirna",
        "addr:country": "DE",
        "addr:housenumber": "30",
        "addr:postcode": "01796",
        "addr:street": "Schloßpark",
        "amenity": "school",
        "building": "yes",
        "check_date": "2024-08-21",
        "name": "Bildungswerk der Sächsischen Wirtschaft e.V. - Fortbildungszentrum"
      },
      "geometry": {
        "type": "Polygon",
        "coordinates": [
          [
            [
              13.9509446,
              50.9586726
            ],
            [
              13.9507377,
              50.9587458
            ],
            [
              13.9506801,
              50.9586813
            ],
            [
              13.9506888,
              50.9586782
            ],
            [
              13.9505896,
              50.958567
            ],
            [
              13.9505648,
              50.9585757
            ],
            [
              13.950535,
              50.9585726
            ],
            [
              13.95052,
              50.9585568
            ],
            [
              13.9504825,
              50.9585708
            ],
            [
              13.9504534,
              50.9585379
            ],
            [
              13.950491,
              50.9585245
            ],
            [
              13.9504783,
              50.9585095
            ],
            [
              13.9504886,
              50.9584904
            ],
            [
              13.9505124,
              50.958482
            ],
            [
              13.9504009,
              50.958357
            ],
            [
              13.950589,
              50.9582904
            ],
            [
              13.9507105,
              50.9584266
            ],
            [
              13.9507228,
              50.9584297
            ],
            [
              13.9507648,
              50.9584754
            ],
            [
              13.9507625,
              50.9584849
            ],
            [
              13.9508753,
              50.9586113
            ],
            [
              13.9508864,
              50.9586074
            ],
            [
              13.9509446,
              50.9586726
            ]
          ]
        ]
      },
      "id": "way/60760296"
    },
    {
      "type": "Feature",
      "properties": {
        "@id": "way/61434331",
        "amenity": "school",
        "check_date": "2024-10-01",
        "name": "92. Grundschule \"An der Aue\""
      },
      "geometry": {
        "type": "Polygon",
        "coordinates": [
          [
            [
              13.8434731,
              51.0032959
            ],
            [
              13.8437404,
              51.0033657
            ],
            [
              13.8438513,
              51.0033841
            ],
            [
              13.844003,
              51.0033547
            ],
            [
              13.8445422,
              51.003467
            ],
            [
              13.8443892,
              51.0040673
            ],
            [
              13.8438252,
              51.004016
            ],
            [
              13.8436068,
              51.0038375
            ],
            [
              13.8431764,
              51.0037062
            ],
            [
              13.8434731,
              51.0032959
            ]
          ]
        ]
      },
      "id": "way/61434331"
    },
    {
      "type": "Feature",
      "properties": {
        "@id": "way/62786100",
        "amenity": "school",
        "name": "Gymnasium Linkselbisch-Ost Dresden, Bauauslagerungsstandort für Schulen"
      },
      "geometry": {
        "type": "Polygon",
        "coordinates": [
          [
            [
              13.8109753,
              51.0314325
            ],
            [
              13.8111168,
              51.0313843
            ],
            [
              13.8118866,
              51.0313815
            ],
            [
              13.8119391,
              51.0313813
            ],
            [
              13.8119821,
              51.0313811
            ],
            [
              13.8123255,
              51.0313788
            ],
            [
              13.8129112,
              51.0313821
            ],
            [
              13.8129983,
              51.0313827
            ],
            [
              13.8130049,
              51.0317106
            ],
            [
              13.8132822,
              51.0317127
            ],
            [
              13.8132821,
              51.0317677
            ],
            [
              13.8132809,
              51.0324482
            ],
            [
              13.8133858,
              51.0326351
            ],
            [
              13.8135861,
              51.0329921
            ],
            [
              13.8129425,
              51.033239
            ],
            [
              13.8126871,
              51.0329437
            ],
            [
              13.8122539,
              51.0325601
            ],
            [
              13.8109753,
              51.0314325
            ]
          ]
        ]
      },
      "id": "way/62786100"
    },
    {
      "type": "Feature",
      "properties": {
        "@id": "way/73232329",
        "addr:city": "Dresden",
        "addr:country": "DE",
        "addr:housenumber": "22",
        "addr:postcode": "01307",
        "addr:street": "Gerokstraße",
        "amenity": "school",
        "name": "Berufliches Schulzentrum für Technik \"Gustav Anton Zeuner\"",
        "operator": "Landeshauptstadt Dresden Schulverwaltungsamt",
        "phone": "+49 351 4403920",
        "website": "https://www.bsz-technik-zeuner.de/",
        "wheelchair": "yes"
      },
      "geometry": {
        "type": "Polygon",
        "coordinates": [
          [
            [
              13.7638999,
              51.051776
            ],
            [
              13.7652087,
              51.051634
            ],
            [
              13.765605,
              51.0529683
            ],
            [
              13.7647373,
              51.0530177
            ],
            [
              13.7643389,
              51.0530354
            ],
            [
              13.7642546,
              51.0529008
            ],
            [
              13.7639372,
              51.0518944
            ],
            [
              13.7638999,
              51.051776
            ]
          ]
        ]
      },
      "id": "way/73232329"
    },
    {
      "type": "Feature",
      "properties": {
        "@id": "way/78529195",
        "addr:city": "Dresden",
        "addr:country": "DE",
        "addr:housenumber": "1",
        "addr:postcode": "01169",
        "addr:street": "Altroßthal",
        "amenity": "school",
        "name": "Berufliches Schulzentrum für Agrarwirtschaft und Ernährung Dresden"
      },
      "geometry": {
        "type": "Polygon",
        "coordinates": [
          [
            [
              13.6726365,
              51.033642
            ],
            [
              13.6725474,
              51.0336193
            ],
            [
              13.6725584,
              51.033517
            ],
            [
              13.6725479,
              51.0333529
            ],
            [
              13.6729325,
              51.0334223
            ],
            [
              13.6731194,
              51.0330147
            ],
            [
              13.673208,
              51.0328216
            ],
            [
              13.673301,
              51.0328443
            ],
            [
              13.6731237,
              51.0332019
            ],
            [
              13.6732005,
              51.0332219
            ],
            [
              13.6731671,
              51.0332761
            ],
            [
              13.6735572,
              51.0333413
            ],
            [
              13.6735977,
              51.033249
            ],
            [
              13.6736416,
              51.0331488
            ],
            [
              13.6734247,
              51.0331096
            ],
            [
              13.6735259,
              51.0328849
            ],
            [
              13.6740333,
              51.032986
            ],
            [
              13.6743811,
              51.0330547
            ],
            [
              13.6741689,
              51.0335224
            ],
            [
              13.6742511,
              51.0335375
            ],
            [
              13.6743232,
              51.0335507
            ],
            [
              13.674483,
              51.0332065
            ],
            [
              13.6746913,
              51.0332447
            ],
            [
              13.6748686,
              51.0332773
            ],
            [
              13.6749025,
              51.0332082
            ],
            [
              13.6749275,
              51.0331572
            ],
            [
              13.6750674,
              51.0331845
            ],
            [
              13.6751557,
              51.0332017
            ],
            [
              13.6754668,
              51.0332744
            ],
            [
              13.6754994,
              51.03328
            ],
            [
              13.6755298,
              51.0332868
            ],
            [
              13.6755719,
              51.0332869
            ],
            [
              13.675863,
              51.0333211
            ],
            [
              13.675968,
              51.0333181
            ],
            [
              13.6759478,
              51.0333605
            ],
            [
              13.6757812,
              51.0337102
            ],
            [
              13.6754741,
              51.0336514
            ],
            [
              13.6755001,
              51.0336042
            ],
            [
              13.6753788,
              51.033581
            ],
            [
              13.6752629,
              51.033807
            ],
            [
              13.6751205,
              51.0340847
            ],
            [
              13.6749089,
              51.0340659
            ],
            [
              13.6746763,
              51.0340473
            ],
            [
              13.6743802,
              51.0340184
            ],
            [
              13.6740407,
              51.0339742
            ],
            [
              13.6736372,
              51.0338963
            ],
            [
              13.6732042,
              51.0337973
            ],
            [
              13.6726365,
              51.033642
            ]
          ]
        ]
      },
      "id": "way/78529195"
    },
    {
      "type": "Feature",
      "properties": {
        "@id": "way/83015619",
        "amenity": "school",
        "name": "Gymnasium Dresden-Johannstadt",
        "operator": "Landeshauptstadt Dresden"
      },
      "geometry": {
        "type": "Polygon",
        "coordinates": [
          [
            [
              13.7672939,
              51.0556791
            ],
            [
              13.7673013,
              51.055636
            ],
            [
              13.7672985,
              51.0553186
            ],
            [
              13.7675034,
              51.0553208
            ],
            [
              13.7697388,
              51.0553687
            ],
            [
              13.7698032,
              51.0555707
            ],
            [
              13.7696353,
              51.0557531
            ],
            [
              13.769016,
              51.0557367
            ],
            [
              13.7688404,
              51.0557294
            ],
            [
              13.7687431,
              51.0557249
            ],
            [
              13.7672939,
              51.0556791
            ]
          ]
        ]
      },
      "id": "way/83015619"
    },
    {
      "type": "Feature",
      "properties": {
        "@id": "way/87775391",
        "amenity": "school",
        "name": "96. Grundschule"
      },
      "geometry": {
        "type": "Polygon",
        "coordinates": [
          [
            [
              13.794734,
              51.0317542
            ],
            [
              13.7943639,
              51.0317747
            ],
            [
              13.7937183,
              51.0310808
            ],
            [
              13.7947461,
              51.0308091
            ],
            [
              13.7951245,
              51.0306822
            ],
            [
              13.7952717,
              51.0306052
            ],
            [
              13.7953548,
              51.0305463
            ],
            [
              13.7953746,
              51.0304568
            ],
            [
              13.7953463,
              51.0303735
            ],
            [
              13.7952999,
              51.0302994
            ],
            [
              13.795676,
              51.0301621
            ],
            [
              13.7958687,
              51.0304277
            ],
            [
              13.7961074,
              51.0307716
            ],
            [
              13.7961666,
              51.0309636
            ],
            [
              13.7963834,
              51.0313014
            ],
            [
              13.7957978,
              51.0313566
            ],
            [
              13.795417,
              51.0313848
            ],
            [
              13.7953901,
              51.0315491
            ],
            [
              13.795168,
              51.031627
            ],
            [
              13.794734,
              51.0317542
            ]
          ]
        ]
      },
      "id": "way/87775391"
    },
    {
      "type": "Feature",
      "properties": {
        "@id": "way/93085932",
        "amenity": "school",
        "name": "Außenstelle BSZ Prof. Dr. Zeigner"
      },
      "geometry": {
        "type": "Polygon",
        "coordinates": [
          [
            [
              13.8059278,
              51.021538
            ],
            [
              13.8056883,
              51.0212944
            ],
            [
              13.8055048,
              51.0211077
            ],
            [
              13.8062657,
              51.0208093
            ],
            [
              13.8063541,
              51.0207733
            ],
            [
              13.8066051,
              51.0209523
            ],
            [
              13.8067123,
              51.021031
            ],
            [
              13.8067959,
              51.0211156
            ],
            [
              13.8068335,
              51.0211626
            ],
            [
              13.8068565,
              51.0211854
            ],
            [
              13.8059278,
              51.021538
            ]
          ]
        ]
      },
      "id": "way/93085932"
    },
    {
      "type": "Feature",
      "properties": {
        "@id": "way/94745917",
        "amenity": "school"
      },
      "geometry": {
        "type": "Polygon",
        "coordinates": [
          [
            [
              13.7281163,
              51.0150532
            ],
            [
              13.728132,
              51.0144949
            ],
            [
              13.729202,
              51.0144916
            ],
            [
              13.7298974,
              51.0144274
            ],
            [
              13.7298826,
              51.0145136
            ],
            [
              13.7298264,
              51.0148395
            ],
            [
              13.7297916,
              51.0150415
            ],
            [
              13.7281163,
              51.0150532
            ]
          ]
        ]
      },
      "id": "way/94745917"
    },
    {
      "type": "Feature",
      "properties": {
        "@id": "way/107841306",
        "amenity": "school",
        "building": "school",
        "building:levels": "4",
        "image": "https://wiki.openstreetmap.org/wiki/File:2019_Bannewitz_Schule.jpg",
        "name": "Schule \"Am Marienschacht\"",
        "old_name": "Grund- und Oberschule Bannewitz",
        "roof:shape": "flat",
        "url": "https://www.sachsen.schule/~gs-bannewitz/",
        "website": "http://www.ms-bannewitz.de/"
      },
      "geometry": {
        "type": "Polygon",
        "coordinates": [
          [
            [
              13.7087555,
              50.9917234
            ],
            [
              13.7087473,
              50.9917628
            ],
            [
              13.7085943,
              50.9917501
            ],
            [
              13.7086008,
              50.9917194
            ],
            [
              13.7084662,
              50.9917082
            ],
            [
              13.7085084,
              50.9915433
            ],
            [
              13.7087062,
              50.9915621
            ],
            [
              13.7087102,
              50.9915427
            ],
            [
              13.7087633,
              50.9915471
            ],
            [
              13.708819,
              50.9915517
            ],
            [
              13.7088146,
              50.9915726
            ],
            [
              13.7096931,
              50.9916455
            ],
            [
              13.7096604,
              50.9918015
            ],
            [
              13.709143,
              50.9917586
            ],
            [
              13.7091406,
              50.9917701
            ],
            [
              13.7090336,
              50.9917612
            ],
            [
              13.7090366,
              50.9917468
            ],
            [
              13.7087555,
              50.9917234
            ]
          ]
        ]
      },
      "id": "way/107841306"
    },
    {
      "type": "Feature",
      "properties": {
        "@id": "way/109239357",
        "amenity": "school"
      },
      "geometry": {
        "type": "Polygon",
        "coordinates": [
          [
            [
              13.8688219,
              50.9783381
            ],
            [
              13.86842,
              50.9780708
            ],
            [
              13.8681425,
              50.9781265
            ],
            [
              13.8679736,
              50.978149
            ],
            [
              13.8678014,
              50.9780999
            ],
            [
              13.867613,
              50.9779772
            ],
            [
              13.8670834,
              50.9776888
            ],
            [
              13.8673726,
              50.9774965
            ],
            [
              13.8670672,
              50.9772735
            ],
            [
              13.8679736,
              50.9767417
            ],
            [
              13.8690926,
              50.9774827
            ],
            [
              13.869391,
              50.977681
            ],
            [
              13.8695297,
              50.9777726
            ],
            [
              13.8693932,
              50.9778565
            ],
            [
              13.8695589,
              50.9779669
            ],
            [
              13.8692958,
              50.9780712
            ],
            [
              13.8690164,
              50.9782144
            ],
            [
              13.8688219,
              50.9783381
            ]
          ]
        ]
      },
      "id": "way/109239357"
    },
    {
      "type": "Feature",
      "properties": {
        "@id": "way/110218042",
        "amenity": "school"
      },
      "geometry": {
        "type": "Polygon",
        "coordinates": [
          [
            [
              13.9346861,
              50.9770253
            ],
            [
              13.9347718,
              50.9771672
            ],
            [
              13.9347388,
              50.9772103
            ],
            [
              13.9347731,
              50.9772497
            ],
            [
              13.9347816,
              50.9772905
            ],
            [
              13.9346874,
              50.9775056
            ],
            [
              13.9346359,
              50.9775149
            ],
            [
              13.9344253,
              50.9779157
            ],
            [
              13.9342894,
              50.978228
            ],
            [
              13.9343359,
              50.9782472
            ],
            [
              13.9343327,
              50.9782959
            ],
            [
              13.9342506,
              50.9782849
            ],
            [
              13.9342371,
              50.9785553
            ],
            [
              13.9343064,
              50.9786426
            ],
            [
              13.9347416,
              50.9789809
            ],
            [
              13.9341543,
              50.9791846
            ],
            [
              13.9340118,
              50.9791889
            ],
            [
              13.9337094,
              50.9790888
            ],
            [
              13.9336651,
              50.9783359
            ],
            [
              13.9335958,
              50.9782861
            ],
            [
              13.9335561,
              50.9782765
            ],
            [
              13.9320428,
              50.977909
            ],
            [
              13.9317432,
              50.9778715
            ],
            [
              13.9316315,
              50.9778654
            ],
            [
              13.9316238,
              50.9773404
            ],
            [
              13.9316873,
              50.9771403
            ],
            [
              13.931824,
              50.9769451
            ],
            [
              13.9315518,
              50.9768149
            ],
            [
              13.9315569,
              50.9767959
            ],
            [
              13.9316417,
              50.9767218
            ],
            [
              13.931513,
              50.9766401
            ],
            [
              13.9317489,
              50.9764855
            ],
            [
              13.9322603,
              50.9761977
            ],
            [
              13.9332536,
              50.9756496
            ],
            [
              13.9332709,
              50.9756551
            ],
            [
              13.9333583,
              50.9756071
            ],
            [
              13.9334483,
              50.9755564
            ],
            [
              13.9335314,
              50.975569
            ],
            [
              13.9335902,
              50.9755521
            ],
            [
              13.9336101,
              50.9754622
            ],
            [
              13.9336283,
              50.9754498
            ],
            [
              13.9338335,
              50.9758248
            ],
            [
              13.9339057,
              50.9758711
            ],
            [
              13.9340557,
              50.9760836
            ],
            [
              13.9340696,
              50.9761256
            ],
            [
              13.9340724,
              50.9761667
            ],
            [
              13.9341238,
              50.9762594
            ],
            [
              13.9343974,
              50.9766328
            ],
            [
              13.9344251,
              50.9766267
            ],
            [
              13.9344918,
              50.9767211
            ],
            [
              13.9344751,
              50.9767403
            ],
            [
              13.9346861,
              50.9770253
            ]
          ]
        ]
      },
      "id": "way/110218042"
    },
    {
      "type": "Feature",
      "properties": {
        "@id": "way/114669850",
        "addr:city": "Dresden",
        "addr:country": "DE",
        "addr:housenumber": "1",
        "addr:postcode": "01328",
        "addr:street": "Gönnsdorfer Weg",
        "addr:suburb": "Weißig",
        "amenity": "school",
        "check_date": "2024-03-30",
        "name": "Oberschule Weißig",
        "old_name": "Mittelschule Weißig"
      },
      "geometry": {
        "type": "Polygon",
        "coordinates": [
          [
            [
              13.8839151,
              51.0588254
            ],
            [
              13.8838543,
              51.0589311
            ],
            [
              13.8837295,
              51.0588788
            ],
            [
              13.8834469,
              51.0590476
            ],
            [
              13.8831117,
              51.0588733
            ],
            [
              13.8828363,
              51.0591029
            ],
            [
              13.8823842,
              51.0588804
            ],
            [
              13.8824393,
              51.0588495
            ],
            [
              13.8823766,
              51.0588185
            ],
            [
              13.8826624,
              51.0586514
            ],
            [
              13.8828999,
              51.0584659
            ],
            [
              13.8830035,
              51.0583738
            ],
            [
              13.8831733,
              51.0581654
            ],
            [
              13.8833343,
              51.0579379
            ],
            [
              13.8833843,
              51.0579123
            ],
            [
              13.8837202,
              51.0581106
            ],
            [
              13.8839869,
              51.0582053
            ],
            [
              13.8843,
              51.0583529
            ],
            [
              13.8845725,
              51.0585132
            ],
            [
              13.8842275,
              51.0585752
            ],
            [
              13.8839151,
              51.0588254
            ]
          ]
        ]
      },
      "id": "way/114669850"
    },
    {
      "type": "Feature",
      "properties": {
        "@id": "way/116542547",
        "addr:city": "Dresden",
        "addr:country": "DE",
        "addr:housenumber": "27",
        "addr:postcode": "01157",
        "addr:street": "Am Urnenfeld",
        "amenity": "school",
        "building": "school",
        "building:levels": "2",
        "name": "77. Grundschule „An den Seegärten“",
        "phone": "+49 351 4520087",
        "wheelchair": "no"
      },
      "geometry": {
        "type": "Polygon",
        "coordinates": [
          [
            [
              13.6525908,
              51.0817519
            ],
            [
              13.6524256,
              51.0815897
            ],
            [
              13.652706,
              51.0814784
            ],
            [
              13.652771,
              51.0814526
            ],
            [
              13.6528625,
              51.0815418
            ],
            [
              13.6529456,
              51.0815086
            ],
            [
              13.6528884,
              51.0814519
            ],
            [
              13.6530514,
              51.0813855
            ],
            [
              13.6532081,
              51.0815404
            ],
            [
              13.6530451,
              51.0816071
            ],
            [
              13.6529733,
              51.081536
            ],
            [
              13.6528902,
              51.081569
            ],
            [
              13.6529352,
              51.0816154
            ],
            [
              13.6528013,
              51.081667
            ],
            [
              13.6527505,
              51.0816178
            ],
            [
              13.6527735,
              51.081609
            ],
            [
              13.6527477,
              51.0815836
            ],
            [
              13.6526468,
              51.0816239
            ],
            [
              13.6527243,
              51.081698
            ],
            [
              13.6525908,
              51.0817519
            ]
          ]
        ]
      },
      "id": "way/116542547"
    },
    {
      "type": "Feature",
      "properties": {
        "@id": "way/117374904",
        "amenity": "school",
        "building": "school",
        "building:levels": "3",
        "check_date": "2024-07-09",
        "name": "Semper-Schulen",
        "roof:levels": "1",
        "roof:shape": "gambrel",
        "source": "Bing",
        "website": "https://semper-schulen.de/"
      },
      "geometry": {
        "type": "Polygon",
        "coordinates": [
          [
            [
              13.749689,
              51.0688126
            ],
            [
              13.7496348,
              51.0687257
            ],
            [
              13.7497595,
              51.0686945
            ],
            [
              13.7497611,
              51.0686968
            ],
            [
              13.7498986,
              51.0686621
            ],
            [
              13.7498929,
              51.0686541
            ],
            [
              13.7499378,
              51.0686425
            ],
            [
              13.7499449,
              51.0686501
            ],
            [
              13.7500845,
              51.0686078
            ],
            [
              13.7501438,
              51.0686968
            ],
            [
              13.7501782,
              51.0687503
            ],
            [
              13.7500625,
              51.0687784
            ],
            [
              13.7500939,
              51.0688261
            ],
            [
              13.7500903,
              51.0688329
            ],
            [
              13.7500124,
              51.0688537
            ],
            [
              13.7499938,
              51.0688504
            ],
            [
              13.7499624,
              51.0688043
            ],
            [
              13.749725,
              51.0688651
            ],
            [
              13.749689,
              51.0688126
            ]
          ]
        ]
      },
      "id": "way/117374904"
    },
    {
      "type": "Feature",
      "properties": {
        "@id": "way/120175585",
        "amenity": "school",
        "check_date": "2024-04-27",
        "name": "Grundschule Bruno Gleißberg"
      },
      "geometry": {
        "type": "Polygon",
        "coordinates": [
          [
            [
              13.862417,
              50.970931
            ],
            [
              13.8621071,
              50.9710207
            ],
            [
              13.8612672,
              50.9704673
            ],
            [
              13.861088,
              50.9701627
            ],
            [
              13.8619653,
              50.9699717
            ],
            [
              13.8625576,
              50.9698429
            ],
            [
              13.8627642,
              50.9698611
            ],
            [
              13.8633204,
              50.9706547
            ],
            [
              13.862417,
              50.970931
            ]
          ]
        ]
      },
      "id": "way/120175585"
    },
    {
      "type": "Feature",
      "properties": {
        "@id": "way/120459364",
        "amenity": "school",
        "name": "Pestalozzi-Gymnasium"
      },
      "geometry": {
        "type": "Polygon",
        "coordinates": [
          [
            [
              13.868847,
              50.9708661
            ],
            [
              13.8687447,
              50.9705911
            ],
            [
              13.8686992,
              50.9704628
            ],
            [
              13.8686487,
              50.9704693
            ],
            [
              13.8686301,
              50.9704717
            ],
            [
              13.8685057,
              50.9701615
            ],
            [
              13.8692801,
              50.9700455
            ],
            [
              13.8708499,
              50.9698257
            ],
            [
              13.8709008,
              50.9698385
            ],
            [
              13.8711058,
              50.9704686
            ],
            [
              13.8710553,
              50.9705005
            ],
            [
              13.8710399,
              50.970542
            ],
            [
              13.870294,
              50.9706522
            ],
            [
              13.8699235,
              50.970707
            ],
            [
              13.8696023,
              50.9707545
            ],
            [
              13.868847,
              50.9708661
            ]
          ]
        ]
      },
      "id": "way/120459364"
    },
    {
      "type": "Feature",
      "properties": {
        "@id": "way/124540713",
        "addr:city": "Dresden",
        "addr:country": "DE",
        "addr:housenumber": "5",
        "addr:postcode": "01219",
        "addr:street": "Feuerbachstraße",
        "amenity": "school",
        "check_date": "2024-11-15",
        "contact:email": "sekretariat.116ms@gmx.de",
        "contact:fax": "+49 351 4711195",
        "contact:phone": "+49 351 4711194",
        "contact:website": "http://116os.de/",
        "name": "116. Oberschule",
        "wheelchair": "no"
      },
      "geometry": {
        "type": "Polygon",
        "coordinates": [
          [
            [
              13.7651326,
              51.019124
            ],
            [
              13.7645285,
              51.0190956
            ],
            [
              13.7641243,
              51.0190766
            ],
            [
              13.7643096,
              51.0175173
            ],
            [
              13.7643687,
              51.017496
            ],
            [
              13.7653597,
              51.0175595
            ],
            [
              13.7651326,
              51.019124
            ]
          ]
        ]
      },
      "id": "way/124540713"
    },
    {
      "type": "Feature",
      "properties": {
        "@id": "way/127527803",
        "amenity": "school",
        "check_date": "2025-02-04",
        "name": "6. Grundschule „Am Großen Garten“",
        "old_name": "6. Mittelschule „Johann Amos Comenius“",
        "website": "cms.sn.schule.de/gs6dd"
      },
      "geometry": {
        "type": "Polygon",
        "coordinates": [
          [
            [
              13.769405,
              51.0419543
            ],
            [
              13.7696176,
              51.0421392
            ],
            [
              13.7696571,
              51.0421735
            ],
            [
              13.7697262,
              51.0422396
            ],
            [
              13.7709452,
              51.0425566
            ],
            [
              13.7709211,
              51.0425946
            ],
            [
              13.7700668,
              51.0430777
            ],
            [
              13.7688505,
              51.0435832
            ],
            [
              13.7678569,
              51.0425618
            ],
            [
              13.769405,
              51.0419543
            ]
          ]
        ]
      },
      "id": "way/127527803"
    },
    {
      "type": "Feature",
      "properties": {
        "@id": "way/127914849",
        "addr:city": "Dresden",
        "addr:housenumber": "5",
        "addr:postcode": "01099",
        "addr:street": "Marienallee",
        "amenity": "school",
        "email": "info@waldorfschule-dresden.de",
        "fax": "+49 351 8993722",
        "name": "Freie Waldorfschule Dresden",
        "operator": "Verein der Freien Waldorfschule Dresden e. V.",
        "operator:type": "private_non_profit",
        "phone": "+49 351 899370",
        "website": "https://www.waldorfschule-dresden.de",
        "wikidata": "Q56229512"
      },
      "geometry": {
        "type": "Polygon",
        "coordinates": [
          [
            [
              13.7647083,
              51.0704523
            ],
            [
              13.7649079,
              51.0709585
            ],
            [
              13.7647293,
              51.0711412
            ],
            [
              13.7649564,
              51.0711725
            ],
            [
              13.7648896,
              51.071372
            ],
            [
              13.764848,
              51.071457
            ],
            [
              13.7648367,
              51.0714786
            ],
            [
              13.7655054,
              51.0715589
            ],
            [
              13.7652799,
              51.0722535
            ],
            [
              13.7651366,
              51.0726948
            ],
            [
              13.7651331,
              51.0728271
            ],
            [
              13.7651879,
              51.0729355
            ],
            [
              13.7653537,
              51.0731455
            ],
            [
              13.7653315,
              51.0731708
            ],
            [
              13.7650403,
              51.0732704
            ],
            [
              13.7649934,
              51.0732114
            ],
            [
              13.7643111,
              51.0734004
            ],
            [
              13.7640729,
              51.0729892
            ],
            [
              13.7640065,
              51.0728745
            ],
            [
              13.7639079,
              51.0727043
            ],
            [
              13.7640173,
              51.0722703
            ],
            [
              13.7640598,
              51.0717374
            ],
            [
              13.7637471,
              51.0715213
            ],
            [
              13.7638266,
              51.0714223
            ],
            [
              13.7636194,
              51.0711514
            ],
            [
              13.7637006,
              51.0711191
            ],
            [
              13.7634794,
              51.0707854
            ],
            [
              13.7634122,
              51.0706604
            ],
            [
              13.764263,
              51.0705234
            ],
            [
              13.7647083,
              51.0704523
            ]
          ]
        ]
      },
      "id": "way/127914849"
    },
    {
      "type": "Feature",
      "properties": {
        "@id": "way/128287670",
        "addr:city": "Pirna",
        "addr:country": "DE",
        "addr:housenumber": "31",
        "addr:postcode": "01796",
        "addr:street": "Reutlinger Straße",
        "amenity": "school",
        "building": "yes",
        "name": "Schule für Erziehungshilfe Dr. Heinrich Hoffmann",
        "operator": "Landkreis Sächsische Schweiz",
        "website": "https://www.sn.schule.de/~fs_hoffmann/"
      },
      "geometry": {
        "type": "Polygon",
        "coordinates": [
          [
            [
              13.9571102,
              50.9499574
            ],
            [
              13.9572264,
              50.9500405
            ],
            [
              13.9572101,
              50.9500496
            ],
            [
              13.9573478,
              50.950148
            ],
            [
              13.9573642,
              50.9501389
            ],
            [
              13.9575935,
              50.9503027
            ],
            [
              13.9574612,
              50.9503762
            ],
            [
              13.9573441,
              50.9502925
            ],
            [
              13.9572209,
              50.9502045
            ],
            [
              13.9571607,
              50.9502379
            ],
            [
              13.9571757,
              50.9502486
            ],
            [
              13.9568512,
              50.9504289
            ],
            [
              13.9567075,
              50.9503263
            ],
            [
              13.9570317,
              50.9501462
            ],
            [
              13.957044,
              50.950155
            ],
            [
              13.9571051,
              50.9501211
            ],
            [
              13.9569784,
              50.9500306
            ],
            [
              13.9571102,
              50.9499574
            ]
          ]
        ]
      },
      "id": "way/128287670"
    },
    {
      "type": "Feature",
      "properties": {
        "@id": "way/132516294",
        "amenity": "school",
        "name": "41. Grundschule Elbtalkinder"
      },
      "geometry": {
        "type": "Polygon",
        "coordinates": [
          [
            [
              13.7054295,
              51.0804481
            ],
            [
              13.7053944,
              51.0809154
            ],
            [
              13.7053876,
              51.081006
            ],
            [
              13.70527,
              51.0810001
            ],
            [
              13.7038512,
              51.0808992
            ],
            [
              13.703867,
              51.0807783
            ],
            [
              13.7035635,
              51.0807577
            ],
            [
              13.7036285,
              51.0803128
            ],
            [
              13.7039877,
              51.0803335
            ],
            [
              13.7054295,
              51.0804481
            ]
          ]
        ]
      },
      "id": "way/132516294"
    },
    {
      "type": "Feature",
      "properties": {
        "@id": "way/132518231",
        "amenity": "school",
        "barrier": "fence",
        "name": "8. Grundschule",
        "opening_hours": "Mo-Fr 00:00-24:00"
      },
      "geometry": {
        "type": "Polygon",
        "coordinates": [
          [
            [
              13.7279406,
              51.0754286
            ],
            [
              13.7281727,
              51.0755909
            ],
            [
              13.7281933,
              51.0756057
            ],
            [
              13.7287164,
              51.0759813
            ],
            [
              13.7287537,
              51.0760503
            ],
            [
              13.7284391,
              51.0761138
            ],
            [
              13.7284549,
              51.0761889
            ],
            [
              13.7282704,
              51.076153
            ],
            [
              13.7281817,
              51.0761757
            ],
            [
              13.7277678,
              51.076278
            ],
            [
              13.7276887,
              51.0761519
            ],
            [
              13.7276051,
              51.0760283
            ],
            [
              13.727077,
              51.0761704
            ],
            [
              13.727008,
              51.0760852
            ],
            [
              13.7269119,
              51.0759761
            ],
            [
              13.7266159,
              51.075623
            ],
            [
              13.7270823,
              51.0755544
            ],
            [
              13.7279406,
              51.0754286
            ]
          ]
        ]
      },
      "id": "way/132518231"
    },
    {
      "type": "Feature",
      "properties": {
        "@id": "way/147353413",
        "amenity": "school",
        "wheelchair": "yes"
      },
      "geometry": {
        "type": "Polygon",
        "coordinates": [
          [
            [
              13.7127285,
              51.090087
            ],
            [
              13.7127811,
              51.0901067
            ],
            [
              13.712787,
              51.0901508
            ],
            [
              13.7128117,
              51.0903714
            ],
            [
              13.7128654,
              51.090769
            ],
            [
              13.7128976,
              51.0910209
            ],
            [
              13.7129257,
              51.091191
            ],
            [
              13.7129276,
              51.0912138
            ],
            [
              13.7128907,
              51.0912476
            ],
            [
              13.7118223,
              51.0915305
            ],
            [
              13.7117962,
              51.0915353
            ],
            [
              13.7117808,
              51.0915314
            ],
            [
              13.7117611,
              51.0915257
            ],
            [
              13.7117309,
              51.0915163
            ],
            [
              13.711648,
              51.0914816
            ],
            [
              13.7116317,
              51.0914735
            ],
            [
              13.711624,
              51.0914551
            ],
            [
              13.7115768,
              51.0910242
            ],
            [
              13.7115118,
              51.0904308
            ],
            [
              13.7115164,
              51.0904115
            ],
            [
              13.711538,
              51.0903922
            ],
            [
              13.7115718,
              51.0903815
            ],
            [
              13.711849,
              51.0903093
            ],
            [
              13.7120473,
              51.0902577
            ],
            [
              13.7121398,
              51.0902341
            ],
            [
              13.712168,
              51.0902257
            ],
            [
              13.7122338,
              51.0902094
            ],
            [
              13.7127285,
              51.090087
            ]
          ]
        ]
      },
      "id": "way/147353413"
    },
    {
      "type": "Feature",
      "properties": {
        "@id": "way/147919982",
        "addr:city": "Dresden",
        "addr:country": "DE",
        "addr:housenumber": "20",
        "addr:postcode": "01159",
        "addr:street": "Clara-Zetkin-Straße",
        "amenity": "school",
        "barrier": "fence",
        "check_date": "2024-03-30",
        "name": "35. Oberschule Dresden",
        "operator": "Landeshauptstadt Dresden Schulverwaltungsamt",
        "phone": "+49 351 4216322",
        "source": "HiRes aerial imagery",
        "website": "http://www.dd35ms.de/",
        "wheelchair": "no",
        "wikidata": "Q128395791"
      },
      "geometry": {
        "type": "Polygon",
        "coordinates": [
          [
            [
              13.6965055,
              51.0379564
            ],
            [
              13.6969019,
              51.0379802
            ],
            [
              13.6969059,
              51.0379936
            ],
            [
              13.697013,
              51.038009
            ],
            [
              13.6971007,
              51.0380055
            ],
            [
              13.6971173,
              51.037989
            ],
            [
              13.6971783,
              51.0379927
            ],
            [
              13.6977921,
              51.0380294
            ],
            [
              13.6977337,
              51.0384207
            ],
            [
              13.6977934,
              51.038424
            ],
            [
              13.6977631,
              51.0386434
            ],
            [
              13.6977541,
              51.0387088
            ],
            [
              13.6977514,
              51.0387219
            ],
            [
              13.6975531,
              51.0387091
            ],
            [
              13.6974356,
              51.038736
            ],
            [
              13.6973738,
              51.0389209
            ],
            [
              13.6973191,
              51.0389392
            ],
            [
              13.6963622,
              51.0387939
            ],
            [
              13.6964897,
              51.0380473
            ],
            [
              13.6965055,
              51.0379564
            ]
          ]
        ]
      },
      "id": "way/147919982"
    },
    {
      "type": "Feature",
      "properties": {
        "@id": "way/149906276",
        "addr:city": "Dresden",
        "addr:country": "DE",
        "addr:housenumber": "141",
        "addr:postcode": "01169",
        "addr:street": "Leutewitzer Ring",
        "amenity": "school",
        "building": "school",
        "building:levels": "3",
        "building:levels:underground": "1",
        "name": "Gymnasium Dresden Gorbitz",
        "operator": "Landeshauptstadt Dresden",
        "phone": "+49 351 402229",
        "roof:shape": "flat",
        "website": "https://www.gymnasium-gorbitz.de"
      },
      "geometry": {
        "type": "Polygon",
        "coordinates": [
          [
            [
              13.6781047,
              51.0468864
            ],
            [
              13.677976,
              51.0468738
            ],
            [
              13.6780533,
              51.0465506
            ],
            [
              13.6780199,
              51.0465474
            ],
            [
              13.6780353,
              51.0464828
            ],
            [
              13.6780645,
              51.0464856
            ],
            [
              13.6781004,
              51.0463348
            ],
            [
              13.6783458,
              51.0463579
            ],
            [
              13.6782172,
              51.0468973
            ],
            [
              13.6781047,
              51.0468864
            ]
          ]
        ]
      },
      "id": "way/149906276"
    },
    {
      "type": "Feature",
      "properties": {
        "@id": "way/151700199",
        "amenity": "school",
        "check_date": "2024-03-29",
        "name": "Hans-Erlwein-Gymnasium",
        "toilets:wheelchair": "yes",
        "wheelchair": "yes",
        "wikidata": "Q14943716",
        "wikipedia": "de:Hans-Erlwein-Gymnasium"
      },
      "geometry": {
        "type": "Polygon",
        "coordinates": [
          [
            [
              13.795386,
              51.0368365
            ],
            [
              13.7950384,
              51.0369126
            ],
            [
              13.7945978,
              51.0370551
            ],
            [
              13.7939523,
              51.0372351
            ],
            [
              13.793682,
              51.0373132
            ],
            [
              13.7944248,
              51.0380387
            ],
            [
              13.7942793,
              51.0380975
            ],
            [
              13.7937768,
              51.0383007
            ],
            [
              13.7936838,
              51.0382872
            ],
            [
              13.7930696,
              51.0376884
            ],
            [
              13.7930913,
              51.0376724
            ],
            [
              13.7930866,
              51.037652
            ],
            [
              13.7930691,
              51.0376344
            ],
            [
              13.7930516,
              51.0376169
            ],
            [
              13.7930179,
              51.0376011
            ],
            [
              13.7929832,
              51.0376042
            ],
            [
              13.7927458,
              51.0373728
            ],
            [
              13.79277,
              51.0373108
            ],
            [
              13.7949879,
              51.0364174
            ],
            [
              13.7950288,
              51.0364613
            ],
            [
              13.7953793,
              51.0368279
            ],
            [
              13.795386,
              51.0368365
            ]
          ]
        ]
      },
      "id": "way/151700199"
    },
    {
      "type": "Feature",
      "properties": {
        "@id": "way/154109816",
        "amenity": "school",
        "name": "68. Grundschule \"Am Heiligen Born\""
      },
      "geometry": {
        "type": "Polygon",
        "coordinates": [
          [
            [
              13.7628739,
              51.0106255
            ],
            [
              13.7634169,
              51.0101498
            ],
            [
              13.7641569,
              51.0104857
            ],
            [
              13.7642529,
              51.0105303
            ],
            [
              13.7646426,
              51.0107117
            ],
            [
              13.7646563,
              51.0107179
            ],
            [
              13.7649311,
              51.0108416
            ],
            [
              13.7650702,
              51.0109043
            ],
            [
              13.7646324,
              51.0112773
            ],
            [
              13.7644732,
              51.0112647
            ],
            [
              13.7643282,
              51.0112923
            ],
            [
              13.764223,
              51.0113434
            ],
            [
              13.7641029,
              51.0112943
            ],
            [
              13.7640587,
              51.0112763
            ],
            [
              13.7635077,
              51.0110379
            ],
            [
              13.7632383,
              51.0109144
            ],
            [
              13.7632379,
              51.0107858
            ],
            [
              13.7628739,
              51.0106255
            ]
          ]
        ]
      },
      "id": "way/154109816"
    },
    {
      "type": "Feature",
      "properties": {
        "@id": "way/154924365",
        "amenity": "school",
        "name": "Christliche Schule Dresden-Zschachwitz",
        "website": "https://www.cs-dresden.de/"
      },
      "geometry": {
        "type": "Polygon",
        "coordinates": [
          [
            [
              13.8334378,
              51.0013984
            ],
            [
              13.833545,
              51.0013526
            ],
            [
              13.8336055,
              51.0013294
            ],
            [
              13.8336944,
              51.0013095
            ],
            [
              13.8341475,
              51.0012522
            ],
            [
              13.8342415,
              51.0012479
            ],
            [
              13.8343184,
              51.0012636
            ],
            [
              13.8353065,
              51.0016731
            ],
            [
              13.8353648,
              51.0017179
            ],
            [
              13.8353936,
              51.0017951
            ],
            [
              13.8354261,
              51.0018874
            ],
            [
              13.8354802,
              51.0020168
            ],
            [
              13.8355719,
              51.0020914
            ],
            [
              13.8356828,
              51.0021508
            ],
            [
              13.8352117,
              51.0025788
            ],
            [
              13.8352794,
              51.0030729
            ],
            [
              13.8349744,
              51.0033377
            ],
            [
              13.8349491,
              51.0033258
            ],
            [
              13.8346401,
              51.0036028
            ],
            [
              13.8351544,
              51.0038314
            ],
            [
              13.8348383,
              51.0040365
            ],
            [
              13.834791,
              51.0040394
            ],
            [
              13.8333288,
              51.0033686
            ],
            [
              13.8334045,
              51.0033038
            ],
            [
              13.8333535,
              51.0032836
            ],
            [
              13.8334621,
              51.0031907
            ],
            [
              13.8335571,
              51.0032329
            ],
            [
              13.8339702,
              51.002871
            ],
            [
              13.8341386,
              51.0027313
            ],
            [
              13.8343537,
              51.0026239
            ],
            [
              13.8340552,
              51.0023884
            ],
            [
              13.8336636,
              51.0020652
            ],
            [
              13.8333578,
              51.0018141
            ],
            [
              13.8337384,
              51.0016451
            ],
            [
              13.8334378,
              51.0013984
            ]
          ]
        ]
      },
      "id": "way/154924365"
    },
    {
      "type": "Feature",
      "properties": {
        "@id": "way/155635911",
        "amenity": "school",
        "check_date": "2024-04-12",
        "name": "Freie Montessorischule Huckepack",
        "operator": "Huckepack e.V.",
        "wheelchair": "yes"
      },
      "geometry": {
        "type": "Polygon",
        "coordinates": [
          [
            [
              13.7845697,
              51.0421532
            ],
            [
              13.7849323,
              51.0420101
            ],
            [
              13.7855384,
              51.0417532
            ],
            [
              13.786002,
              51.041556
            ],
            [
              13.7862379,
              51.0415529
            ],
            [
              13.7862737,
              51.0420684
            ],
            [
              13.7862997,
              51.0423817
            ],
            [
              13.7862171,
              51.042386
            ],
            [
              13.7862205,
              51.0424058
            ],
            [
              13.7845838,
              51.0424497
            ],
            [
              13.7837633,
              51.0424762
            ],
            [
              13.7837595,
              51.0424088
            ],
            [
              13.7845697,
              51.0421532
            ]
          ]
        ]
      },
      "id": "way/155635911"
    },
    {
      "type": "Feature",
      "properties": {
        "@id": "way/155635941",
        "addr:city": "Dresden",
        "addr:housenumber": "26-28",
        "addr:postcode": "01309",
        "addr:street": "Hepkestraße",
        "amenity": "school",
        "check_date": "2024-06-09",
        "name": "107. Oberschule + 108. Grundschule „Sonnenblumenschule“",
        "operator": "LH Dresden"
      },
      "geometry": {
        "type": "Polygon",
        "coordinates": [
          [
            [
              13.7818511,
              51.0385451
            ],
            [
              13.7819674,
              51.0378802
            ],
            [
              13.7819943,
              51.0377266
            ],
            [
              13.7825464,
              51.0377673
            ],
            [
              13.782639,
              51.0372499
            ],
            [
              13.7840045,
              51.037234
            ],
            [
              13.7846968,
              51.0372132
            ],
            [
              13.7847507,
              51.0380879
            ],
            [
              13.7846588,
              51.0380882
            ],
            [
              13.7846329,
              51.038187
            ],
            [
              13.7841454,
              51.0382014
            ],
            [
              13.7841479,
              51.0385328
            ],
            [
              13.7822202,
              51.0385701
            ],
            [
              13.7818511,
              51.0385451
            ]
          ]
        ]
      },
      "id": "way/155635941"
    },
    {
      "type": "Feature",
      "properties": {
        "@id": "way/156899550",
        "addr:city": "Dresden",
        "addr:housenumber": "24",
        "addr:postcode": "01309",
        "addr:street": "Rosa-Menzer-Straße",
        "amenity": "school",
        "check_date": "2024-04-06",
        "contact:email": "platanenschule@web.de",
        "contact:fax": "+49 351 3400353",
        "contact:phone": "+49 351 3100053",
        "contact:website": "http://www.platanenschule.de",
        "name": "51. Grundschule „An den Platanen“",
        "wheelchair": "no"
      },
      "geometry": {
        "type": "Polygon",
        "coordinates": [
          [
            [
              13.7897106,
              51.047264
            ],
            [
              13.7888288,
              51.0464206
            ],
            [
              13.7889792,
              51.0463609
            ],
            [
              13.7892824,
              51.0462337
            ],
            [
              13.789324,
              51.0462729
            ],
            [
              13.7893667,
              51.0462726
            ],
            [
              13.7894527,
              51.0463536
            ],
            [
              13.7902311,
              51.0470505
            ],
            [
              13.7897106,
              51.047264
            ]
          ]
        ]
      },
      "id": "way/156899550"
    },
    {
      "type": "Feature",
      "properties": {
        "@id": "way/156932866",
        "amenity": "school",
        "name": "Astrid-Lindgren-Schule"
      },
      "geometry": {
        "type": "Polygon",
        "coordinates": [
          [
            [
              13.8620119,
              50.9843558
            ],
            [
              13.8622989,
              50.9842272
            ],
            [
              13.8625879,
              50.9840918
            ],
            [
              13.8630605,
              50.9838325
            ],
            [
              13.8634358,
              50.9836035
            ],
            [
              13.8637829,
              50.9833921
            ],
            [
              13.863815,
              50.9834197
            ],
            [
              13.8642172,
              50.983682
            ],
            [
              13.8644308,
              50.9838329
            ],
            [
              13.8639877,
              50.984133
            ],
            [
              13.8635929,
              50.9843488
            ],
            [
              13.8633443,
              50.984459
            ],
            [
              13.8630426,
              50.9842072
            ],
            [
              13.8627218,
              50.9842921
            ],
            [
              13.8626347,
              50.9843489
            ],
            [
              13.8625671,
              50.9843877
            ],
            [
              13.8622011,
              50.9845489
            ],
            [
              13.8621344,
              50.9845635
            ],
            [
              13.8620335,
              50.984473
            ],
            [
              13.8614139,
              50.9847736
            ],
            [
              13.8613175,
              50.9846912
            ],
            [
              13.8620119,
              50.9843558
            ]
          ]
        ]
      },
      "id": "way/156932866"
    },
    {
      "type": "Feature",
      "properties": {
        "@id": "way/158530414",
        "addr:city": "Pirna",
        "addr:country": "DE",
        "addr:housenumber": "1",
        "addr:postcode": "01796",
        "addr:street": "An der Schule",
        "amenity": "school",
        "building": "school",
        "name": "Grundschule Zehista"
      },
      "geometry": {
        "type": "Polygon",
        "coordinates": [
          [
            [
              13.9213893,
              50.9380263
            ],
            [
              13.9212531,
              50.9379089
            ],
            [
              13.9213456,
              50.9378663
            ],
            [
              13.9212871,
              50.9378159
            ],
            [
              13.92133,
              50.9377961
            ],
            [
              13.9214191,
              50.9378729
            ],
            [
              13.9215321,
              50.9378209
            ],
            [
              13.9216377,
              50.937912
            ],
            [
              13.9213893,
              50.9380263
            ]
          ]
        ]
      },
      "id": "way/158530414"
    },
    {
      "type": "Feature",
      "properties": {
        "@id": "way/163391842",
        "alt_name": "Schillerschule Dresden-Loschwitz",
        "amenity": "school",
        "name": "62. Oberschule Friedrich Schiller",
        "note": "Laut http://www.sn.schule.de/~gs62dd/ auch eine Grundschule?",
        "operator": "Landeshauptstadt Dresden",
        "operator:type": "public",
        "website": "http://www.schiller-schule-dresden.de/"
      },
      "geometry": {
        "type": "Polygon",
        "coordinates": [
          [
            [
              13.8169374,
              51.0524575
            ],
            [
              13.8170456,
              51.052503
            ],
            [
              13.8168954,
              51.0526278
            ],
            [
              13.8172097,
              51.0527848
            ],
            [
              13.8168892,
              51.0529715
            ],
            [
              13.8156902,
              51.0523675
            ],
            [
              13.8164053,
              51.0517264
            ],
            [
              13.8164466,
              51.0517106
            ],
            [
              13.8164913,
              51.0517131
            ],
            [
              13.8173285,
              51.0521239
            ],
            [
              13.8169374,
              51.0524575
            ]
          ]
        ]
      },
      "id": "way/163391842"
    },
    {
      "type": "Feature",
      "properties": {
        "@id": "way/165291382",
        "addr:city": "Dresden",
        "addr:country": "DE",
        "addr:housenumber": "17",
        "addr:postcode": "01309",
        "addr:street": "Paul-Gerhardt-Straße",
        "amenity": "school",
        "building": "school",
        "building:colour": "white",
        "building:levels": "4",
        "name": "IBB Private Ganztagsgrundschule",
        "operator": "IBB Private Schulen Dresden",
        "toilets:wheelchair": "no",
        "wheelchair": "yes"
      },
      "geometry": {
        "type": "Polygon",
        "coordinates": [
          [
            [
              13.782146,
              51.0510624
            ],
            [
              13.7823164,
              51.0509828
            ],
            [
              13.7825359,
              51.0511687
            ],
            [
              13.7826262,
              51.0511265
            ],
            [
              13.78276,
              51.0512399
            ],
            [
              13.7825513,
              51.0513373
            ],
            [
              13.7825079,
              51.0513006
            ],
            [
              13.7824779,
              51.0512751
            ],
            [
              13.7824259,
              51.0512994
            ],
            [
              13.782146,
              51.0510624
            ]
          ]
        ]
      },
      "id": "way/165291382"
    },
    {
      "type": "Feature",
      "properties": {
        "@id": "way/167569926",
        "addr:city": "Dresden",
        "addr:country": "DE",
        "addr:housenumber": "55",
        "addr:postcode": "01237",
        "addr:street": "Pirnaer Landstraße",
        "amenity": "school",
        "check_date": "2024-03-11",
        "fax": "+49 351 2508536",
        "name": "Schule am Landgraben",
        "phone": "+49 351 2571030"
      },
      "geometry": {
        "type": "Polygon",
        "coordinates": [
          [
            [
              13.8144951,
              51.0180372
            ],
            [
              13.8146556,
              51.0177852
            ],
            [
              13.8148724,
              51.0175478
            ],
            [
              13.8150482,
              51.017379
            ],
            [
              13.8156675,
              51.0174958
            ],
            [
              13.8153694,
              51.0182135
            ],
            [
              13.8144951,
              51.0180372
            ]
          ]
        ]
      },
      "id": "way/167569926"
    },
    {
      "type": "Feature",
      "properties": {
        "@id": "way/172436739",
        "addr:city": "Dresden",
        "addr:country": "DE",
        "addr:housenumber": "12a",
        "addr:postcode": "01127",
        "addr:street": "Konkordienstraße",
        "amenity": "school",
        "building": "school",
        "building:levels": "4",
        "name": "8. Grundschule",
        "roof:shape": "flat"
      },
      "geometry": {
        "type": "Polygon",
        "coordinates": [
          [
            [
              13.7275122,
              51.075889
            ],
            [
              13.7277256,
              51.0758321
            ],
            [
              13.7279544,
              51.0761707
            ],
            [
              13.7278183,
              51.076207
            ],
            [
              13.727767,
              51.076131
            ],
            [
              13.7276887,
              51.0761519
            ],
            [
              13.7276051,
              51.0760283
            ],
            [
              13.7275976,
              51.0760172
            ],
            [
              13.7276714,
              51.0759975
            ],
            [
              13.7276253,
              51.0759293
            ],
            [
              13.7275525,
              51.0759487
            ],
            [
              13.7275122,
              51.075889
            ]
          ]
        ]
      },
      "id": "way/172436739"
    },
    {
      "type": "Feature",
      "properties": {
        "@id": "way/175909094",
        "addr:city": "Dresden",
        "addr:country": "DE",
        "addr:housenumber": "35",
        "addr:postcode": "01157",
        "addr:street": "Cossebauder Straße",
        "amenity": "school",
        "check_date": "2024-05-21",
        "name": "Gymnasium Dresden-Cotta",
        "operator": "Landeshauptstadt Dresden Schulverwaltungsamt",
        "phone": "+49 351 4889201",
        "website": "http://www.gymnasium-dresden-cotta.de/",
        "wheelchair": "yes",
        "wikidata": "Q1543284"
      },
      "geometry": {
        "type": "Polygon",
        "coordinates": [
          [
            [
              13.6856177,
              51.0585991
            ],
            [
              13.6856401,
              51.0585542
            ],
            [
              13.685218,
              51.0583643
            ],
            [
              13.6863234,
              51.0574607
            ],
            [
              13.6865524,
              51.0574052
            ],
            [
              13.6872814,
              51.0574886
            ],
            [
              13.6872539,
              51.0576185
            ],
            [
              13.6872712,
              51.0577399
            ],
            [
              13.6869555,
              51.0577142
            ],
            [
              13.6869063,
              51.0579747
            ],
            [
              13.6873164,
              51.0579891
            ],
            [
              13.6872864,
              51.0578044
            ],
            [
              13.6878596,
              51.0577197
            ],
            [
              13.6879189,
              51.0579976
            ],
            [
              13.68785,
              51.0584203
            ],
            [
              13.6876808,
              51.0584129
            ],
            [
              13.6875091,
              51.0584379
            ],
            [
              13.686888,
              51.0586727
            ],
            [
              13.6864025,
              51.0586429
            ],
            [
              13.6856177,
              51.0585991
            ]
          ]
        ]
      },
      "id": "way/175909094"
    },
    {
      "type": "Feature",
      "properties": {
        "@id": "way/180956070",
        "amenity": "school",
        "check_date": "2024-11-02",
        "name": "BSZ für Agrarwirtschaft und Ernährung",
        "operator": "Landeshauptstadt Dresden Schulverwaltungsamt",
        "website": "http://www.bsz-agrar-dd.de/",
        "wheelchair": "no"
      },
      "geometry": {
        "type": "Polygon",
        "coordinates": [
          [
            [
              13.7611924,
              51.0465076
            ],
            [
              13.7605186,
              51.0464516
            ],
            [
              13.7600085,
              51.0464092
            ],
            [
              13.758864,
              51.0463141
            ],
            [
              13.7587338,
              51.0462968
            ],
            [
              13.7586618,
              51.0462667
            ],
            [
              13.758607,
              51.046215
            ],
            [
              13.7608377,
              51.0453279
            ],
            [
              13.7611251,
              51.0462692
            ],
            [
              13.7611924,
              51.0465076
            ]
          ]
        ]
      },
      "id": "way/180956070"
    },
    {
      "type": "Feature",
      "properties": {
        "@id": "way/182920767",
        "amenity": "school",
        "name": "121. Oberschule \"Johann Georg Palitzsch\""
      },
      "geometry": {
        "type": "Polygon",
        "coordinates": [
          [
            [
              13.7914462,
              51.0067616
            ],
            [
              13.79209,
              51.0068426
            ],
            [
              13.7918732,
              51.0081634
            ],
            [
              13.7879186,
              51.0067889
            ],
            [
              13.7879883,
              51.0067201
            ],
            [
              13.7886272,
              51.0060899
            ],
            [
              13.7896331,
              51.0063768
            ],
            [
              13.7914462,
              51.0067616
            ]
          ]
        ]
      },
      "id": "way/182920767"
    },
    {
      "type": "Feature",
      "properties": {
        "@id": "way/184448199",
        "amenity": "school",
        "name": "128. Oberschule Carola von Wasa",
        "website": "https://os128-carola-von-wasa.de/"
      },
      "geometry": {
        "type": "Polygon",
        "coordinates": [
          [
            [
              13.7794737,
              51.0226795
            ],
            [
              13.7786504,
              51.0220128
            ],
            [
              13.7784737,
              51.0218697
            ],
            [
              13.7779427,
              51.0214396
            ],
            [
              13.7782206,
              51.021305
            ],
            [
              13.7785562,
              51.0211425
            ],
            [
              13.7786023,
              51.0211202
            ],
            [
              13.7786275,
              51.0211399
            ],
            [
              13.7789156,
              51.0210004
            ],
            [
              13.779795,
              51.0216869
            ],
            [
              13.7802164,
              51.0223294
            ],
            [
              13.7794737,
              51.0226795
            ]
          ]
        ]
      },
      "id": "way/184448199"
    },
    {
      "type": "Feature",
      "properties": {
        "@id": "way/184448208",
        "amenity": "school",
        "name": "129. Grundschule"
      },
      "geometry": {
        "type": "Polygon",
        "coordinates": [
          [
            [
              13.7762549,
              51.0191037
            ],
            [
              13.775926,
              51.0187842
            ],
            [
              13.7754716,
              51.0183427
            ],
            [
              13.7759888,
              51.0181465
            ],
            [
              13.7761225,
              51.0181541
            ],
            [
              13.7761547,
              51.0181902
            ],
            [
              13.7761751,
              51.0181955
            ],
            [
              13.7762207,
              51.0181808
            ],
            [
              13.7762692,
              51.0181652
            ],
            [
              13.7762431,
              51.0181274
            ],
            [
              13.7762528,
              51.0180654
            ],
            [
              13.77707,
              51.0177258
            ],
            [
              13.7772052,
              51.0177174
            ],
            [
              13.7774137,
              51.0177522
            ],
            [
              13.777571,
              51.0178835
            ],
            [
              13.7775436,
              51.01812
            ],
            [
              13.7773393,
              51.0182125
            ],
            [
              13.7774571,
              51.0183269
            ],
            [
              13.7776645,
              51.0185283
            ],
            [
              13.7774314,
              51.0186196
            ],
            [
              13.7762549,
              51.0191037
            ]
          ]
        ]
      },
      "id": "way/184448208"
    },
    {
      "type": "Feature",
      "properties": {
        "@id": "way/184449726",
        "amenity": "school"
      },
      "geometry": {
        "type": "Polygon",
        "coordinates": [
          [
            [
              13.7622145,
              51.0243693
            ],
            [
              13.760583,
              51.023383
            ],
            [
              13.7606091,
              51.0233666
            ],
            [
              13.7605651,
              51.0232573
            ],
            [
              13.7613549,
              51.022794
            ],
            [
              13.7617491,
              51.0225689
            ],
            [
              13.7633832,
              51.023614
            ],
            [
              13.7622145,
              51.0243693
            ]
          ]
        ]
      },
      "id": "way/184449726"
    },
    {
      "type": "Feature",
      "properties": {
        "@id": "way/184463156",
        "amenity": "school",
        "check_date": "2024-12-22",
        "name": "Oberschule"
      },
      "geometry": {
        "type": "Polygon",
        "coordinates": [
          [
            [
              13.7724917,
              51.0136766
            ],
            [
              13.7697004,
              51.0143423
            ],
            [
              13.7693054,
              51.0144345
            ],
            [
              13.7690547,
              51.0144597
            ],
            [
              13.7688098,
              51.0144869
            ],
            [
              13.7685591,
              51.0144647
            ],
            [
              13.7686213,
              51.0142993
            ],
            [
              13.7686947,
              51.0141529
            ],
            [
              13.7689062,
              51.0138317
            ],
            [
              13.7691246,
              51.0135993
            ],
            [
              13.7695328,
              51.0135591
            ],
            [
              13.7701068,
              51.0134443
            ],
            [
              13.7711228,
              51.0131014
            ],
            [
              13.7712824,
              51.0130653
            ],
            [
              13.7720016,
              51.012898
            ],
            [
              13.7720374,
              51.0129549
            ],
            [
              13.7724917,
              51.0136766
            ]
          ]
        ]
      },
      "id": "way/184463156"
    },
    {
      "type": "Feature",
      "properties": {
        "@id": "way/184761248",
        "amenity": "school",
        "name": "64. Oberschule Hans Grundig",
        "website": "https://64os.de/"
      },
      "geometry": {
        "type": "Polygon",
        "coordinates": [
          [
            [
              13.836797,
              51.024458
            ],
            [
              13.8362141,
              51.0241438
            ],
            [
              13.8373254,
              51.0232876
            ],
            [
              13.8380812,
              51.0236926
            ],
            [
              13.8381581,
              51.0238154
            ],
            [
              13.838062,
              51.0239403
            ],
            [
              13.8376233,
              51.0237852
            ],
            [
              13.8374215,
              51.0239564
            ],
            [
              13.8375387,
              51.0240148
            ],
            [
              13.8378591,
              51.0241743
            ],
            [
              13.8376319,
              51.0244413
            ],
            [
              13.837082,
              51.0242224
            ],
            [
              13.836797,
              51.024458
            ]
          ]
        ]
      },
      "id": "way/184761248"
    },
    {
      "type": "Feature",
      "properties": {
        "@id": "way/185520595",
        "addr:city": "Dresden",
        "addr:country": "DE",
        "addr:housenumber": "61-63",
        "addr:postcode": "01257",
        "addr:street": "Zamenhofstraße",
        "amenity": "school",
        "check_date": "2024-08-20",
        "name": "HOGA Schule",
        "wheelchair": "no"
      },
      "geometry": {
        "type": "Polygon",
        "coordinates": [
          [
            [
              13.8164993,
              51.0102626
            ],
            [
              13.8161886,
              51.0100449
            ],
            [
              13.8158726,
              51.0102125
            ],
            [
              13.8150115,
              51.0096083
            ],
            [
              13.8163187,
              51.0088053
            ],
            [
              13.8174153,
              51.0095771
            ],
            [
              13.8168976,
              51.0099054
            ],
            [
              13.8168673,
              51.0099248
            ],
            [
              13.8168186,
              51.0101028
            ],
            [
              13.8164993,
              51.0102626
            ]
          ]
        ]
      },
      "id": "way/185520595"
    },
    {
      "type": "Feature",
      "properties": {
        "@id": "way/186894042",
        "addr:city": "Dresden",
        "addr:country": "DE",
        "addr:housenumber": "6",
        "addr:postcode": "01187",
        "addr:street": "Nöthnitzer Straße",
        "amenity": "school",
        "name": "55. Oberschule „Gottlieb Traugott Bienert“",
        "note": "2010 umbenannt",
        "old_name": "55. Mittelschule Heinz Steyer",
        "operator": "Landeshauptstadt Dresden Schulverwaltungsamt",
        "phone": "+49 351 4718716",
        "website": "http://www.55-mittelschule-dresden.de/",
        "wheelchair": "no"
      },
      "geometry": {
        "type": "Polygon",
        "coordinates": [
          [
            [
              13.7088637,
              51.0274856
            ],
            [
              13.7089038,
              51.0274923
            ],
            [
              13.7092261,
              51.0279035
            ],
            [
              13.7087866,
              51.0280392
            ],
            [
              13.7088225,
              51.028087
            ],
            [
              13.7089138,
              51.0281458
            ],
            [
              13.7089885,
              51.0281281
            ],
            [
              13.7090481,
              51.0282022
            ],
            [
              13.709183,
              51.0283513
            ],
            [
              13.7093696,
              51.0286694
            ],
            [
              13.7085967,
              51.0288615
            ],
            [
              13.7084192,
              51.0285572
            ],
            [
              13.708259,
              51.0285938
            ],
            [
              13.7081686,
              51.0284372
            ],
            [
              13.708301,
              51.0283683
            ],
            [
              13.7078596,
              51.0280641
            ],
            [
              13.7088637,
              51.0274856
            ]
          ]
        ]
      },
      "id": "way/186894042"
    },
    {
      "type": "Feature",
      "properties": {
        "@id": "way/187822170",
        "addr:housenumber": "25",
        "addr:postcode": "01259",
        "addr:street": "Kleinlugaer Straße",
        "amenity": "school",
        "name": "90. Grundschule"
      },
      "geometry": {
        "type": "Polygon",
        "coordinates": [
          [
            [
              13.834271,
              50.9890921
            ],
            [
              13.8339475,
              50.9884501
            ],
            [
              13.8339731,
              50.9883745
            ],
            [
              13.8341398,
              50.9882943
            ],
            [
              13.834313,
              50.988248
            ],
            [
              13.8344772,
              50.9882166
            ],
            [
              13.8346716,
              50.9881724
            ],
            [
              13.8351735,
              50.9880099
            ],
            [
              13.835339,
              50.9885995
            ],
            [
              13.8354168,
              50.98889
            ],
            [
              13.834271,
              50.9890921
            ]
          ]
        ]
      },
      "id": "way/187822170"
    },
    {
      "type": "Feature",
      "properties": {
        "@id": "way/188619555",
        "amenity": "school",
        "name": "15. Grundschule \"Louisenschule\"",
        "old_name": "15. Grundschule",
        "short_name": "Louisenschule",
        "website": "https://cms.sachsen.schule/gs15dd/aktuelles.html"
      },
      "geometry": {
        "type": "Polygon",
        "coordinates": [
          [
            [
              13.7545948,
              51.067418
            ],
            [
              13.7545922,
              51.0674141
            ],
            [
              13.754588,
              51.0674153
            ],
            [
              13.7545678,
              51.067386
            ],
            [
              13.7545713,
              51.067385
            ],
            [
              13.7544557,
              51.0672174
            ],
            [
              13.7544497,
              51.0672191
            ],
            [
              13.7544271,
              51.0671864
            ],
            [
              13.7544325,
              51.0671849
            ],
            [
              13.7543834,
              51.0671138
            ],
            [
              13.7543747,
              51.0671162
            ],
            [
              13.7542797,
              51.0669784
            ],
            [
              13.7542887,
              51.0669759
            ],
            [
              13.7542411,
              51.066907
            ],
            [
              13.7544018,
              51.0668632
            ],
            [
              13.7544326,
              51.0668548
            ],
            [
              13.7546884,
              51.066767
            ],
            [
              13.75464,
              51.0666949
            ],
            [
              13.7549198,
              51.0666047
            ],
            [
              13.754976,
              51.0666932
            ],
            [
              13.7554272,
              51.0665717
            ],
            [
              13.7556955,
              51.0665015
            ],
            [
              13.7557751,
              51.0666396
            ],
            [
              13.7558016,
              51.0666536
            ],
            [
              13.7559048,
              51.0668016
            ],
            [
              13.7556199,
              51.0668843
            ],
            [
              13.7557401,
              51.0670612
            ],
            [
              13.7557606,
              51.0670891
            ],
            [
              13.7557097,
              51.0671039
            ],
            [
              13.755456,
              51.0671716
            ],
            [
              13.7554141,
              51.0671827
            ],
            [
              13.755261,
              51.0672162
            ],
            [
              13.7547172,
              51.0673623
            ],
            [
              13.754729,
              51.0673815
            ],
            [
              13.7545948,
              51.067418
            ]
          ]
        ]
      },
      "id": "way/188619555"
    },
    {
      "type": "Feature",
      "properties": {
        "@id": "way/189133574",
        "addr:city": "Freital",
        "addr:country": "DE",
        "addr:housenumber": "42",
        "addr:postcode": "01705",
        "addr:street": "Waldblick",
        "amenity": "school",
        "building": "school",
        "check_date": "2024-03-30",
        "name": "Oberschule Waldblick",
        "source": "survey"
      },
      "geometry": {
        "type": "Polygon",
        "coordinates": [
          [
            [
              13.6645755,
              50.9874742
            ],
            [
              13.6645071,
              50.9873771
            ],
            [
              13.6648853,
              50.9872716
            ],
            [
              13.6648464,
              50.9872192
            ],
            [
              13.6648142,
              50.9872285
            ],
            [
              13.6647387,
              50.987124
            ],
            [
              13.665297,
              50.9869701
            ],
            [
              13.6658844,
              50.9868081
            ],
            [
              13.6659555,
              50.9869103
            ],
            [
              13.6658683,
              50.9869339
            ],
            [
              13.6658924,
              50.9869677
            ],
            [
              13.6662058,
              50.9868827
            ],
            [
              13.666335,
              50.9870614
            ],
            [
              13.6659308,
              50.9871737
            ],
            [
              13.6658321,
              50.987031
            ],
            [
              13.6657959,
              50.9870411
            ],
            [
              13.6657458,
              50.9869686
            ],
            [
              13.6655085,
              50.9870339
            ],
            [
              13.6655223,
              50.9870521
            ],
            [
              13.6652755,
              50.9871205
            ],
            [
              13.6652608,
              50.9871011
            ],
            [
              13.6650338,
              50.9871662
            ],
            [
              13.665073,
              50.9872192
            ],
            [
              13.6649604,
              50.9872496
            ],
            [
              13.6650314,
              50.9873535
            ],
            [
              13.6645755,
              50.9874742
            ]
          ]
        ]
      },
      "id": "way/189133574"
    },
    {
      "type": "Feature",
      "properties": {
        "@id": "way/190428653",
        "addr:city": "Dresden",
        "addr:country": "DE",
        "addr:housenumber": "65",
        "addr:postcode": "01217",
        "addr:street": "Gostritzer Straße",
        "amenity": "school",
        "building": "office",
        "building:levels": "5",
        "name": "Institut für Korrosionsschutz",
        "roof:shape": "flat"
      },
      "geometry": {
        "type": "Polygon",
        "coordinates": [
          [
            [
              13.7528551,
              51.01265
            ],
            [
              13.7528008,
              51.0126394
            ],
            [
              13.7527538,
              51.0126193
            ],
            [
              13.7527181,
              51.0125915
            ],
            [
              13.7526969,
              51.0125583
            ],
            [
              13.7526919,
              51.0125227
            ],
            [
              13.7527037,
              51.0124877
            ],
            [
              13.7527311,
              51.0124564
            ],
            [
              13.7527719,
              51.0124315
            ],
            [
              13.7528224,
              51.0124151
            ],
            [
              13.7528783,
              51.0124087
            ],
            [
              13.7529348,
              51.0124129
            ],
            [
              13.7529869,
              51.0124272
            ],
            [
              13.7530301,
              51.0124504
            ],
            [
              13.7530606,
              51.0124805
            ],
            [
              13.7530759,
              51.012515
            ],
            [
              13.7530746,
              51.0125507
            ],
            [
              13.7530704,
              51.0125624
            ],
            [
              13.7530471,
              51.0125954
            ],
            [
              13.7530076,
              51.0126235
            ],
            [
              13.7529779,
              51.0126362
            ],
            [
              13.7529449,
              51.0126453
            ],
            [
              13.7529119,
              51.0126502
            ],
            [
              13.7528551,
              51.01265
            ]
          ]
        ]
      },
      "id": "way/190428653"
    },
    {
      "type": "Feature",
      "properties": {
        "@id": "way/198965982",
        "addr:housenumber": "52",
        "addr:postcode": "01157",
        "addr:street": "Am Lehmberg",
        "amenity": "school",
        "building": "yes",
        "name": "Sächsisches Umschulungs - und Fortbildungswerk Dresden e.V."
      },
      "geometry": {
        "type": "Polygon",
        "coordinates": [
          [
            [
              13.6656691,
              51.0616773
            ],
            [
              13.6656443,
              51.0615644
            ],
            [
              13.665776,
              51.061553
            ],
            [
              13.6658008,
              51.0616659
            ],
            [
              13.6656691,
              51.0616773
            ]
          ]
        ]
      },
      "id": "way/198965982"
    },
    {
      "type": "Feature",
      "properties": {
        "@id": "way/199104810",
        "amenity": "school",
        "building": "school",
        "building:levels": "2",
        "name": "kulturwerk.schule",
        "roof:levels": "1"
      },
      "geometry": {
        "type": "Polygon",
        "coordinates": [
          [
            [
              13.8209922,
              51.0625767
            ],
            [
              13.8208634,
              51.0624985
            ],
            [
              13.8208356,
              51.0625167
            ],
            [
              13.8208305,
              51.0625136
            ],
            [
              13.8207994,
              51.0624947
            ],
            [
              13.8207883,
              51.0625019
            ],
            [
              13.8207068,
              51.0624525
            ],
            [
              13.8207161,
              51.0624464
            ],
            [
              13.8208751,
              51.0623428
            ],
            [
              13.8209764,
              51.0624042
            ],
            [
              13.8209816,
              51.0624009
            ],
            [
              13.8210256,
              51.0624275
            ],
            [
              13.8210207,
              51.0624307
            ],
            [
              13.821122,
              51.0624921
            ],
            [
              13.8209922,
              51.0625767
            ]
          ]
        ]
      },
      "id": "way/199104810"
    },
    {
      "type": "Feature",
      "properties": {
        "@id": "way/200716341",
        "alt_name": "Gemeinschaftsschule Pieschen",
        "amenity": "school",
        "check_date": "2024-07-17",
        "name": "Oberschule Dresden-Pieschen"
      },
      "geometry": {
        "type": "Polygon",
        "coordinates": [
          [
            [
              13.7219986,
              51.0802824
            ],
            [
              13.722084,
              51.0803022
            ],
            [
              13.7222202,
              51.0803393
            ],
            [
              13.7221411,
              51.0804705
            ],
            [
              13.7222525,
              51.0805752
            ],
            [
              13.7225897,
              51.0806634
            ],
            [
              13.7225671,
              51.0806986
            ],
            [
              13.7225891,
              51.0807042
            ],
            [
              13.7225267,
              51.0808011
            ],
            [
              13.722553,
              51.0808079
            ],
            [
              13.7222385,
              51.0807748
            ],
            [
              13.7220033,
              51.0808791
            ],
            [
              13.7219016,
              51.0808676
            ],
            [
              13.7215315,
              51.0808248
            ],
            [
              13.7213568,
              51.0808039
            ],
            [
              13.7213354,
              51.0808284
            ],
            [
              13.721143,
              51.0808297
            ],
            [
              13.721129,
              51.0807284
            ],
            [
              13.7209451,
              51.0807384
            ],
            [
              13.7209231,
              51.0807395
            ],
            [
              13.720899,
              51.0805141
            ],
            [
              13.7209274,
              51.0804067
            ],
            [
              13.7212198,
              51.0803972
            ],
            [
              13.7212198,
              51.0802725
            ],
            [
              13.7212359,
              51.0802733
            ],
            [
              13.7212617,
              51.0801848
            ],
            [
              13.7213667,
              51.0801979
            ],
            [
              13.7214498,
              51.0802065
            ],
            [
              13.7214424,
              51.0802391
            ],
            [
              13.7218177,
              51.0802878
            ],
            [
              13.7219824,
              51.0803091
            ],
            [
              13.7219986,
              51.0802824
            ]
          ]
        ]
      },
      "id": "way/200716341"
    },
    {
      "type": "Feature",
      "properties": {
        "@id": "way/202117663",
        "addr:city": "Dresden",
        "addr:housenumber": "76",
        "addr:postcode": "01127",
        "addr:street": "Leisniger Straße",
        "amenity": "school",
        "name": "Förderzentrum „Anton Semjonowitsch Makarenko“"
      },
      "geometry": {
        "type": "Polygon",
        "coordinates": [
          [
            [
              13.7216544,
              51.0826032
            ],
            [
              13.7218583,
              51.082459
            ],
            [
              13.7220994,
              51.0822836
            ],
            [
              13.7221253,
              51.0822648
            ],
            [
              13.7221467,
              51.0822492
            ],
            [
              13.7223983,
              51.082066
            ],
            [
              13.7224256,
              51.0820462
            ],
            [
              13.7231799,
              51.0824725
            ],
            [
              13.7231696,
              51.0824812
            ],
            [
              13.7228019,
              51.0827915
            ],
            [
              13.7226328,
              51.0829341
            ],
            [
              13.722543,
              51.0830081
            ],
            [
              13.7223228,
              51.0831784
            ],
            [
              13.722301,
              51.0831673
            ],
            [
              13.7220147,
              51.0833998
            ],
            [
              13.7218259,
              51.0833084
            ],
            [
              13.721539,
              51.0831756
            ],
            [
              13.7215519,
              51.0831638
            ],
            [
              13.7216087,
              51.0831199
            ],
            [
              13.7215143,
              51.0830169
            ],
            [
              13.7214897,
              51.0830257
            ],
            [
              13.7212834,
              51.0827986
            ],
            [
              13.7212528,
              51.0827637
            ],
            [
              13.7214866,
              51.0826819
            ],
            [
              13.721617,
              51.0826217
            ],
            [
              13.7216544,
              51.0826032
            ]
          ]
        ]
      },
      "id": "way/202117663"
    },
    {
      "type": "Feature",
      "properties": {
        "@id": "way/206183206",
        "addr:city": "Freital",
        "addr:country": "DE",
        "addr:housenumber": "2",
        "addr:postcode": "01705",
        "addr:street": "Otto-Dix-Straße",
        "addr:suburb": "Burgk",
        "amenity": "school",
        "email": "kontakt@bsz-ftl-dw.de",
        "name": "Berufsschulzentrum Freital",
        "operator": "Landkreis Sächsische Schweiz - Osterzgebirge",
        "phone": "+49 351 649630",
        "website": "https://www.bsz-freital-dippoldiswalde.de/",
        "wheelchair": "limited",
        "wikidata": "Q117815382",
        "wikipedia": "de:Berufliches Schulzentrum „Otto Lilienthal“ Freital–Dippoldiswalde"
      },
      "geometry": {
        "type": "Polygon",
        "coordinates": [
          [
            [
              13.6621923,
              51.0032413
            ],
            [
              13.6627669,
              51.0033338
            ],
            [
              13.663288,
              51.0034358
            ],
            [
              13.6639661,
              51.0036252
            ],
            [
              13.6642458,
              51.0037214
            ],
            [
              13.6645426,
              51.0039188
            ],
            [
              13.6645383,
              51.0039978
            ],
            [
              13.6642927,
              51.0041223
            ],
            [
              13.6630256,
              51.0046827
            ],
            [
              13.662989,
              51.004641
            ],
            [
              13.662942,
              51.0046543
            ],
            [
              13.6628478,
              51.0046811
            ],
            [
              13.6625224,
              51.0050628
            ],
            [
              13.6619395,
              51.0050076
            ],
            [
              13.6611851,
              51.0049235
            ],
            [
              13.6609847,
              51.004805
            ],
            [
              13.6606144,
              51.0043776
            ],
            [
              13.6610354,
              51.0039491
            ],
            [
              13.6617431,
              51.0032545
            ],
            [
              13.661858,
              51.0031611
            ],
            [
              13.6621923,
              51.0032413
            ]
          ]
        ]
      },
      "id": "way/206183206"
    },
    {
      "type": "Feature",
      "properties": {
        "@id": "way/206395580",
        "addr:city": "Dresden",
        "addr:country": "DE",
        "addr:housenumber": "121",
        "addr:postcode": "01139",
        "addr:street": "Lommatzscher Straße",
        "amenity": "school",
        "name": "9. Oberschule Dresden „Am ElbePark“",
        "website": "https://9-oberschule-dresden.de/",
        "wheelchair": "no"
      },
      "geometry": {
        "type": "Polygon",
        "coordinates": [
          [
            [
              13.6975567,
              51.0820339
            ],
            [
              13.6976159,
              51.0815538
            ],
            [
              13.6976623,
              51.0811773
            ],
            [
              13.697694,
              51.0809199
            ],
            [
              13.6977409,
              51.0809039
            ],
            [
              13.6979448,
              51.0811718
            ],
            [
              13.6984544,
              51.0810184
            ],
            [
              13.6984759,
              51.0809502
            ],
            [
              13.6983377,
              51.080737
            ],
            [
              13.6988903,
              51.0805711
            ],
            [
              13.6989353,
              51.0806359
            ],
            [
              13.6989774,
              51.0806966
            ],
            [
              13.6989104,
              51.0811743
            ],
            [
              13.6990512,
              51.0811827
            ],
            [
              13.6990453,
              51.0812198
            ],
            [
              13.6989811,
              51.0816217
            ],
            [
              13.6989783,
              51.0816393
            ],
            [
              13.699003,
              51.0816406
            ],
            [
              13.6989871,
              51.0817403
            ],
            [
              13.6989667,
              51.0818645
            ],
            [
              13.6989265,
              51.0821103
            ],
            [
              13.6976702,
              51.0820402
            ],
            [
              13.6975567,
              51.0820339
            ]
          ]
        ]
      },
      "id": "way/206395580"
    },
    {
      "type": "Feature",
      "properties": {
        "@id": "way/206828834",
        "amenity": "school",
        "name": "Grundschule Oberlößnitz",
        "wheelchair": "no"
      },
      "geometry": {
        "type": "Polygon",
        "coordinates": [
          [
            [
              13.6728907,
              51.1087442
            ],
            [
              13.6727544,
              51.108412
            ],
            [
              13.6731103,
              51.1083545
            ],
            [
              13.6732465,
              51.1086866
            ],
            [
              13.6728907,
              51.1087442
            ]
          ]
        ]
      },
      "id": "way/206828834"
    },
    {
      "type": "Feature",
      "properties": {
        "@id": "way/211660188",
        "addr:city": "Dresden",
        "addr:housenumber": "8",
        "addr:postcode": "01099",
        "addr:street": "Hohnsteiner Straße",
        "amenity": "school",
        "name": "103. Grundschule Dresden „Unterm Regenbogen“",
        "operator": "Landeshauptstadt Dresden, Schulverwaltungsamt"
      },
      "geometry": {
        "type": "Polygon",
        "coordinates": [
          [
            [
              13.7626656,
              51.0667119
            ],
            [
              13.7625229,
              51.0667594
            ],
            [
              13.7623741,
              51.0668047
            ],
            [
              13.7619378,
              51.0662369
            ],
            [
              13.7615704,
              51.0660935
            ],
            [
              13.761352,
              51.0658257
            ],
            [
              13.7611704,
              51.0655567
            ],
            [
              13.761084,
              51.0651523
            ],
            [
              13.7612465,
              51.0651062
            ],
            [
              13.7617239,
              51.0657831
            ],
            [
              13.7623414,
              51.0657299
            ],
            [
              13.762577,
              51.0657685
            ],
            [
              13.7628084,
              51.0660827
            ],
            [
              13.7628611,
              51.0660763
            ],
            [
              13.76293,
              51.0661564
            ],
            [
              13.7632296,
              51.0660696
            ],
            [
              13.7633602,
              51.0660264
            ],
            [
              13.763501,
              51.0659584
            ],
            [
              13.7637354,
              51.0663631
            ],
            [
              13.7626656,
              51.0667119
            ]
          ]
        ]
      },
      "id": "way/211660188"
    },
    {
      "type": "Feature",
      "properties": {
        "@id": "way/212766067",
        "amenity": "school",
        "name": "144. Grundschule",
        "operator": "Sächsische Bildungsagentur Regionalstelle Dresden",
        "website": "https://cms.sachsen.schule/144gsdd/start/"
      },
      "geometry": {
        "type": "Polygon",
        "coordinates": [
          [
            [
              13.7076532,
              51.0800594
            ],
            [
              13.7085522,
              51.0801153
            ],
            [
              13.7087704,
              51.0801289
            ],
            [
              13.7088069,
              51.0801312
            ],
            [
              13.7088369,
              51.0801333
            ],
            [
              13.7088462,
              51.0800876
            ],
            [
              13.7088708,
              51.0799679
            ],
            [
              13.7092411,
              51.0799978
            ],
            [
              13.709391,
              51.0800149
            ],
            [
              13.7092597,
              51.0806345
            ],
            [
              13.7085732,
              51.0808131
            ],
            [
              13.7085347,
              51.0807794
            ],
            [
              13.708506,
              51.0807532
            ],
            [
              13.7081662,
              51.0804684
            ],
            [
              13.7082607,
              51.0804239
            ],
            [
              13.7082949,
              51.0804078
            ],
            [
              13.7081083,
              51.0802513
            ],
            [
              13.7080984,
              51.0802437
            ],
            [
              13.7080819,
              51.080229
            ],
            [
              13.7080631,
              51.0802376
            ],
            [
              13.7079467,
              51.0801426
            ],
            [
              13.7078183,
              51.0802094
            ],
            [
              13.7076271,
              51.0800569
            ],
            [
              13.7076532,
              51.0800594
            ]
          ]
        ]
      },
      "id": "way/212766067"
    },
    {
      "type": "Feature",
      "properties": {
        "@id": "way/222787086",
        "amenity": "school",
        "name": "80. Grundschule „An der Windbergbahn“",
        "operator": "Landeshauptstadt Dresden",
        "source": "bing aerial",
        "wheelchair": "yes"
      },
      "geometry": {
        "type": "Polygon",
        "coordinates": [
          [
            [
              13.6908616,
              51.0117731
            ],
            [
              13.6906899,
              51.0113182
            ],
            [
              13.6906497,
              51.0110052
            ],
            [
              13.6906255,
              51.0107225
            ],
            [
              13.6912076,
              51.010698
            ],
            [
              13.6912384,
              51.0110195
            ],
            [
              13.6917561,
              51.0110009
            ],
            [
              13.6918151,
              51.0116017
            ],
            [
              13.6917879,
              51.011633
            ],
            [
              13.6908616,
              51.0117731
            ]
          ]
        ]
      },
      "id": "way/222787086"
    },
    {
      "type": "Feature",
      "properties": {
        "@id": "way/224021215",
        "addr:city": "Dresden",
        "addr:country": "DE",
        "addr:housenumber": "22",
        "addr:postcode": "01127",
        "addr:street": "Pestalozziplatz",
        "amenity": "school",
        "check_date": "2024-04-03",
        "name": "Pestalozzi-Gymnasium"
      },
      "geometry": {
        "type": "Polygon",
        "coordinates": [
          [
            [
              13.7328523,
              51.0793916
            ],
            [
              13.7328722,
              51.0794251
            ],
            [
              13.7328907,
              51.0794535
            ],
            [
              13.7329132,
              51.079488
            ],
            [
              13.7329328,
              51.0795181
            ],
            [
              13.7329647,
              51.079562
            ],
            [
              13.7332675,
              51.0794849
            ],
            [
              13.7331752,
              51.0793497
            ],
            [
              13.7331385,
              51.0792968
            ],
            [
              13.7331086,
              51.0792533
            ],
            [
              13.7337161,
              51.0790752
            ],
            [
              13.7337416,
              51.0791089
            ],
            [
              13.7337523,
              51.0791409
            ],
            [
              13.7337536,
              51.0791932
            ],
            [
              13.7337215,
              51.0795336
            ],
            [
              13.7337885,
              51.0796709
            ],
            [
              13.7338127,
              51.0797088
            ],
            [
              13.7335765,
              51.0797714
            ],
            [
              13.7334691,
              51.0797999
            ],
            [
              13.7334915,
              51.0798326
            ],
            [
              13.7333515,
              51.0798705
            ],
            [
              13.7333694,
              51.0798989
            ],
            [
              13.733199,
              51.0799458
            ],
            [
              13.7332521,
              51.0800248
            ],
            [
              13.7325377,
              51.0802027
            ],
            [
              13.7325119,
              51.0801639
            ],
            [
              13.7323962,
              51.0799915
            ],
            [
              13.7322568,
              51.0797806
            ],
            [
              13.7321994,
              51.0797012
            ],
            [
              13.732175,
              51.0796601
            ],
            [
              13.7321725,
              51.0796279
            ],
            [
              13.7321779,
              51.0795993
            ],
            [
              13.7321953,
              51.0795605
            ],
            [
              13.7322261,
              51.0795218
            ],
            [
              13.7322838,
              51.0794906
            ],
            [
              13.7328164,
              51.0793389
            ],
            [
              13.7328523,
              51.0793916
            ]
          ]
        ]
      },
      "id": "way/224021215"
    },
    {
      "type": "Feature",
      "properties": {
        "@id": "way/224245805",
        "amenity": "school",
        "check_date": "2024-12-28",
        "name": "37. Grundschule & 36. Oberschule Dresden",
        "operator": "Landeshauptstadt Dresden Schulverwaltungsamt",
        "phone": "+49 351 4121476;+49 351 4121399",
        "website": "https://www.36osdd.de/",
        "wheelchair": "limited"
      },
      "geometry": {
        "type": "Polygon",
        "coordinates": [
          [
            [
              13.6903948,
              51.0434193
            ],
            [
              13.6901293,
              51.0440947
            ],
            [
              13.6896474,
              51.0440176
            ],
            [
              13.6877408,
              51.0437127
            ],
            [
              13.6877019,
              51.0436823
            ],
            [
              13.6878668,
              51.0430474
            ],
            [
              13.6879285,
              51.0430213
            ],
            [
              13.6884198,
              51.0431006
            ],
            [
              13.6888131,
              51.043164
            ],
            [
              13.6898217,
              51.0433268
            ],
            [
              13.6903948,
              51.0434193
            ]
          ]
        ]
      },
      "id": "way/224245805"
    },
    {
      "type": "Feature",
      "properties": {
        "@id": "way/225428735",
        "amenity": "school",
        "name": "Berufliches Schulzentrum für Gesundheit und Sozialwesen „Karl August Lingner“",
        "wheelchair": "limited"
      },
      "geometry": {
        "type": "Polygon",
        "coordinates": [
          [
            [
              13.7317019,
              51.0886912
            ],
            [
              13.7312188,
              51.0879951
            ],
            [
              13.7320569,
              51.0878284
            ],
            [
              13.7324436,
              51.0877358
            ],
            [
              13.7327144,
              51.0881905
            ],
            [
              13.7328227,
              51.0883495
            ],
            [
              13.7329245,
              51.0885052
            ],
            [
              13.7327492,
              51.088532
            ],
            [
              13.7327166,
              51.0885362
            ],
            [
              13.7318363,
              51.0886695
            ],
            [
              13.7317791,
              51.0886781
            ],
            [
              13.7317329,
              51.0886854
            ],
            [
              13.7317019,
              51.0886912
            ]
          ]
        ]
      },
      "id": "way/225428735"
    },
    {
      "type": "Feature",
      "properties": {
        "@id": "way/225434148",
        "amenity": "school",
        "name": "Berufliches Schulzentrum für Gesundheit und Sozialwesen „Karl August Lingner“"
      },
      "geometry": {
        "type": "Polygon",
        "coordinates": [
          [
            [
              13.7332172,
              51.0893489
            ],
            [
              13.7332724,
              51.0893174
            ],
            [
              13.733309,
              51.0892965
            ],
            [
              13.7336665,
              51.0890912
            ],
            [
              13.7336799,
              51.0890987
            ],
            [
              13.7338172,
              51.089023
            ],
            [
              13.7339253,
              51.0889589
            ],
            [
              13.7342665,
              51.0888577
            ],
            [
              13.7346663,
              51.0893418
            ],
            [
              13.7350047,
              51.0897422
            ],
            [
              13.7347212,
              51.0898725
            ],
            [
              13.7349036,
              51.0900608
            ],
            [
              13.734885,
              51.090068
            ],
            [
              13.7345628,
              51.0901923
            ],
            [
              13.7343965,
              51.0900348
            ],
            [
              13.7342406,
              51.090089
            ],
            [
              13.7338797,
              51.0898476
            ],
            [
              13.7335234,
              51.0895437
            ],
            [
              13.7332172,
              51.0893489
            ]
          ]
        ]
      },
      "id": "way/225434148"
    },
    {
      "type": "Feature",
      "properties": {
        "@id": "way/225542759",
        "amenity": "school",
        "check_date": "2024-09-08",
        "name": "Berufliches Schulzentrum für Gesundheit und Sozialwesen „Karl August Lingner“"
      },
      "geometry": {
        "type": "Polygon",
        "coordinates": [
          [
            [
              13.7343261,
              51.090504
            ],
            [
              13.7350378,
              51.0901808
            ],
            [
              13.7349757,
              51.0901281
            ],
            [
              13.7356136,
              51.0898441
            ],
            [
              13.7357161,
              51.0898357
            ],
            [
              13.7357828,
              51.0898661
            ],
            [
              13.7360814,
              51.0901299
            ],
            [
              13.736298,
              51.0902111
            ],
            [
              13.7364114,
              51.0903153
            ],
            [
              13.7362539,
              51.0903916
            ],
            [
              13.73587,
              51.0905998
            ],
            [
              13.7354663,
              51.090823
            ],
            [
              13.735182,
              51.0910277
            ],
            [
              13.7343261,
              51.090504
            ]
          ]
        ]
      },
      "id": "way/225542759"
    },
    {
      "type": "Feature",
      "properties": {
        "@id": "way/225750172",
        "amenity": "school",
        "name": "Schule für Hörgeschädigte „Johann-Friedrich-Jencke-Schule“"
      },
      "geometry": {
        "type": "Polygon",
        "coordinates": [
          [
            [
              13.7347131,
              51.0883673
            ],
            [
              13.7348129,
              51.0883303
            ],
            [
              13.735962,
              51.0879266
            ],
            [
              13.735979,
              51.0879461
            ],
            [
              13.736317,
              51.0878214
            ],
            [
              13.736772,
              51.0876613
            ],
            [
              13.7367928,
              51.0876848
            ],
            [
              13.736874,
              51.0876549
            ],
            [
              13.7368565,
              51.0876309
            ],
            [
              13.7371475,
              51.0875269
            ],
            [
              13.7372079,
              51.0875138
            ],
            [
              13.7372676,
              51.0875067
            ],
            [
              13.7373219,
              51.0875134
            ],
            [
              13.7373856,
              51.0875307
            ],
            [
              13.7374258,
              51.0875471
            ],
            [
              13.737465,
              51.0875721
            ],
            [
              13.7374833,
              51.0875943
            ],
            [
              13.7375061,
              51.0876288
            ],
            [
              13.7375316,
              51.0877013
            ],
            [
              13.7376516,
              51.0880852
            ],
            [
              13.7375715,
              51.0880956
            ],
            [
              13.7374762,
              51.0881074
            ],
            [
              13.7369901,
              51.0881671
            ],
            [
              13.7370012,
              51.0882098
            ],
            [
              13.7370576,
              51.0884261
            ],
            [
              13.7370743,
              51.0884903
            ],
            [
              13.7372274,
              51.088474
            ],
            [
              13.7372367,
              51.0885122
            ],
            [
              13.7373494,
              51.0885009
            ],
            [
              13.7373866,
              51.0884829
            ],
            [
              13.7374121,
              51.0884608
            ],
            [
              13.7374312,
              51.0884368
            ],
            [
              13.7374373,
              51.0884116
            ],
            [
              13.7377288,
              51.0883874
            ],
            [
              13.7377469,
              51.0884862
            ],
            [
              13.7377676,
              51.0886413
            ],
            [
              13.7378628,
              51.0892377
            ],
            [
              13.7379312,
              51.0896973
            ],
            [
              13.7377775,
              51.0897412
            ],
            [
              13.7377341,
              51.0897044
            ],
            [
              13.7375235,
              51.0897541
            ],
            [
              13.737537,
              51.089797
            ],
            [
              13.7370224,
              51.0898996
            ],
            [
              13.737119,
              51.0901118
            ],
            [
              13.7370657,
              51.0901254
            ],
            [
              13.7368758,
              51.0901736
            ],
            [
              13.7367835,
              51.0902004
            ],
            [
              13.7365675,
              51.0902632
            ],
            [
              13.7364114,
              51.0903153
            ],
            [
              13.736298,
              51.0902111
            ],
            [
              13.7360814,
              51.0901299
            ],
            [
              13.7357828,
              51.0898661
            ],
            [
              13.7357161,
              51.0898357
            ],
            [
              13.7356136,
              51.0898441
            ],
            [
              13.73565,
              51.0898279
            ],
            [
              13.7356411,
              51.0898132
            ],
            [
              13.7356317,
              51.0897998
            ],
            [
              13.7356429,
              51.0897714
            ],
            [
              13.7356339,
              51.0897516
            ],
            [
              13.7354466,
              51.0895664
            ],
            [
              13.7350047,
              51.0897422
            ],
            [
              13.7346663,
              51.0893418
            ],
            [
              13.7342665,
              51.0888577
            ],
            [
              13.7343634,
              51.0888277
            ],
            [
              13.7344323,
              51.0888064
            ],
            [
              13.7345409,
              51.0887727
            ],
            [
              13.7346469,
              51.0887416
            ],
            [
              13.7346899,
              51.0887278
            ],
            [
              13.7348777,
              51.0886671
            ],
            [
              13.7349267,
              51.0886504
            ],
            [
              13.7348279,
              51.0885259
            ],
            [
              13.73472,
              51.0883769
            ],
            [
              13.7347131,
              51.0883673
            ]
          ]
        ]
      },
      "id": "way/225750172"
    },
    {
      "type": "Feature",
      "properties": {
        "@id": "way/227645284",
        "addr:city": "Dresden",
        "addr:country": "DE",
        "addr:housenumber": "15",
        "addr:postcode": "01069",
        "addr:street": "Terrassenufer",
        "amenity": "school",
        "isced:level": "2;3",
        "name": "Bauauslagerungsstandort Bertolt-Brecht-Gymnasium",
        "website": "https://bebe-dresden.de/"
      },
      "geometry": {
        "type": "Polygon",
        "coordinates": [
          [
            [
              13.7516482,
              51.0527406
            ],
            [
              13.7515394,
              51.0532272
            ],
            [
              13.7509893,
              51.0540311
            ],
            [
              13.7502079,
              51.0538684
            ],
            [
              13.7496276,
              51.0537442
            ],
            [
              13.749721,
              51.0534882
            ],
            [
              13.7497721,
              51.0533481
            ],
            [
              13.7499769,
              51.0527489
            ],
            [
              13.7500492,
              51.0527535
            ],
            [
              13.7502525,
              51.0527663
            ],
            [
              13.7502719,
              51.052679
            ],
            [
              13.7516482,
              51.0527406
            ]
          ]
        ]
      },
      "id": "way/227645284"
    },
    {
      "type": "Feature",
      "properties": {
        "@id": "way/230470961",
        "amenity": "school",
        "name": "66. Oberschule Dresden",
        "website": "https://www.66ms.de/"
      },
      "geometry": {
        "type": "Polygon",
        "coordinates": [
          [
            [
              13.8303123,
              51.0123239
            ],
            [
              13.8295433,
              51.0115922
            ],
            [
              13.8290742,
              51.0111386
            ],
            [
              13.8296045,
              51.010918
            ],
            [
              13.8305157,
              51.0117957
            ],
            [
              13.8302673,
              51.0119012
            ],
            [
              13.8305996,
              51.0122132
            ],
            [
              13.8303123,
              51.0123239
            ]
          ]
        ]
      },
      "id": "way/230470961"
    },
    {
      "type": "Feature",
      "properties": {
        "@id": "way/231026657",
        "amenity": "school",
        "name": "Sportgymnasium Dresden",
        "website": "https://www.sportgymnasium.de/",
        "wheelchair": "yes",
        "wikidata": "Q2312510"
      },
      "geometry": {
        "type": "Polygon",
        "coordinates": [
          [
            [
              13.7174988,
              51.0685156
            ],
            [
              13.7176037,
              51.0684895
            ],
            [
              13.7176888,
              51.0684682
            ],
            [
              13.7177566,
              51.0684479
            ],
            [
              13.7181097,
              51.0683568
            ],
            [
              13.7184168,
              51.0682772
            ],
            [
              13.7185241,
              51.0682502
            ],
            [
              13.7188802,
              51.0681668
            ],
            [
              13.7189661,
              51.0681449
            ],
            [
              13.7190455,
              51.0681247
            ],
            [
              13.7196215,
              51.067973
            ],
            [
              13.7199451,
              51.0680866
            ],
            [
              13.720067,
              51.0681964
            ],
            [
              13.7200919,
              51.0682171
            ],
            [
              13.7201988,
              51.0683046
            ],
            [
              13.7204564,
              51.0685185
            ],
            [
              13.720557,
              51.0686006
            ],
            [
              13.7205839,
              51.0686235
            ],
            [
              13.720545,
              51.0686416
            ],
            [
              13.7205165,
              51.0686591
            ],
            [
              13.720503,
              51.0686761
            ],
            [
              13.7205101,
              51.0686904
            ],
            [
              13.7205126,
              51.0687073
            ],
            [
              13.720514,
              51.0687273
            ],
            [
              13.7205041,
              51.0687481
            ],
            [
              13.7204053,
              51.0688364
            ],
            [
              13.7203942,
              51.0688463
            ],
            [
              13.7203826,
              51.0688567
            ],
            [
              13.7203591,
              51.0688776
            ],
            [
              13.7202172,
              51.0690043
            ],
            [
              13.7201659,
              51.0690501
            ],
            [
              13.7201488,
              51.0690654
            ],
            [
              13.7201321,
              51.0690803
            ],
            [
              13.7200531,
              51.0691509
            ],
            [
              13.7200231,
              51.0691777
            ],
            [
              13.7199948,
              51.069203
            ],
            [
              13.7198857,
              51.0693004
            ],
            [
              13.7196843,
              51.0694802
            ],
            [
              13.7176949,
              51.0695813
            ],
            [
              13.7176255,
              51.0689885
            ],
            [
              13.7176205,
              51.0689554
            ],
            [
              13.717563,
              51.0689581
            ],
            [
              13.7175351,
              51.0687563
            ],
            [
              13.7174988,
              51.0685156
            ]
          ]
        ]
      },
      "id": "way/231026657"
    },
    {
      "type": "Feature",
      "properties": {
        "@id": "way/232633237",
        "amenity": "school",
        "name": "Förderzentrum Dinglingerschule",
        "website": "https://cms.sachsen.schule/szldingdd/willkommen/"
      },
      "geometry": {
        "type": "Polygon",
        "coordinates": [
          [
            [
              13.7580908,
              51.0476368
            ],
            [
              13.7589865,
              51.0474814
            ],
            [
              13.759976,
              51.0473097
            ],
            [
              13.7602597,
              51.0482213
            ],
            [
              13.7592497,
              51.0484057
            ],
            [
              13.7591398,
              51.0484258
            ],
            [
              13.7590071,
              51.0481547
            ],
            [
              13.7583429,
              51.0482784
            ],
            [
              13.7582477,
              51.0480361
            ],
            [
              13.7580908,
              51.0476368
            ]
          ]
        ]
      },
      "id": "way/232633237"
    },
    {
      "type": "Feature",
      "properties": {
        "@id": "way/232633244",
        "amenity": "school",
        "name": "113. Grundschule „Canaletto“"
      },
      "geometry": {
        "type": "Polygon",
        "coordinates": [
          [
            [
              13.7597205,
              51.0465891
            ],
            [
              13.7598903,
              51.047068
            ],
            [
              13.759976,
              51.0473097
            ],
            [
              13.7589865,
              51.0474814
            ],
            [
              13.7580908,
              51.0476368
            ],
            [
              13.7577783,
              51.046867
            ],
            [
              13.7583163,
              51.0467737
            ],
            [
              13.7582604,
              51.0466143
            ],
            [
              13.7582404,
              51.0465947
            ],
            [
              13.7581538,
              51.0466059
            ],
            [
              13.7580661,
              51.0464234
            ],
            [
              13.7581308,
              51.0463941
            ],
            [
              13.758195,
              51.0463786
            ],
            [
              13.7582427,
              51.0463755
            ],
            [
              13.7583021,
              51.0463824
            ],
            [
              13.7584471,
              51.0464369
            ],
            [
              13.7585835,
              51.0464803
            ],
            [
              13.758575,
              51.046494
            ],
            [
              13.7586153,
              51.0465008
            ],
            [
              13.7587248,
              51.0465095
            ],
            [
              13.7597205,
              51.0465891
            ]
          ]
        ]
      },
      "id": "way/232633244"
    },
    {
      "type": "Feature",
      "properties": {
        "@id": "way/233750554",
        "addr:city": "Dresden",
        "addr:housenumber": "30/32",
        "addr:postcode": "01099",
        "addr:street": "Glacisstraße",
        "amenity": "school",
        "check_date": "2025-02-11",
        "education": "music",
        "email": "hskd@musik-macht-freunde.de",
        "fax": "+49 351 8282699",
        "name": "Heinrich-Schütz-Konservatorium Dresden",
        "operator": "Eigenbetrieb Heinrich-Schütz-Konservatorium der Landeshauptstadt Dresden",
        "operator:type": "public",
        "phone": "+49 351 8282645",
        "website": "https://www.hskd.de/",
        "wikidata": "Q1596465"
      },
      "geometry": {
        "type": "Polygon",
        "coordinates": [
          [
            [
              13.7502812,
              51.06142
            ],
            [
              13.7503214,
              51.0614342
            ],
            [
              13.750319,
              51.0614369
            ],
            [
              13.7506123,
              51.0615403
            ],
            [
              13.7509578,
              51.0616601
            ],
            [
              13.7509132,
              51.0617105
            ],
            [
              13.7509599,
              51.0617263
            ],
            [
              13.7509573,
              51.0617288
            ],
            [
              13.7510468,
              51.0617601
            ],
            [
              13.7512069,
              51.0618139
            ],
            [
              13.751184,
              51.0618656
            ],
            [
              13.7513866,
              51.0619108
            ],
            [
              13.7512043,
              51.0623238
            ],
            [
              13.7507596,
              51.0623277
            ],
            [
              13.7506275,
              51.0622819
            ],
            [
              13.7505878,
              51.0622682
            ],
            [
              13.7505852,
              51.0622708
            ],
            [
              13.7503905,
              51.0622065
            ],
            [
              13.7503925,
              51.0622044
            ],
            [
              13.7503456,
              51.0621876
            ],
            [
              13.7504222,
              51.0621004
            ],
            [
              13.7504131,
              51.062098
            ],
            [
              13.7503727,
              51.0620872
            ],
            [
              13.7499963,
              51.0619852
            ],
            [
              13.749854,
              51.061938
            ],
            [
              13.7499685,
              51.0617967
            ],
            [
              13.7500021,
              51.0617564
            ],
            [
              13.7500268,
              51.0617291
            ],
            [
              13.7500994,
              51.0616399
            ],
            [
              13.7502285,
              51.0614886
            ],
            [
              13.7502253,
              51.0614878
            ],
            [
              13.7502516,
              51.0614575
            ],
            [
              13.750255,
              51.0614585
            ],
            [
              13.7502603,
              51.0614516
            ],
            [
              13.7502708,
              51.0614358
            ],
            [
              13.7502812,
              51.06142
            ]
          ]
        ]
      },
      "id": "way/233750554"
    },
    {
      "type": "Feature",
      "properties": {
        "@id": "way/233943297",
        "amenity": "school",
        "barrier": "fence",
        "name": "SRH Hotel-Akademie Dresden",
        "phone": "+49 351 40761720",
        "website": "http://www.hotel-akademie.com"
      },
      "geometry": {
        "type": "Polygon",
        "coordinates": [
          [
            [
              13.7478232,
              51.0620855
            ],
            [
              13.7475353,
              51.062208
            ],
            [
              13.7474155,
              51.0622586
            ],
            [
              13.7472732,
              51.0623188
            ],
            [
              13.7470128,
              51.0624275
            ],
            [
              13.7469022,
              51.0623538
            ],
            [
              13.7468204,
              51.0623003
            ],
            [
              13.7467144,
              51.0622552
            ],
            [
              13.7468186,
              51.0621022
            ],
            [
              13.7469387,
              51.0618974
            ],
            [
              13.747087,
              51.06169
            ],
            [
              13.7474957,
              51.0618042
            ],
            [
              13.7475657,
              51.0618251
            ],
            [
              13.7478232,
              51.0620855
            ]
          ]
        ]
      },
      "id": "way/233943297"
    },
    {
      "type": "Feature",
      "properties": {
        "@id": "way/234389466",
        "alt_name": "Oberschule Dresden Neustadt",
        "amenity": "school",
        "name": "30. Oberschule",
        "website": "https://cms.sachsen.schule/os30dd"
      },
      "geometry": {
        "type": "Polygon",
        "coordinates": [
          [
            [
              13.7494296,
              51.0597202
            ],
            [
              13.7492354,
              51.0596193
            ],
            [
              13.7495503,
              51.0593813
            ],
            [
              13.7495709,
              51.0593669
            ],
            [
              13.7495392,
              51.0593503
            ],
            [
              13.7499648,
              51.0590271
            ],
            [
              13.7506513,
              51.0594026
            ],
            [
              13.7506701,
              51.0593881
            ],
            [
              13.7514671,
              51.0596656
            ],
            [
              13.7512611,
              51.0599151
            ],
            [
              13.7511905,
              51.0600005
            ],
            [
              13.7511458,
              51.0600546
            ],
            [
              13.7509456,
              51.0599822
            ],
            [
              13.7508438,
              51.0599453
            ],
            [
              13.7504957,
              51.0598228
            ],
            [
              13.7504876,
              51.0598221
            ],
            [
              13.7504043,
              51.0598991
            ],
            [
              13.7503754,
              51.0599215
            ],
            [
              13.7501185,
              51.0601173
            ],
            [
              13.750078,
              51.0600832
            ],
            [
              13.7496917,
              51.0598747
            ],
            [
              13.7496763,
              51.059886
            ],
            [
              13.7496364,
              51.0598644
            ],
            [
              13.749591,
              51.0598399
            ],
            [
              13.7496062,
              51.0598288
            ],
            [
              13.7494191,
              51.0597279
            ],
            [
              13.7494296,
              51.0597202
            ]
          ]
        ]
      },
      "id": "way/234389466"
    },
    {
      "type": "Feature",
      "properties": {
        "@id": "way/234708963",
        "addr:city": "Dresden",
        "addr:country": "DE",
        "addr:housenumber": "27",
        "addr:postcode": "01129",
        "addr:street": "Hellerhofstraße",
        "amenity": "school",
        "building": "school",
        "name": "BSZ für Technik und Wirtschaft Dresden: Berufsschule für Körperbehinderte",
        "operator": "Landeshauptstadt Dresden",
        "operator:type": "public"
      },
      "geometry": {
        "type": "Polygon",
        "coordinates": [
          [
            [
              13.7284686,
              51.0981909
            ],
            [
              13.7287447,
              51.0983094
            ],
            [
              13.7285664,
              51.0984732
            ],
            [
              13.7290011,
              51.0986598
            ],
            [
              13.7292222,
              51.0984567
            ],
            [
              13.7293431,
              51.0985086
            ],
            [
              13.7289784,
              51.0988436
            ],
            [
              13.7281467,
              51.0984865
            ],
            [
              13.7284686,
              51.0981909
            ]
          ]
        ]
      },
      "id": "way/234708963"
    },
    {
      "type": "Feature",
      "properties": {
        "@id": "way/236870443",
        "amenity": "school",
        "name": "Förderzentrum \"A. S. Makarenko\" (Außenstelle)"
      },
      "geometry": {
        "type": "Polygon",
        "coordinates": [
          [
            [
              13.8208584,
              51.0622407
            ],
            [
              13.8213412,
              51.06254
            ],
            [
              13.8212003,
              51.062639
            ],
            [
              13.8212081,
              51.0626461
            ],
            [
              13.8210535,
              51.0627578
            ],
            [
              13.8210013,
              51.0627914
            ],
            [
              13.8209944,
              51.0627876
            ],
            [
              13.8209544,
              51.0627633
            ],
            [
              13.8208503,
              51.0626991
            ],
            [
              13.8208236,
              51.0626844
            ],
            [
              13.8205743,
              51.06285
            ],
            [
              13.8203451,
              51.0627094
            ],
            [
              13.8205819,
              51.0625338
            ],
            [
              13.8204763,
              51.0624698
            ],
            [
              13.8205936,
              51.0623934
            ],
            [
              13.8206105,
              51.0623824
            ],
            [
              13.8208584,
              51.0622407
            ]
          ]
        ]
      },
      "id": "way/236870443"
    },
    {
      "type": "Feature",
      "properties": {
        "@id": "way/239024792",
        "amenity": "school",
        "check_date": "2025-04-20",
        "name": "Semper Schulen Dresden",
        "website": "http://www.ews-dresden.de/"
      },
      "geometry": {
        "type": "Polygon",
        "coordinates": [
          [
            [
              13.7419597,
              51.0645014
            ],
            [
              13.7419316,
              51.0645039
            ],
            [
              13.7419042,
              51.0645093
            ],
            [
              13.7418918,
              51.0645115
            ],
            [
              13.7418727,
              51.0645132
            ],
            [
              13.7418743,
              51.0645206
            ],
            [
              13.7418211,
              51.0645253
            ],
            [
              13.7418195,
              51.0645179
            ],
            [
              13.7417971,
              51.0645199
            ],
            [
              13.741796,
              51.0645149
            ],
            [
              13.741547,
              51.0645366
            ],
            [
              13.7415479,
              51.0645408
            ],
            [
              13.7415262,
              51.0645427
            ],
            [
              13.7415278,
              51.06455
            ],
            [
              13.7414735,
              51.0645547
            ],
            [
              13.741472,
              51.0645479
            ],
            [
              13.7414543,
              51.0645494
            ],
            [
              13.7413884,
              51.0645513
            ],
            [
              13.7413859,
              51.0645474
            ],
            [
              13.7413604,
              51.0644383
            ],
            [
              13.7413499,
              51.0643932
            ],
            [
              13.7413451,
              51.0643729
            ],
            [
              13.7413386,
              51.0643451
            ],
            [
              13.7413322,
              51.0643174
            ],
            [
              13.7413354,
              51.0643171
            ],
            [
              13.7413333,
              51.0643083
            ],
            [
              13.7413293,
              51.0643086
            ],
            [
              13.741321,
              51.064273
            ],
            [
              13.7413238,
              51.0642727
            ],
            [
              13.7413222,
              51.0642657
            ],
            [
              13.7413182,
              51.0642661
            ],
            [
              13.7413103,
              51.0642322
            ],
            [
              13.7413125,
              51.064232
            ],
            [
              13.74131,
              51.064221
            ],
            [
              13.7413037,
              51.0642216
            ],
            [
              13.74128,
              51.06412
            ],
            [
              13.7412762,
              51.0641026
            ],
            [
              13.7414448,
              51.0640854
            ],
            [
              13.7416843,
              51.0640611
            ],
            [
              13.7418469,
              51.0640447
            ],
            [
              13.7418522,
              51.0640672
            ],
            [
              13.7418777,
              51.0641686
            ],
            [
              13.7419016,
              51.0642851
            ],
            [
              13.7419153,
              51.0643436
            ],
            [
              13.7419597,
              51.0645014
            ]
          ]
        ]
      },
      "id": "way/239024792"
    },
    {
      "type": "Feature",
      "properties": {
        "@id": "way/239358368",
        "addr:city": "Freital",
        "addr:housenumber": "6",
        "addr:postcode": "01705",
        "addr:street": "Zum Weinberg",
        "amenity": "school",
        "name": "Grundschule Pesterwitz",
        "phone": "+49 351 6502877",
        "website": "http://www.gs-pesterwitz.de/",
        "wheelchair": "no"
      },
      "geometry": {
        "type": "Polygon",
        "coordinates": [
          [
            [
              13.6512149,
              51.0287415
            ],
            [
              13.6512077,
              51.0288011
            ],
            [
              13.6511693,
              51.0288032
            ],
            [
              13.6512071,
              51.0288043
            ],
            [
              13.6512015,
              51.0291631
            ],
            [
              13.6505201,
              51.02916
            ],
            [
              13.6504628,
              51.0291526
            ],
            [
              13.6504755,
              51.0290114
            ],
            [
              13.6503517,
              51.0290234
            ],
            [
              13.6503205,
              51.0290246
            ],
            [
              13.6502344,
              51.0290242
            ],
            [
              13.6502344,
              51.0290216
            ],
            [
              13.6502349,
              51.0289812
            ],
            [
              13.6500804,
              51.0289805
            ],
            [
              13.6500806,
              51.0289652
            ],
            [
              13.6500581,
              51.0289651
            ],
            [
              13.6500565,
              51.0290843
            ],
            [
              13.649863,
              51.0290832
            ],
            [
              13.6498666,
              51.0288435
            ],
            [
              13.6497534,
              51.0288423
            ],
            [
              13.6497705,
              51.028822
            ],
            [
              13.6498452,
              51.0287288
            ],
            [
              13.6498881,
              51.0286846
            ],
            [
              13.6499286,
              51.0286503
            ],
            [
              13.6499664,
              51.0286348
            ],
            [
              13.6500016,
              51.0286265
            ],
            [
              13.6500703,
              51.0286223
            ],
            [
              13.6501384,
              51.0286223
            ],
            [
              13.6503815,
              51.028622
            ],
            [
              13.6504569,
              51.0286169
            ],
            [
              13.6507537,
              51.028619
            ],
            [
              13.6509341,
              51.02862
            ],
            [
              13.6511469,
              51.0286278
            ],
            [
              13.6512552,
              51.0286315
            ],
            [
              13.6512461,
              51.0287423
            ],
            [
              13.6512149,
              51.0287415
            ]
          ]
        ]
      },
      "id": "way/239358368"
    },
    {
      "type": "Feature",
      "properties": {
        "@id": "way/242027454",
        "amenity": "school",
        "name": "89. Grundschule"
      },
      "geometry": {
        "type": "Polygon",
        "coordinates": [
          [
            [
              13.8246884,
              51.000196
            ],
            [
              13.8241841,
              50.9997976
            ],
            [
              13.8241815,
              50.9997749
            ],
            [
              13.8249191,
              50.9993335
            ],
            [
              13.8249509,
              50.9993318
            ],
            [
              13.8249816,
              50.999342
            ],
            [
              13.8253697,
              50.9998491
            ],
            [
              13.8246884,
              51.000196
            ]
          ]
        ]
      },
      "id": "way/242027454"
    },
    {
      "type": "Feature",
      "properties": {
        "@id": "way/252342168",
        "amenity": "school",
        "check_date": "2025-04-06",
        "name": "75. Grundschule",
        "wheelchair": "yes"
      },
      "geometry": {
        "type": "Polygon",
        "coordinates": [
          [
            [
              13.6673917,
              51.0595502
            ],
            [
              13.6681348,
              51.0595949
            ],
            [
              13.6680355,
              51.059841
            ],
            [
              13.6685555,
              51.0599155
            ],
            [
              13.668414,
              51.060275
            ],
            [
              13.6676756,
              51.0601693
            ],
            [
              13.667606,
              51.0603594
            ],
            [
              13.6671185,
              51.0602851
            ],
            [
              13.6673917,
              51.0595502
            ]
          ]
        ]
      },
      "id": "way/252342168"
    },
    {
      "type": "Feature",
      "properties": {
        "@id": "way/252482036",
        "addr:city": "Dresden",
        "addr:country": "DE",
        "addr:housenumber": "40",
        "addr:postcode": "01307",
        "addr:street": "Pfotenhauerstraße",
        "amenity": "school",
        "check_date": "2025-05-10",
        "name": "102. Grundschule „Johanna“",
        "operator": "Landeshauptstadt Dresden Schulverwaltungsamt",
        "phone": "+49 351 4593168",
        "website": "https://cms.sachsen.schule/gs102dd/unsere-schule",
        "wheelchair": "limited"
      },
      "geometry": {
        "type": "Polygon",
        "coordinates": [
          [
            [
              13.7661253,
              51.0551151
            ],
            [
              13.7669271,
              51.0553743
            ],
            [
              13.7669353,
              51.0556145
            ],
            [
              13.7663783,
              51.0562999
            ],
            [
              13.7655882,
              51.0561264
            ],
            [
              13.7653837,
              51.0560815
            ],
            [
              13.7661253,
              51.0551151
            ]
          ]
        ]
      },
      "id": "way/252482036"
    },
    {
      "type": "Feature",
      "properties": {
        "@id": "way/252482038",
        "addr:city": "Dresden",
        "addr:country": "DE",
        "addr:housenumber": "42;44",
        "addr:postcode": "01307",
        "addr:street": "Pfotenhauerstraße",
        "amenity": "school",
        "check_date": "2024-08-31",
        "comment": "Am Eingang befindet sich ein Hausnummerschild \"42\" und am Briefkasten steht \"42/44\"",
        "email": "MS_101@dresdner-schulen.de",
        "name": "101. Oberschule Dresden „Johannes Gutenberg“",
        "phone": "+49 351 44039190",
        "website": "http://101ms-dresden.bplaced.de/"
      },
      "geometry": {
        "type": "Polygon",
        "coordinates": [
          [
            [
              13.7670728,
              51.0563224
            ],
            [
              13.767043,
              51.0562753
            ],
            [
              13.7670099,
              51.0562231
            ],
            [
              13.7668877,
              51.0561846
            ],
            [
              13.7672694,
              51.0557142
            ],
            [
              13.7672939,
              51.0556791
            ],
            [
              13.7687431,
              51.0557249
            ],
            [
              13.7688404,
              51.0557294
            ],
            [
              13.769016,
              51.0557367
            ],
            [
              13.7696353,
              51.0557531
            ],
            [
              13.7694206,
              51.0559733
            ],
            [
              13.7689437,
              51.0564675
            ],
            [
              13.768641,
              51.0567811
            ],
            [
              13.7675354,
              51.0565457
            ],
            [
              13.7669882,
              51.0564279
            ],
            [
              13.7670728,
              51.0563224
            ]
          ]
        ]
      },
      "id": "way/252482038"
    },
    {
      "type": "Feature",
      "properties": {
        "@id": "way/266545418",
        "amenity": "school",
        "check_date": "2024-04-16",
        "name": "Schule \"Dr. Heinrich Hoffmann\""
      },
      "geometry": {
        "type": "Polygon",
        "coordinates": [
          [
            [
              13.957041,
              50.9506028
            ],
            [
              13.9568647,
              50.9505137
            ],
            [
              13.9568473,
              50.9505272
            ],
            [
              13.9563955,
              50.9502916
            ],
            [
              13.9563915,
              50.950273
            ],
            [
              13.9566542,
              50.9500838
            ],
            [
              13.9568875,
              50.949941
            ],
            [
              13.9571047,
              50.9498245
            ],
            [
              13.9573111,
              50.9497265
            ],
            [
              13.9575243,
              50.9496319
            ],
            [
              13.9575586,
              50.9496616
            ],
            [
              13.9575975,
              50.9497023
            ],
            [
              13.9582244,
              50.9503578
            ],
            [
              13.9576002,
              50.9504518
            ],
            [
              13.957286,
              50.9505306
            ],
            [
              13.957041,
              50.9506028
            ]
          ]
        ]
      },
      "id": "way/266545418"
    },
    {
      "type": "Feature",
      "properties": {
        "@id": "way/266545421",
        "amenity": "school",
        "check_date": "2024-05-19",
        "name": "Kurt Krenz Schule"
      },
      "geometry": {
        "type": "Polygon",
        "coordinates": [
          [
            [
              13.9522367,
              50.953424
            ],
            [
              13.9520225,
              50.9526991
            ],
            [
              13.95315,
              50.9525487
            ],
            [
              13.9532747,
              50.9525918
            ],
            [
              13.9534705,
              50.9532844
            ],
            [
              13.9522367,
              50.953424
            ]
          ]
        ]
      },
      "id": "way/266545421"
    },
    {
      "type": "Feature",
      "properties": {
        "@id": "way/266545442",
        "amenity": "school"
      },
      "geometry": {
        "type": "Polygon",
        "coordinates": [
          [
            [
              13.9417738,
              50.9595778
            ],
            [
              13.9408758,
              50.9596666
            ],
            [
              13.9408482,
              50.9596643
            ],
            [
              13.9408292,
              50.9596541
            ],
            [
              13.9408164,
              50.9596381
            ],
            [
              13.9405159,
              50.95892
            ],
            [
              13.9414259,
              50.958814
            ],
            [
              13.9414439,
              50.9592022
            ],
            [
              13.9416582,
              50.9591827
            ],
            [
              13.9416922,
              50.9592895
            ],
            [
              13.9417324,
              50.9594436
            ],
            [
              13.9417738,
              50.9595778
            ]
          ]
        ]
      },
      "id": "way/266545442"
    },
    {
      "type": "Feature",
      "properties": {
        "@id": "way/266581034",
        "addr:city": "Pirna",
        "addr:country": "DE",
        "addr:housenumber": "1",
        "addr:postcode": "01796",
        "addr:street": "Dohnaischer Platz",
        "amenity": "school",
        "name": "Oberschule \"Johann Wolfgang v. Goethe\"",
        "website": "https://www.sn.schule.de/~msgoethe-pirna/"
      },
      "geometry": {
        "type": "Polygon",
        "coordinates": [
          [
            [
              13.9401511,
              50.9607926
            ],
            [
              13.9397494,
              50.9608486
            ],
            [
              13.9396481,
              50.9608085
            ],
            [
              13.939632,
              50.9608265
            ],
            [
              13.9394563,
              50.9607593
            ],
            [
              13.9394774,
              50.9607414
            ],
            [
              13.9393734,
              50.9607052
            ],
            [
              13.9393178,
              50.9603698
            ],
            [
              13.9395217,
              50.9603589
            ],
            [
              13.9395642,
              50.960355
            ],
            [
              13.9396078,
              50.9603558
            ],
            [
              13.9396457,
              50.9603373
            ],
            [
              13.9396991,
              50.960334
            ],
            [
              13.9397487,
              50.9603671
            ],
            [
              13.9405427,
              50.9602557
            ],
            [
              13.9405942,
              50.9604035
            ],
            [
              13.9401671,
              50.9604621
            ],
            [
              13.9400986,
              50.9604726
            ],
            [
              13.9401357,
              50.9605806
            ],
            [
              13.9400831,
              50.9605872
            ],
            [
              13.9401001,
              50.9606423
            ],
            [
              13.9401511,
              50.9607926
            ]
          ]
        ]
      },
      "id": "way/266581034"
    },
    {
      "type": "Feature",
      "properties": {
        "@id": "way/266631248",
        "addr:city": "Pirna",
        "addr:country": "DE",
        "addr:housenumber": "42",
        "addr:postcode": "01796",
        "addr:street": "Prof.-Roßmäßler-Straße",
        "amenity": "school",
        "name": "Grundschule „F. A. W. Diesterweg“ Pirna-Copitz"
      },
      "geometry": {
        "type": "Polygon",
        "coordinates": [
          [
            [
              13.9266346,
              50.971468
            ],
            [
              13.9265687,
              50.9714215
            ],
            [
              13.926562,
              50.9713958
            ],
            [
              13.9267735,
              50.9708566
            ],
            [
              13.9268433,
              50.9706784
            ],
            [
              13.9270103,
              50.9707046
            ],
            [
              13.9280479,
              50.9708632
            ],
            [
              13.928413,
              50.9706038
            ],
            [
              13.9290663,
              50.9707595
            ],
            [
              13.9284247,
              50.9716132
            ],
            [
              13.928235,
              50.9716693
            ],
            [
              13.9279586,
              50.9717282
            ],
            [
              13.9278318,
              50.9717305
            ],
            [
              13.9277183,
              50.9717305
            ],
            [
              13.9275807,
              50.9717186
            ],
            [
              13.9273903,
              50.9716891
            ],
            [
              13.9270364,
              50.9716004
            ],
            [
              13.9268646,
              50.9715569
            ],
            [
              13.9267161,
              50.9715101
            ],
            [
              13.9266346,
              50.971468
            ]
          ]
        ]
      },
      "id": "way/266631248"
    },
    {
      "type": "Feature",
      "properties": {
        "@id": "way/266709219",
        "amenity": "school",
        "name": "Johann-Gottfried-Herder-Gymnasium",
        "website": "https://www.herders.de/",
        "wikidata": "Q1535211",
        "wikipedia": "de:Johann-Gottfried-Herder-Gymnasium (Pirna)"
      },
      "geometry": {
        "type": "Polygon",
        "coordinates": [
          [
            [
              13.9302827,
              50.9737887
            ],
            [
              13.9302553,
              50.9737855
            ],
            [
              13.930221,
              50.9737815
            ],
            [
              13.9302029,
              50.9738439
            ],
            [
              13.9301525,
              50.9738655
            ],
            [
              13.930084,
              50.9738391
            ],
            [
              13.9299844,
              50.9738122
            ],
            [
              13.9299059,
              50.9738026
            ],
            [
              13.9298993,
              50.9738322
            ],
            [
              13.9298923,
              50.9738631
            ],
            [
              13.9290681,
              50.973783
            ],
            [
              13.9289956,
              50.9737718
            ],
            [
              13.9288806,
              50.9737498
            ],
            [
              13.9288075,
              50.9737222
            ],
            [
              13.9286086,
              50.9736346
            ],
            [
              13.9284904,
              50.9735966
            ],
            [
              13.9284167,
              50.9735714
            ],
            [
              13.9283467,
              50.9735285
            ],
            [
              13.9282827,
              50.9734786
            ],
            [
              13.9282403,
              50.9734629
            ],
            [
              13.9281967,
              50.9734505
            ],
            [
              13.9281732,
              50.9734361
            ],
            [
              13.9281371,
              50.9734138
            ],
            [
              13.928141,
              50.9733879
            ],
            [
              13.9281446,
              50.973364
            ],
            [
              13.928152,
              50.9733175
            ],
            [
              13.9281037,
              50.9733149
            ],
            [
              13.9281287,
              50.9731006
            ],
            [
              13.9281898,
              50.9728804
            ],
            [
              13.9282949,
              50.9726297
            ],
            [
              13.9285502,
              50.9726563
            ],
            [
              13.9287632,
              50.9726755
            ],
            [
              13.9290975,
              50.9727016
            ],
            [
              13.9294187,
              50.9727395
            ],
            [
              13.9299544,
              50.9727904
            ],
            [
              13.93056,
              50.9728471
            ],
            [
              13.9304287,
              50.9733976
            ],
            [
              13.9303774,
              50.9734649
            ],
            [
              13.9302827,
              50.9737887
            ]
          ]
        ]
      },
      "id": "way/266709219"
    },
    {
      "type": "Feature",
      "properties": {
        "@id": "way/273321921",
        "addr:city": "Dresden",
        "addr:country": "DE",
        "addr:housenumber": "21",
        "addr:postcode": "01129",
        "addr:street": "Hellerhofstraße",
        "amenity": "school",
        "check_date": "2024-06-24",
        "description": "Das Berufsbildungswerk Dresden ist auf die Berufsausbildung und Berufsvorbereitung junger Menschen mit gesundheitlichen Einschränkungen spezialisiert.",
        "name": "Berufsbildungswerk Dresden",
        "operator": "Berufsbildungswerk Sachsen GmbH",
        "phone": "+49 351 843750",
        "website": "https://www.bbw-dresden.de/",
        "wheelchair": "yes"
      },
      "geometry": {
        "type": "Polygon",
        "coordinates": [
          [
            [
              13.7317827,
              51.0975522
            ],
            [
              13.7306943,
              51.0988656
            ],
            [
              13.7307181,
              51.0988728
            ],
            [
              13.7306452,
              51.0989571
            ],
            [
              13.7304262,
              51.0990645
            ],
            [
              13.7289353,
              51.0990802
            ],
            [
              13.7295471,
              51.0984809
            ],
            [
              13.7285052,
              51.0980138
            ],
            [
              13.7280118,
              51.0984661
            ],
            [
              13.7276023,
              51.0976738
            ],
            [
              13.7274298,
              51.0977109
            ],
            [
              13.727383,
              51.0976117
            ],
            [
              13.7273759,
              51.0975966
            ],
            [
              13.7264927,
              51.0977981
            ],
            [
              13.7263823,
              51.0976001
            ],
            [
              13.7267009,
              51.0975318
            ],
            [
              13.7265599,
              51.0972593
            ],
            [
              13.7268837,
              51.097215
            ],
            [
              13.7274325,
              51.0971602
            ],
            [
              13.7283641,
              51.0970596
            ],
            [
              13.7291695,
              51.0969693
            ],
            [
              13.7294233,
              51.0969193
            ],
            [
              13.7295957,
              51.0971426
            ],
            [
              13.7303373,
              51.0970415
            ],
            [
              13.7305179,
              51.0968655
            ],
            [
              13.730049,
              51.096634
            ],
            [
              13.7308821,
              51.0959946
            ],
            [
              13.7303993,
              51.0951802
            ],
            [
              13.7301422,
              51.0950838
            ],
            [
              13.7303577,
              51.0948432
            ],
            [
              13.7305413,
              51.0946217
            ],
            [
              13.7313128,
              51.0950426
            ],
            [
              13.7317141,
              51.0951835
            ],
            [
              13.7320313,
              51.0951962
            ],
            [
              13.7326653,
              51.0952613
            ],
            [
              13.7333297,
              51.0954838
            ],
            [
              13.7329087,
              51.0958919
            ],
            [
              13.7322754,
              51.0966188
            ],
            [
              13.7320407,
              51.0971074
            ],
            [
              13.7317827,
              51.0975522
            ]
          ]
        ]
      },
      "id": "way/273321921"
    },
    {
      "type": "Feature",
      "properties": {
        "@id": "way/284217468",
        "amenity": "school",
        "check_date": "2024-03-14",
        "name": "Adolph-Kolping-Schule Dresden"
      },
      "geometry": {
        "type": "Polygon",
        "coordinates": [
          [
            [
              13.7473421,
              51.0292329
            ],
            [
              13.7478351,
              51.0291187
            ],
            [
              13.7479065,
              51.0291016
            ],
            [
              13.7480782,
              51.0294385
            ],
            [
              13.7482222,
              51.0296862
            ],
            [
              13.7484455,
              51.0300546
            ],
            [
              13.748698,
              51.0304363
            ],
            [
              13.7482296,
              51.0306586
            ],
            [
              13.7480073,
              51.0307641
            ],
            [
              13.7478076,
              51.0308107
            ],
            [
              13.7476071,
              51.0308576
            ],
            [
              13.7473241,
              51.0303879
            ],
            [
              13.7472504,
              51.030288
            ],
            [
              13.7480363,
              51.030091
            ],
            [
              13.7479069,
              51.0298742
            ],
            [
              13.7477376,
              51.0299114
            ],
            [
              13.7475291,
              51.0295521
            ],
            [
              13.7473421,
              51.0292329
            ]
          ]
        ]
      },
      "id": "way/284217468"
    },
    {
      "type": "Feature",
      "properties": {
        "@id": "way/285044408",
        "amenity": "school",
        "check_date": "2024-08-16",
        "name": "30. Grundschule „Am Hechtpark“",
        "wheelchair": "limited"
      },
      "geometry": {
        "type": "Polygon",
        "coordinates": [
          [
            [
              13.7470493,
              51.0773232
            ],
            [
              13.7470526,
              51.0773499
            ],
            [
              13.7470561,
              51.0773779
            ],
            [
              13.7470956,
              51.0776934
            ],
            [
              13.7467008,
              51.07771
            ],
            [
              13.7461826,
              51.0777317
            ],
            [
              13.7461339,
              51.077379
            ],
            [
              13.7461306,
              51.0773554
            ],
            [
              13.7461,
              51.0773381
            ],
            [
              13.7458064,
              51.0773523
            ],
            [
              13.7457717,
              51.0770346
            ],
            [
              13.7457699,
              51.077009
            ],
            [
              13.7457518,
              51.0767575
            ],
            [
              13.7457474,
              51.0767097
            ],
            [
              13.7457154,
              51.0763899
            ],
            [
              13.7457596,
              51.0763621
            ],
            [
              13.7462688,
              51.0763288
            ],
            [
              13.7466123,
              51.0763063
            ],
            [
              13.7466807,
              51.0763018
            ],
            [
              13.746711,
              51.0764996
            ],
            [
              13.7468663,
              51.0764901
            ],
            [
              13.7468686,
              51.0765066
            ],
            [
              13.7468706,
              51.0765212
            ],
            [
              13.7468736,
              51.0765506
            ],
            [
              13.7469102,
              51.0768494
            ],
            [
              13.7469407,
              51.0768475
            ],
            [
              13.7469487,
              51.0769128
            ],
            [
              13.7469579,
              51.0769872
            ],
            [
              13.7469285,
              51.0769887
            ],
            [
              13.7469671,
              51.077299
            ],
            [
              13.7469712,
              51.0773265
            ],
            [
              13.7470493,
              51.0773232
            ]
          ]
        ]
      },
      "id": "way/285044408"
    },
    {
      "type": "Feature",
      "properties": {
        "@id": "way/289361685",
        "addr:city": "Dresden",
        "addr:housenumber": "29",
        "addr:postcode": "01129",
        "addr:street": "Neuländer Straße",
        "amenity": "school",
        "contact:fax": "+49 351 2027211",
        "email": "dresden@bau-bildung.de",
        "name": "BFW Bau Sachsen",
        "phone": "+49 351202720",
        "website": "http://www.bau-bildung.de"
      },
      "geometry": {
        "type": "Polygon",
        "coordinates": [
          [
            [
              13.7096822,
              51.0985835
            ],
            [
              13.7097895,
              51.0977886
            ],
            [
              13.7099075,
              51.097226
            ],
            [
              13.7099445,
              51.0970144
            ],
            [
              13.7104233,
              51.0970665
            ],
            [
              13.710536,
              51.097262
            ],
            [
              13.7109741,
              51.0975563
            ],
            [
              13.7110972,
              51.0977977
            ],
            [
              13.711245,
              51.0984567
            ],
            [
              13.7117332,
              51.0985713
            ],
            [
              13.711726,
              51.0993507
            ],
            [
              13.7108964,
              51.0991193
            ],
            [
              13.7096822,
              51.0985835
            ]
          ]
        ]
      },
      "id": "way/289361685"
    },
    {
      "type": "Feature",
      "properties": {
        "@id": "way/291654178",
        "addr:city": "Dresden",
        "addr:country": "DE",
        "addr:housenumber": "35",
        "addr:postcode": "01217",
        "addr:street": "Paradiesstraße",
        "amenity": "school",
        "capacity": "1000",
        "check_date": "2024-07-03",
        "contact:fax": "+49 351 873234943",
        "contact:phone": "+49 351 873234 90",
        "contact:website": "http://www.vitzthum-gymnasium.de/",
        "isced:level": "2;3",
        "name": "Vitzthum-Gymnasium Dresden",
        "school:de": "Gymnasium",
        "short_name": "Vitzthum-Gymnasium",
        "wikidata": "Q2528944"
      },
      "geometry": {
        "type": "Polygon",
        "coordinates": [
          [
            [
              13.7439715,
              51.023574
            ],
            [
              13.7440181,
              51.0234554
            ],
            [
              13.747927,
              51.023044
            ],
            [
              13.7480125,
              51.0231965
            ],
            [
              13.7475019,
              51.023315
            ],
            [
              13.7474973,
              51.0233598
            ],
            [
              13.7477697,
              51.0238203
            ],
            [
              13.7476842,
              51.0238409
            ],
            [
              13.7458836,
              51.0242742
            ],
            [
              13.7458189,
              51.0242897
            ],
            [
              13.7456861,
              51.0240742
            ],
            [
              13.7450685,
              51.0241991
            ],
            [
              13.7452266,
              51.0245285
            ],
            [
              13.7452157,
              51.0245569
            ],
            [
              13.7451372,
              51.0245541
            ],
            [
              13.7450461,
              51.0245557
            ],
            [
              13.744647,
              51.0246237
            ],
            [
              13.7444175,
              51.0246627
            ],
            [
              13.7442827,
              51.0243302
            ],
            [
              13.7442719,
              51.0243038
            ],
            [
              13.7439715,
              51.023574
            ]
          ]
        ]
      },
      "id": "way/291654178"
    },
    {
      "type": "Feature",
      "properties": {
        "@id": "way/291879720",
        "amenity": "school",
        "email": "sekretariat@mcg-dresden.de",
        "fax": "+49 351 4 42 18 64",
        "isced:level": "2;3;4",
        "name": "Marie-Curie-Gymnasium",
        "name:etymology:wikidata": "Q7186",
        "operator:type": "public",
        "phone": "+49 351 4593327",
        "website": "https://www.mcg-dresden.de/",
        "wheelchair": "yes",
        "wikidata": "Q1548496",
        "wikipedia": "de:Marie-Curie-Gymnasium Dresden"
      },
      "geometry": {
        "type": "Polygon",
        "coordinates": [
          [
            [
              13.7497187,
              51.0507761
            ],
            [
              13.7492681,
              51.0508172
            ],
            [
              13.749131,
              51.0506332
            ],
            [
              13.7488306,
              51.0506429
            ],
            [
              13.7487975,
              51.0506253
            ],
            [
              13.7487653,
              51.0506187
            ],
            [
              13.7486865,
              51.0506206
            ],
            [
              13.7486335,
              51.0504972
            ],
            [
              13.748509,
              51.0505256
            ],
            [
              13.7484494,
              51.0505393
            ],
            [
              13.7477034,
              51.0501054
            ],
            [
              13.7472824,
              51.0496303
            ],
            [
              13.7473578,
              51.0495602
            ],
            [
              13.7474495,
              51.0494749
            ],
            [
              13.7489462,
              51.0489755
            ],
            [
              13.7489581,
              51.0490005
            ],
            [
              13.7491206,
              51.0493864
            ],
            [
              13.749205,
              51.0495816
            ],
            [
              13.749296,
              51.049792
            ],
            [
              13.7493693,
              51.0499615
            ],
            [
              13.7494573,
              51.050165
            ],
            [
              13.7495227,
              51.0503162
            ],
            [
              13.7495564,
              51.0503941
            ],
            [
              13.7495657,
              51.050413
            ],
            [
              13.7496209,
              51.050543
            ],
            [
              13.749636,
              51.0505781
            ],
            [
              13.7496633,
              51.050641
            ],
            [
              13.7497187,
              51.0507761
            ]
          ]
        ]
      },
      "id": "way/291879720"
    },
    {
      "type": "Feature",
      "properties": {
        "@id": "way/317693367",
        "addr:city": "Dresden",
        "addr:country": "DE",
        "addr:housenumber": "83",
        "addr:postcode": "01187",
        "addr:street": "Chemnitzer Straße",
        "amenity": "school",
        "check_date": "2024-04-13",
        "contact:phone": "+49 351 4277660",
        "contact:website": "http://www.bsz-dlg.de/",
        "name": "Berufliches Schulzentrum für Dienstleistung und Gestaltung",
        "operator": "Landeshauptstadt Dresden Schulverwaltungsamt",
        "wheelchair": "no"
      },
      "geometry": {
        "type": "Polygon",
        "coordinates": [
          [
            [
              13.7110099,
              51.0326201
            ],
            [
              13.7110367,
              51.0324801
            ],
            [
              13.7113047,
              51.032355
            ],
            [
              13.7114762,
              51.032262
            ],
            [
              13.7117601,
              51.0321179
            ],
            [
              13.7127241,
              51.0329394
            ],
            [
              13.7125704,
              51.0331212
            ],
            [
              13.7127979,
              51.0333323
            ],
            [
              13.7121501,
              51.0336134
            ],
            [
              13.7110099,
              51.0326201
            ]
          ]
        ]
      },
      "id": "way/317693367"
    },
    {
      "type": "Feature",
      "properties": {
        "@id": "way/322831671",
        "addr:city": "Dresden",
        "addr:country": "DE",
        "addr:housenumber": "41",
        "addr:postcode": "01069",
        "addr:street": "Andreas-Schubert-Straße",
        "amenity": "school",
        "name": "46. Oberschule",
        "operator": "Landeshauptstadt Dresden Schulverwaltungsamt",
        "phone": "+49 351 4717421",
        "website": "https://www.46-oberschule-dresden.de/",
        "wheelchair": "yes"
      },
      "geometry": {
        "type": "Polygon",
        "coordinates": [
          [
            [
              13.7348057,
              51.0328035
            ],
            [
              13.7353929,
              51.0326889
            ],
            [
              13.7356212,
              51.0326753
            ],
            [
              13.7357034,
              51.0326704
            ],
            [
              13.736013,
              51.0333111
            ],
            [
              13.7351454,
              51.0334851
            ],
            [
              13.7348057,
              51.0328035
            ]
          ]
        ]
      },
      "id": "way/322831671"
    },
    {
      "type": "Feature",
      "properties": {
        "@id": "way/325754580",
        "addr:city": "Dresden",
        "addr:country": "DE",
        "addr:housenumber": "42",
        "addr:postcode": "01099",
        "addr:street": "Louisenstraße",
        "amenity": "school",
        "contact:email": "email@dksdd.de",
        "contact:fax": "+49 351 206290931",
        "contact:phone": "+49 351 20629090",
        "contact:website": "https://dksdd.de/",
        "isced:level": "2;3",
        "name": "Gymnasium Dreikönigschule",
        "wheelchair": "no",
        "wikidata": "Q1558095"
      },
      "geometry": {
        "type": "Polygon",
        "coordinates": [
          [
            [
              13.7526724,
              51.0666039
            ],
            [
              13.7526071,
              51.0665059
            ],
            [
              13.7525783,
              51.0664627
            ],
            [
              13.7524421,
              51.0664974
            ],
            [
              13.7522603,
              51.0662466
            ],
            [
              13.7522203,
              51.0661914
            ],
            [
              13.7521766,
              51.0661268
            ],
            [
              13.752145,
              51.066079
            ],
            [
              13.7520934,
              51.0660028
            ],
            [
              13.7520602,
              51.065955
            ],
            [
              13.7520185,
              51.0658933
            ],
            [
              13.7519555,
              51.0657949
            ],
            [
              13.7511064,
              51.0661041
            ],
            [
              13.7508728,
              51.0658493
            ],
            [
              13.7514082,
              51.0656754
            ],
            [
              13.7517059,
              51.0656122
            ],
            [
              13.7518282,
              51.0657978
            ],
            [
              13.7522657,
              51.0656731
            ],
            [
              13.7529152,
              51.0655159
            ],
            [
              13.7530858,
              51.0657644
            ],
            [
              13.7533854,
              51.0656887
            ],
            [
              13.7534068,
              51.0657234
            ],
            [
              13.7534299,
              51.0657608
            ],
            [
              13.7531617,
              51.0658251
            ],
            [
              13.753234,
              51.0659353
            ],
            [
              13.7532771,
              51.0660009
            ],
            [
              13.7534335,
              51.0662392
            ],
            [
              13.753454,
              51.0662705
            ],
            [
              13.7535266,
              51.0663794
            ],
            [
              13.7533836,
              51.0664171
            ],
            [
              13.7531614,
              51.0664762
            ],
            [
              13.7530936,
              51.066494
            ],
            [
              13.7530298,
              51.0665108
            ],
            [
              13.7528132,
              51.0665668
            ],
            [
              13.7527088,
              51.0665943
            ],
            [
              13.7526724,
              51.0666039
            ]
          ]
        ]
      },
      "id": "way/325754580"
    },
    {
      "type": "Feature",
      "properties": {
        "@id": "way/329340250",
        "addr:city": "Dresden",
        "addr:housenumber": "35",
        "addr:postcode": "01129",
        "addr:street": "Hellerhofstraße",
        "amenity": "school",
        "name": "Berufsförderungswerk Dresden gemeinnützige GmbH | Zentrum für berufliche Rehabilitation",
        "phone": "+49 351 85480",
        "toilets:wheelchair": "yes",
        "website": "https://www.bfw-dresden.de/",
        "wheelchair": "yes"
      },
      "geometry": {
        "type": "Polygon",
        "coordinates": [
          [
            [
              13.7301459,
              51.0996641
            ],
            [
              13.7286483,
              51.0994615
            ],
            [
              13.7268213,
              51.1018277
            ],
            [
              13.7236042,
              51.1009408
            ],
            [
              13.7227859,
              51.1007152
            ],
            [
              13.7224354,
              51.1006146
            ],
            [
              13.7221982,
              51.1005527
            ],
            [
              13.7218931,
              51.1004144
            ],
            [
              13.7218457,
              51.1003155
            ],
            [
              13.7218161,
              51.1002607
            ],
            [
              13.7217283,
              51.1000709
            ],
            [
              13.7216882,
              51.0999529
            ],
            [
              13.7211876,
              51.0988636
            ],
            [
              13.7209963,
              51.0982678
            ],
            [
              13.7209596,
              51.0981535
            ],
            [
              13.7209026,
              51.0978294
            ],
            [
              13.7223707,
              51.0977182
            ],
            [
              13.7234654,
              51.0977011
            ],
            [
              13.7245506,
              51.0975437
            ],
            [
              13.7257342,
              51.0973721
            ],
            [
              13.7265599,
              51.0972593
            ],
            [
              13.7267009,
              51.0975318
            ],
            [
              13.7263823,
              51.0976001
            ],
            [
              13.7264927,
              51.0977981
            ],
            [
              13.7273759,
              51.0975966
            ],
            [
              13.727383,
              51.0976117
            ],
            [
              13.7274298,
              51.0977109
            ],
            [
              13.7276023,
              51.0976738
            ],
            [
              13.7280118,
              51.0984661
            ],
            [
              13.7282124,
              51.0988539
            ],
            [
              13.7288347,
              51.0991229
            ],
            [
              13.7304846,
              51.0990755
            ],
            [
              13.7305925,
              51.0990445
            ],
            [
              13.7306541,
              51.0990145
            ],
            [
              13.7301459,
              51.0996641
            ]
          ]
        ]
      },
      "id": "way/329340250"
    },
    {
      "type": "Feature",
      "properties": {
        "@id": "way/331395909",
        "addr:country": "DE",
        "addr:housenumber": "1",
        "addr:postcode": "01307",
        "addr:street": "Lortzingstraße",
        "amenity": "school",
        "check_date": "2024-05-22",
        "name": "Bertolt-Brecht-Gymnasium",
        "operator": "Landeshauptstadt Dresden, Schulverwaltungsamt",
        "wikidata": "Q828376"
      },
      "geometry": {
        "type": "Polygon",
        "coordinates": [
          [
            [
              13.7722496,
              51.049922
            ],
            [
              13.7712581,
              51.0501015
            ],
            [
              13.7715232,
              51.0507824
            ],
            [
              13.7705801,
              51.0508321
            ],
            [
              13.7704986,
              51.05065
            ],
            [
              13.7695786,
              51.0508051
            ],
            [
              13.7692299,
              51.0500041
            ],
            [
              13.7702042,
              51.0498342
            ],
            [
              13.770055,
              51.0494381
            ],
            [
              13.7719489,
              51.0491272
            ],
            [
              13.7722496,
              51.049922
            ]
          ]
        ]
      },
      "id": "way/331395909"
    },
    {
      "type": "Feature",
      "properties": {
        "@id": "way/333293787",
        "addr:city": "Pirna",
        "addr:country": "DE",
        "addr:housenumber": "14c",
        "addr:postcode": "01796",
        "addr:street": "Oberposta",
        "addr:suburb": "Posta",
        "amenity": "school",
        "building": "yes"
      },
      "geometry": {
        "type": "Polygon",
        "coordinates": [
          [
            [
              13.9615954,
              50.9643438
            ],
            [
              13.9615563,
              50.9642668
            ],
            [
              13.9617581,
              50.9642262
            ],
            [
              13.9617445,
              50.9641994
            ],
            [
              13.9618759,
              50.964173
            ],
            [
              13.9619286,
              50.9642766
            ],
            [
              13.9615954,
              50.9643438
            ]
          ]
        ]
      },
      "id": "way/333293787"
    },
    {
      "type": "Feature",
      "properties": {
        "@id": "way/335981086",
        "addr:city": "Dresden",
        "addr:country": "DE",
        "addr:housenumber": "61",
        "addr:postcode": "01159",
        "addr:street": "Saalhausener Straße",
        "amenity": "school",
        "name": "Grundschule Naußlitz",
        "operator": "Landeshauptstadt Dresden, Schulverwaltungsamt",
        "phone": "+49 351 4116500",
        "website": "https://cms.sachsen.schule/gsnausslitz/",
        "wheelchair": "no",
        "wikidata": "Q61943452"
      },
      "geometry": {
        "type": "Polygon",
        "coordinates": [
          [
            [
              13.6813065,
              51.0359457
            ],
            [
              13.6812521,
              51.0359351
            ],
            [
              13.6810255,
              51.035892
            ],
            [
              13.6808659,
              51.0358559
            ],
            [
              13.6807113,
              51.0358134
            ],
            [
              13.6805317,
              51.0357427
            ],
            [
              13.6804283,
              51.035701
            ],
            [
              13.6802534,
              51.035607
            ],
            [
              13.6802414,
              51.0355237
            ],
            [
              13.6804668,
              51.0353748
            ],
            [
              13.6814324,
              51.0344853
            ],
            [
              13.6818784,
              51.0346747
            ],
            [
              13.6821563,
              51.0344382
            ],
            [
              13.6827048,
              51.0346763
            ],
            [
              13.6820132,
              51.0352011
            ],
            [
              13.6813065,
              51.0359457
            ]
          ]
        ]
      },
      "id": "way/335981086"
    },
    {
      "type": "Feature",
      "properties": {
        "@id": "way/340010291",
        "addr:city": "Dresden",
        "addr:housenumber": "187",
        "addr:postcode": "01129",
        "addr:street": "Großenhainer Straße",
        "amenity": "school",
        "barrier": "fence",
        "name": "106. Grundschule",
        "phone": "+49 351 8211970",
        "website": "https://cms.sachsen.schule/gs106dd"
      },
      "geometry": {
        "type": "Polygon",
        "coordinates": [
          [
            [
              13.7206965,
              51.0913991
            ],
            [
              13.7205135,
              51.0911296
            ],
            [
              13.7204689,
              51.0910668
            ],
            [
              13.7205386,
              51.091049
            ],
            [
              13.7203586,
              51.0907727
            ],
            [
              13.7203459,
              51.0907531
            ],
            [
              13.7203213,
              51.0907589
            ],
            [
              13.720225,
              51.0907357
            ],
            [
              13.7198036,
              51.0901368
            ],
            [
              13.7203578,
              51.0899969
            ],
            [
              13.7202554,
              51.0898549
            ],
            [
              13.7207324,
              51.0897451
            ],
            [
              13.7209814,
              51.0896815
            ],
            [
              13.7214332,
              51.0903834
            ],
            [
              13.721704,
              51.0908042
            ],
            [
              13.7217179,
              51.0908257
            ],
            [
              13.7218593,
              51.0910797
            ],
            [
              13.7216199,
              51.0911424
            ],
            [
              13.7215499,
              51.0911608
            ],
            [
              13.7215678,
              51.0911877
            ],
            [
              13.7211002,
              51.0913064
            ],
            [
              13.7206965,
              51.0913991
            ]
          ]
        ]
      },
      "id": "way/340010291"
    },
    {
      "type": "Feature",
      "properties": {
        "@id": "way/340287237",
        "addr:city": "Dresden",
        "addr:housenumber": "9",
        "addr:postcode": "01067",
        "addr:street": "Annenstraße",
        "amenity": "school",
        "check_date": "2024-04-22",
        "name": "Dresden International School",
        "website": "https://www.dresden-is.de/"
      },
      "geometry": {
        "type": "Polygon",
        "coordinates": [
          [
            [
              13.7281318,
              51.0491628
            ],
            [
              13.7290454,
              51.0494591
            ],
            [
              13.7295641,
              51.0497361
            ],
            [
              13.7295815,
              51.049769
            ],
            [
              13.7292529,
              51.0502781
            ],
            [
              13.7287701,
              51.0502149
            ],
            [
              13.7287423,
              51.0503081
            ],
            [
              13.7274474,
              51.0501661
            ],
            [
              13.7278153,
              51.0496548
            ],
            [
              13.7277164,
              51.049619
            ],
            [
              13.7281318,
              51.0491628
            ]
          ]
        ]
      },
      "id": "way/340287237"
    },
    {
      "type": "Feature",
      "properties": {
        "@id": "way/354140787",
        "amenity": "school",
        "name": "Weißeritzgymnasium",
        "wheelchair": "yes"
      },
      "geometry": {
        "type": "Polygon",
        "coordinates": [
          [
            [
              13.6470663,
              50.9927694
            ],
            [
              13.6470064,
              50.992732
            ],
            [
              13.647052,
              50.9925567
            ],
            [
              13.6470601,
              50.9924368
            ],
            [
              13.6470194,
              50.99228
            ],
            [
              13.6467605,
              50.9920012
            ],
            [
              13.6471644,
              50.9918638
            ],
            [
              13.6473549,
              50.9919848
            ],
            [
              13.647744,
              50.9921928
            ],
            [
              13.6481918,
              50.9923743
            ],
            [
              13.6483531,
              50.9924624
            ],
            [
              13.648485,
              50.9925813
            ],
            [
              13.6485875,
              50.9927207
            ],
            [
              13.6486348,
              50.9928877
            ],
            [
              13.6484856,
              50.9928679
            ],
            [
              13.6477868,
              50.9928187
            ],
            [
              13.6477223,
              50.9928145
            ],
            [
              13.6474667,
              50.992795
            ],
            [
              13.6474783,
              50.9927418
            ],
            [
              13.6473525,
              50.9927329
            ],
            [
              13.6473419,
              50.9927877
            ],
            [
              13.6470663,
              50.9927694
            ]
          ]
        ]
      },
      "id": "way/354140787"
    },
    {
      "type": "Feature",
      "properties": {
        "@id": "way/354140789",
        "amenity": "school",
        "name": "Weißeritzgymnasium",
        "toilets:wheelchair": "yes",
        "wheelchair": "yes"
      },
      "geometry": {
        "type": "Polygon",
        "coordinates": [
          [
            [
              13.6469603,
              50.9930481
            ],
            [
              13.6470315,
              50.993022
            ],
            [
              13.6473493,
              50.9929545
            ],
            [
              13.6474575,
              50.9929461
            ],
            [
              13.6476937,
              50.9929444
            ],
            [
              13.6477651,
              50.992946
            ],
            [
              13.6477785,
              50.9929587
            ],
            [
              13.647707,
              50.9932621
            ],
            [
              13.6475907,
              50.9936813
            ],
            [
              13.6471227,
              50.9936433
            ],
            [
              13.6471741,
              50.9934296
            ],
            [
              13.6468558,
              50.9933968
            ],
            [
              13.6468743,
              50.9933041
            ],
            [
              13.6469162,
              50.9930955
            ],
            [
              13.6469603,
              50.9930481
            ]
          ]
        ]
      },
      "id": "way/354140789"
    },
    {
      "type": "Feature",
      "properties": {
        "@id": "way/354143020",
        "addr:city": "Freital",
        "addr:country": "DE",
        "addr:housenumber": "11",
        "addr:postcode": "01705",
        "addr:street": "Johannisstraße",
        "amenity": "school",
        "contact:fax": "+49 351 65260316",
        "contact:phone": "+49 351 6411375",
        "contact:website": "https://weisseritzgymnasium.de/",
        "isced:level": "2;3",
        "name": "Weißeritzgymnasium",
        "wheelchair": "yes"
      },
      "geometry": {
        "type": "Polygon",
        "coordinates": [
          [
            [
              13.6490876,
              50.9927363
            ],
            [
              13.6495068,
              50.9925646
            ],
            [
              13.6495827,
              50.9925336
            ],
            [
              13.6494386,
              50.9923682
            ],
            [
              13.6493729,
              50.9922602
            ],
            [
              13.6492682,
              50.9921283
            ],
            [
              13.6488245,
              50.9915828
            ],
            [
              13.6495781,
              50.9913527
            ],
            [
              13.6497666,
              50.991364
            ],
            [
              13.6498742,
              50.9913779
            ],
            [
              13.6499898,
              50.9913907
            ],
            [
              13.6506456,
              50.991676
            ],
            [
              13.651146,
              50.9922698
            ],
            [
              13.6510988,
              50.9922863
            ],
            [
              13.6509433,
              50.9923344
            ],
            [
              13.6505885,
              50.9924623
            ],
            [
              13.6505593,
              50.9924728
            ],
            [
              13.6504191,
              50.9924604
            ],
            [
              13.6502812,
              50.9923275
            ],
            [
              13.64966,
              50.9925418
            ],
            [
              13.6496054,
              50.9925556
            ],
            [
              13.6495295,
              50.9925866
            ],
            [
              13.6490953,
              50.9927751
            ],
            [
              13.6490876,
              50.9927363
            ]
          ]
        ]
      },
      "id": "way/354143020"
    },
    {
      "type": "Feature",
      "properties": {
        "@id": "way/356573906",
        "amenity": "school",
        "check_date": "2024-03-21",
        "isced:level": "1",
        "name": "95. Grundschule \"Caroline Neuber\""
      },
      "geometry": {
        "type": "Polygon",
        "coordinates": [
          [
            [
              13.8305262,
              51.0294002
            ],
            [
              13.8300859,
              51.0296282
            ],
            [
              13.8297105,
              51.0298166
            ],
            [
              13.8297056,
              51.0298128
            ],
            [
              13.8290586,
              51.0293327
            ],
            [
              13.8290887,
              51.0293156
            ],
            [
              13.8291411,
              51.0292859
            ],
            [
              13.8295176,
              51.0290619
            ],
            [
              13.8284343,
              51.0283196
            ],
            [
              13.8296754,
              51.0276758
            ],
            [
              13.8307647,
              51.0283987
            ],
            [
              13.8297759,
              51.0288913
            ],
            [
              13.8305262,
              51.0294002
            ]
          ]
        ]
      },
      "id": "way/356573906"
    },
    {
      "type": "Feature",
      "properties": {
        "@id": "way/356755798",
        "amenity": "school",
        "check_date": "2024-03-25",
        "name": "Schulcampus Pieschen",
        "operator": "Stadt Dresden",
        "wheelchair": "yes"
      },
      "geometry": {
        "type": "Polygon",
        "coordinates": [
          [
            [
              13.7308323,
              51.0739938
            ],
            [
              13.7309286,
              51.0737921
            ],
            [
              13.7313972,
              51.0727982
            ],
            [
              13.7319834,
              51.0715441
            ],
            [
              13.7325882,
              51.0717937
            ],
            [
              13.7325374,
              51.0718471
            ],
            [
              13.7333908,
              51.0722055
            ],
            [
              13.7337756,
              51.0723878
            ],
            [
              13.7335511,
              51.0726099
            ],
            [
              13.7335099,
              51.0725938
            ],
            [
              13.7322207,
              51.0737763
            ],
            [
              13.7301455,
              51.0756942
            ],
            [
              13.7300532,
              51.0756545
            ],
            [
              13.7303369,
              51.0750497
            ],
            [
              13.7303737,
              51.0749713
            ],
            [
              13.7308323,
              51.0739938
            ]
          ]
        ]
      },
      "id": "way/356755798"
    },
    {
      "type": "Feature",
      "properties": {
        "@id": "way/359678453",
        "amenity": "school",
        "name": "12. Grundschule Dresden",
        "operator": "Landeshauptstadt Dresden Schulverwaltungsamt",
        "phone": "+49 351 4213252",
        "website": "https://cms.sachsen.schule/gs12dd/",
        "wheelchair": "no",
        "wikidata": "Q105700993"
      },
      "geometry": {
        "type": "Polygon",
        "coordinates": [
          [
            [
              13.6847844,
              51.0540938
            ],
            [
              13.6849633,
              51.0541605
            ],
            [
              13.6849799,
              51.0541666
            ],
            [
              13.6850033,
              51.054175
            ],
            [
              13.685388,
              51.0543117
            ],
            [
              13.6854152,
              51.0543213
            ],
            [
              13.6854285,
              51.0543287
            ],
            [
              13.6855138,
              51.054377
            ],
            [
              13.6855916,
              51.0544409
            ],
            [
              13.685597,
              51.054469
            ],
            [
              13.6855724,
              51.0544937
            ],
            [
              13.6856012,
              51.0545104
            ],
            [
              13.6856848,
              51.0545668
            ],
            [
              13.6849662,
              51.0549644
            ],
            [
              13.6848229,
              51.0550392
            ],
            [
              13.6847273,
              51.0550832
            ],
            [
              13.6844417,
              51.0551286
            ],
            [
              13.6843259,
              51.0551388
            ],
            [
              13.6843176,
              51.0551013
            ],
            [
              13.6840901,
              51.0551305
            ],
            [
              13.6836875,
              51.0551725
            ],
            [
              13.6836252,
              51.0549488
            ],
            [
              13.6840041,
              51.0549106
            ],
            [
              13.6843145,
              51.0548844
            ],
            [
              13.6843815,
              51.0546803
            ],
            [
              13.6845467,
              51.0547071
            ],
            [
              13.6846013,
              51.0545571
            ],
            [
              13.6845067,
              51.0544577
            ],
            [
              13.6844755,
              51.0544095
            ],
            [
              13.6844356,
              51.0544198
            ],
            [
              13.6845191,
              51.054296
            ],
            [
              13.6845807,
              51.0542441
            ],
            [
              13.6846048,
              51.0542239
            ],
            [
              13.6846204,
              51.0542125
            ],
            [
              13.6847844,
              51.0540938
            ]
          ]
        ]
      },
      "id": "way/359678453"
    },
    {
      "type": "Feature",
      "properties": {
        "@id": "way/361839519",
        "amenity": "school",
        "name": "Schulcampus Dresden Süd-West"
      },
      "geometry": {
        "type": "Polygon",
        "coordinates": [
          [
            [
              13.6777641,
              51.0462897
            ],
            [
              13.6777869,
              51.0462796
            ],
            [
              13.6780001,
              51.0463036
            ],
            [
              13.6780088,
              51.0462598
            ],
            [
              13.6781228,
              51.0462556
            ],
            [
              13.6781979,
              51.0462636
            ],
            [
              13.6782522,
              51.046076
            ],
            [
              13.6782671,
              51.046019
            ],
            [
              13.6782878,
              51.0459403
            ],
            [
              13.6785032,
              51.0459594
            ],
            [
              13.6785724,
              51.0456575
            ],
            [
              13.6790665,
              51.045736
            ],
            [
              13.6794152,
              51.0458431
            ],
            [
              13.6794836,
              51.0458751
            ],
            [
              13.6795091,
              51.0461146
            ],
            [
              13.6795412,
              51.0464324
            ],
            [
              13.6795828,
              51.0466027
            ],
            [
              13.6796889,
              51.0469321
            ],
            [
              13.6795836,
              51.0469477
            ],
            [
              13.679591,
              51.0469687
            ],
            [
              13.6795977,
              51.0469886
            ],
            [
              13.6797009,
              51.0469717
            ],
            [
              13.6798189,
              51.0472393
            ],
            [
              13.6799503,
              51.0475015
            ],
            [
              13.6801339,
              51.0478105
            ],
            [
              13.6799106,
              51.0478637
            ],
            [
              13.6799193,
              51.0478096
            ],
            [
              13.6797471,
              51.0477973
            ],
            [
              13.6795685,
              51.0477811
            ],
            [
              13.6795481,
              51.0478641
            ],
            [
              13.6789194,
              51.0478029
            ],
            [
              13.6785367,
              51.0477675
            ],
            [
              13.6785113,
              51.047737
            ],
            [
              13.6784936,
              51.0477158
            ],
            [
              13.6784751,
              51.047698
            ],
            [
              13.6784119,
              51.0476532
            ],
            [
              13.6783396,
              51.0476136
            ],
            [
              13.6782605,
              51.0475926
            ],
            [
              13.6780134,
              51.0475566
            ],
            [
              13.677826,
              51.0475293
            ],
            [
              13.6777482,
              51.0475133
            ],
            [
              13.6776825,
              51.0474855
            ],
            [
              13.6776288,
              51.0474383
            ],
            [
              13.6775926,
              51.0473911
            ],
            [
              13.6775752,
              51.0473422
            ],
            [
              13.6776247,
              51.0471145
            ],
            [
              13.6776353,
              51.0470644
            ],
            [
              13.6776459,
              51.0470172
            ],
            [
              13.6776539,
              51.0469827
            ],
            [
              13.6777476,
              51.0465948
            ],
            [
              13.6777671,
              51.0465172
            ],
            [
              13.6777778,
              51.0464782
            ],
            [
              13.6777993,
              51.0463962
            ],
            [
              13.677798,
              51.0463902
            ],
            [
              13.6777879,
              51.0463398
            ],
            [
              13.6777641,
              51.0462897
            ]
          ]
        ]
      },
      "id": "way/361839519"
    },
    {
      "type": "Feature",
      "properties": {
        "@id": "way/364269638",
        "amenity": "school"
      },
      "geometry": {
        "type": "Polygon",
        "coordinates": [
          [
            [
              13.6684672,
              51.0457002
            ],
            [
              13.6683295,
              51.0458383
            ],
            [
              13.6680181,
              51.0460978
            ],
            [
              13.6680387,
              51.0461075
            ],
            [
              13.6680057,
              51.046135
            ],
            [
              13.667973,
              51.0461623
            ],
            [
              13.6679514,
              51.046152
            ],
            [
              13.6677945,
              51.0462827
            ],
            [
              13.66763,
              51.0464769
            ],
            [
              13.6675713,
              51.0464876
            ],
            [
              13.6675262,
              51.0465117
            ],
            [
              13.6673544,
              51.0464705
            ],
            [
              13.666814,
              51.0463409
            ],
            [
              13.6667832,
              51.0463326
            ],
            [
              13.6667633,
              51.0463389
            ],
            [
              13.6656212,
              51.0460436
            ],
            [
              13.6656307,
              51.0458435
            ],
            [
              13.6657071,
              51.0456588
            ],
            [
              13.6657891,
              51.0455116
            ],
            [
              13.6659267,
              51.0452879
            ],
            [
              13.6663237,
              51.0448125
            ],
            [
              13.6663631,
              51.0447502
            ],
            [
              13.6663968,
              51.0446655
            ],
            [
              13.6664193,
              51.0445033
            ],
            [
              13.6666627,
              51.0445075
            ],
            [
              13.6668357,
              51.0445214
            ],
            [
              13.6670818,
              51.0445615
            ],
            [
              13.6672541,
              51.0445952
            ],
            [
              13.6673366,
              51.0446176
            ],
            [
              13.6674352,
              51.044653
            ],
            [
              13.6675364,
              51.0447069
            ],
            [
              13.667631,
              51.0447655
            ],
            [
              13.667749,
              51.0448714
            ],
            [
              13.6678315,
              51.0449527
            ],
            [
              13.6680876,
              51.0452314
            ],
            [
              13.6680595,
              51.045263
            ],
            [
              13.6680816,
              51.0452837
            ],
            [
              13.6680997,
              51.0453014
            ],
            [
              13.668158,
              51.0453047
            ],
            [
              13.668325,
              51.0454827
            ],
            [
              13.6682287,
              51.0455547
            ],
            [
              13.6682459,
              51.0455649
            ],
            [
              13.6682613,
              51.0455741
            ],
            [
              13.6683518,
              51.045513
            ],
            [
              13.6684176,
              51.0456077
            ],
            [
              13.6684672,
              51.0457002
            ]
          ]
        ]
      },
      "id": "way/364269638"
    },
    {
      "type": "Feature",
      "properties": {
        "@id": "way/367471931",
        "amenity": "school",
        "check_date": "2024-07-07",
        "name": "Grundschule Friedrich Schiller",
        "wikidata": "Q2235798"
      },
      "geometry": {
        "type": "Polygon",
        "coordinates": [
          [
            [
              13.6784069,
              51.0999783
            ],
            [
              13.6784457,
              51.1000133
            ],
            [
              13.6787147,
              51.1002434
            ],
            [
              13.6787562,
              51.1002806
            ],
            [
              13.6785647,
              51.1005414
            ],
            [
              13.6782976,
              51.1004694
            ],
            [
              13.6782229,
              51.1004493
            ],
            [
              13.6781917,
              51.1004118
            ],
            [
              13.6781639,
              51.1004212
            ],
            [
              13.6779621,
              51.1001847
            ],
            [
              13.6781418,
              51.1001242
            ],
            [
              13.6782349,
              51.1002332
            ],
            [
              13.6782636,
              51.10022
            ],
            [
              13.6782461,
              51.100205
            ],
            [
              13.6783007,
              51.1001799
            ],
            [
              13.6783279,
              51.1002032
            ],
            [
              13.6783593,
              51.1001887
            ],
            [
              13.6782564,
              51.1001006
            ],
            [
              13.6782085,
              51.1000457
            ],
            [
              13.6784069,
              51.0999783
            ]
          ]
        ]
      },
      "id": "way/367471931"
    },
    {
      "type": "Feature",
      "properties": {
        "@id": "way/369522632",
        "addr:city": "Dresden",
        "addr:housenumber": "10",
        "addr:postcode": "01169",
        "addr:street": "Amalie-Dietrich-Platz",
        "amenity": "school",
        "name": "135. Grundschule",
        "operator": "Landeshauptstadt Dresden"
      },
      "geometry": {
        "type": "Polygon",
        "coordinates": [
          [
            [
              13.6773447,
              51.0450825
            ],
            [
              13.6763364,
              51.0449777
            ],
            [
              13.6763714,
              51.0447656
            ],
            [
              13.6763305,
              51.0446335
            ],
            [
              13.6762546,
              51.0445065
            ],
            [
              13.6757176,
              51.0442209
            ],
            [
              13.6757288,
              51.0441155
            ],
            [
              13.6758448,
              51.0439919
            ],
            [
              13.676466,
              51.0437453
            ],
            [
              13.6769417,
              51.0437966
            ],
            [
              13.6769109,
              51.0438998
            ],
            [
              13.6771396,
              51.0439227
            ],
            [
              13.6775434,
              51.0439643
            ],
            [
              13.6774902,
              51.0441826
            ],
            [
              13.6774533,
              51.0443322
            ],
            [
              13.677513,
              51.0443382
            ],
            [
              13.677508,
              51.0443607
            ],
            [
              13.6775042,
              51.0443802
            ],
            [
              13.6774979,
              51.0444066
            ],
            [
              13.6774964,
              51.0444116
            ],
            [
              13.6775105,
              51.044413
            ],
            [
              13.6774317,
              51.0447348
            ],
            [
              13.6774547,
              51.044737
            ],
            [
              13.6774461,
              51.044772
            ],
            [
              13.6774377,
              51.0448062
            ],
            [
              13.6774153,
              51.044804
            ],
            [
              13.6773753,
              51.0449663
            ],
            [
              13.6773447,
              51.0450825
            ]
          ]
        ]
      },
      "id": "way/369522632"
    },
    {
      "type": "Feature",
      "properties": {
        "@id": "way/370520803",
        "addr:city": "Dresden",
        "addr:housenumber": "5",
        "addr:postcode": "01169",
        "addr:street": "Espenstraße",
        "amenity": "school",
        "building": "school",
        "building:levels": "3",
        "building:levels:underground": "1",
        "roof:shape": "flat"
      },
      "geometry": {
        "type": "Polygon",
        "coordinates": [
          [
            [
              13.6637338,
              51.0443019
            ],
            [
              13.6638392,
              51.0443246
            ],
            [
              13.6636678,
              51.0446658
            ],
            [
              13.6635765,
              51.0448474
            ],
            [
              13.6633359,
              51.0447996
            ],
            [
              13.6633889,
              51.0446941
            ],
            [
              13.6635434,
              51.0443866
            ],
            [
              13.6635994,
              51.0442752
            ],
            [
              13.6637338,
              51.0443019
            ]
          ]
        ]
      },
      "id": "way/370520803"
    },
    {
      "type": "Feature",
      "properties": {
        "@id": "way/370520804",
        "amenity": "school",
        "name": "Laborschule des Omse e.V."
      },
      "geometry": {
        "type": "Polygon",
        "coordinates": [
          [
            [
              13.6642802,
              51.0439556
            ],
            [
              13.6650581,
              51.0441129
            ],
            [
              13.6650445,
              51.0441213
            ],
            [
              13.6650281,
              51.0441313
            ],
            [
              13.6650543,
              51.0441497
            ],
            [
              13.6647377,
              51.0443173
            ],
            [
              13.6644905,
              51.0444665
            ],
            [
              13.6643692,
              51.0445487
            ],
            [
              13.6643106,
              51.0445884
            ],
            [
              13.6641608,
              51.0447023
            ],
            [
              13.6640522,
              51.0447915
            ],
            [
              13.6639027,
              51.0449415
            ],
            [
              13.6637464,
              51.0451139
            ],
            [
              13.6636986,
              51.0451101
            ],
            [
              13.6636201,
              51.0451135
            ],
            [
              13.6635446,
              51.0451449
            ],
            [
              13.6635091,
              51.0451914
            ],
            [
              13.6633543,
              51.04519
            ],
            [
              13.6628775,
              51.0449706
            ],
            [
              13.6630072,
              51.0442936
            ],
            [
              13.6620667,
              51.043942
            ],
            [
              13.6622441,
              51.0436592
            ],
            [
              13.6623852,
              51.0434914
            ],
            [
              13.662869,
              51.0425376
            ],
            [
              13.6635656,
              51.042657
            ],
            [
              13.663547,
              51.042815
            ],
            [
              13.6632996,
              51.0433846
            ],
            [
              13.6638851,
              51.0435044
            ],
            [
              13.6644404,
              51.043618
            ],
            [
              13.6642802,
              51.0439556
            ]
          ]
        ]
      },
      "id": "way/370520804"
    },
    {
      "type": "Feature",
      "properties": {
        "@id": "way/370854344",
        "amenity": "school"
      },
      "geometry": {
        "type": "Polygon",
        "coordinates": [
          [
            [
              13.6778834,
              51.1080935
            ],
            [
              13.6791473,
              51.1081735
            ],
            [
              13.6791232,
              51.108314
            ],
            [
              13.6790182,
              51.1087136
            ],
            [
              13.6780781,
              51.1086668
            ],
            [
              13.6778937,
              51.1084661
            ],
            [
              13.6778834,
              51.1080935
            ]
          ]
        ]
      },
      "id": "way/370854344"
    },
    {
      "type": "Feature",
      "properties": {
        "@id": "way/374447448",
        "amenity": "school",
        "check_date": "2024-05-31",
        "contact:email": "info@gymbw.de",
        "contact:fax": "+49 351 484522819",
        "contact:phone": "+49 35148452280",
        "contact:website": "http://www.gymnasium-bürgerwiese.de",
        "isced:level": "2;3",
        "name": "Gymnasium Bürgerwiese Dresden",
        "website": "https://www.gymnasium-buergerwiese.de/",
        "wheelchair": "yes"
      },
      "geometry": {
        "type": "Polygon",
        "coordinates": [
          [
            [
              13.7426219,
              51.039866
            ],
            [
              13.7424257,
              51.0397888
            ],
            [
              13.7418688,
              51.0395697
            ],
            [
              13.7415999,
              51.0394419
            ],
            [
              13.7413405,
              51.0392904
            ],
            [
              13.7413664,
              51.039235
            ],
            [
              13.7416276,
              51.0390826
            ],
            [
              13.7418349,
              51.0390356
            ],
            [
              13.7419599,
              51.0389537
            ],
            [
              13.7424238,
              51.0388472
            ],
            [
              13.743751,
              51.0385419
            ],
            [
              13.7436842,
              51.038426
            ],
            [
              13.7437359,
              51.0384142
            ],
            [
              13.7438576,
              51.0383849
            ],
            [
              13.7443583,
              51.0382862
            ],
            [
              13.7446281,
              51.0383376
            ],
            [
              13.7448261,
              51.0382952
            ],
            [
              13.7454525,
              51.0381535
            ],
            [
              13.7455496,
              51.0383175
            ],
            [
              13.745602,
              51.0384104
            ],
            [
              13.7452251,
              51.0384945
            ],
            [
              13.745301,
              51.0386291
            ],
            [
              13.7453529,
              51.0387211
            ],
            [
              13.7453988,
              51.0387685
            ],
            [
              13.7452693,
              51.0388311
            ],
            [
              13.7448163,
              51.0390625
            ],
            [
              13.7446671,
              51.0391616
            ],
            [
              13.7446054,
              51.0391994
            ],
            [
              13.7444321,
              51.0393174
            ],
            [
              13.7442053,
              51.0394714
            ],
            [
              13.7439182,
              51.0396942
            ],
            [
              13.7437194,
              51.0398525
            ],
            [
              13.7436698,
              51.0398994
            ],
            [
              13.7430228,
              51.0396342
            ],
            [
              13.7429038,
              51.0395805
            ],
            [
              13.7427902,
              51.0396888
            ],
            [
              13.7426712,
              51.0398113
            ],
            [
              13.7426219,
              51.039866
            ]
          ]
        ]
      },
      "id": "way/374447448"
    },
    {
      "type": "Feature",
      "properties": {
        "@id": "way/376506137",
        "addr:city": "Dresden",
        "addr:country": "DE",
        "addr:housenumber": "14",
        "addr:postcode": "01328",
        "addr:street": "Hauptstraße",
        "amenity": "school",
        "check_date": "2024-07-16",
        "name": "Grundschule Weißig \"Hutbergschule\""
      },
      "geometry": {
        "type": "Polygon",
        "coordinates": [
          [
            [
              13.8849697,
              51.0591546
            ],
            [
              13.8850422,
              51.0590763
            ],
            [
              13.885377,
              51.0588786
            ],
            [
              13.8857524,
              51.0589998
            ],
            [
              13.8855234,
              51.0591583
            ],
            [
              13.8853219,
              51.0593477
            ],
            [
              13.8849697,
              51.0591546
            ]
          ]
        ]
      },
      "id": "way/376506137"
    },
    {
      "type": "Feature",
      "properties": {
        "@id": "way/377875280",
        "addr:city": "Rabenau",
        "addr:country": "DE",
        "addr:housenumber": "71",
        "addr:postcode": "01734",
        "addr:street": "Hauptstraße",
        "addr:suburb": "Oelsa",
        "amenity": "school",
        "building": "school",
        "email": "Schule-oelsa@t-online.de",
        "entrance": "main",
        "name": "Grundschule Oelsa",
        "phone": "+49 351 6491677",
        "start_date": "1902",
        "website": "https://www.grundschule-oelsa.de/"
      },
      "geometry": {
        "type": "Polygon",
        "coordinates": [
          [
            [
              13.6649413,
              50.9501111
            ],
            [
              13.6650326,
              50.9500315
            ],
            [
              13.6650833,
              50.9499872
            ],
            [
              13.6651699,
              50.9499116
            ],
            [
              13.665403,
              50.9500176
            ],
            [
              13.665272,
              50.95013
            ],
            [
              13.6651745,
              50.9502171
            ],
            [
              13.6649413,
              50.9501111
            ]
          ]
        ]
      },
      "id": "way/377875280"
    },
    {
      "type": "Feature",
      "properties": {
        "@id": "way/382206200",
        "addr:city": "Dresden",
        "addr:country": "DE",
        "addr:housenumber": "42",
        "addr:postcode": "01239",
        "addr:street": "Georg-Palitzsch-Straße",
        "amenity": "school",
        "contact:email": "foe_lb_schweitz@dresdner-schulen.de",
        "contact:fax": "+49 351 27277959",
        "contact:phone": "+49 351 2843006",
        "contact:website": "http://www.albert-schweitzer-schule-dresden.de/",
        "name": "Förderzentrum Albert-Schweitzer",
        "operator": "Stadt Dresden, Schulverwaltungsamt"
      },
      "geometry": {
        "type": "Polygon",
        "coordinates": [
          [
            [
              13.7942511,
              51.0019682
            ],
            [
              13.7942164,
              51.0018999
            ],
            [
              13.7941579,
              51.001849
            ],
            [
              13.7941611,
              51.0017763
            ],
            [
              13.7944186,
              51.0016143
            ],
            [
              13.796281,
              51.000521
            ],
            [
              13.7965295,
              51.0006827
            ],
            [
              13.7969698,
              51.0011732
            ],
            [
              13.797323,
              51.0017421
            ],
            [
              13.7973308,
              51.0019761
            ],
            [
              13.7967007,
              51.0019614
            ],
            [
              13.7962137,
              51.002077
            ],
            [
              13.7959327,
              51.0022269
            ],
            [
              13.7957223,
              51.0020724
            ],
            [
              13.7950119,
              51.0024823
            ],
            [
              13.7944787,
              51.0021296
            ],
            [
              13.7942511,
              51.0019682
            ]
          ]
        ]
      },
      "id": "way/382206200"
    },
    {
      "type": "Feature",
      "properties": {
        "@id": "way/384488068",
        "addr:city": "Dresden",
        "addr:country": "DE",
        "addr:housenumber": "11",
        "addr:postcode": "01069",
        "addr:street": "Struvestraße",
        "amenity": "school",
        "email": "zehnte.grundschule@gmx.de",
        "fax": "+49 351 5007392",
        "name": "10. Grundschule Dresden",
        "operator": "Landeshauptstadt Dresden, Schulverwaltungsamt",
        "phone": "+49 351 4941980"
      },
      "geometry": {
        "type": "Polygon",
        "coordinates": [
          [
            [
              13.7410434,
              51.0408276
            ],
            [
              13.7424022,
              51.0414907
            ],
            [
              13.7422579,
              51.0416076
            ],
            [
              13.7419336,
              51.0418804
            ],
            [
              13.7418176,
              51.0418239
            ],
            [
              13.7412071,
              51.0415266
            ],
            [
              13.7410937,
              51.0414714
            ],
            [
              13.7408796,
              51.0413614
            ],
            [
              13.7409277,
              51.041325
            ],
            [
              13.7407757,
              51.0412534
            ],
            [
              13.7408129,
              51.0412201
            ],
            [
              13.7406512,
              51.0411424
            ],
            [
              13.740702,
              51.0411006
            ],
            [
              13.7406564,
              51.0410787
            ],
            [
              13.7407145,
              51.0410308
            ],
            [
              13.7407611,
              51.0410532
            ],
            [
              13.7410434,
              51.0408276
            ]
          ]
        ]
      },
      "id": "way/384488068"
    },
    {
      "type": "Feature",
      "properties": {
        "@id": "way/385099149",
        "addr:city": "Dresden",
        "addr:country": "DE",
        "addr:housenumber": "12",
        "addr:postcode": "01159",
        "addr:street": "Bünaustraße",
        "amenity": "school",
        "name": "35. Grundschule Dresden „Heinrich Graf von Bünau“",
        "operator": "Landeshauptstadt Dresden Schulverwaltungsamt",
        "phone": "+49 351 4213088",
        "website": "https://www.sn.schule.de/~gs35dd/",
        "wheelchair": "no"
      },
      "geometry": {
        "type": "Polygon",
        "coordinates": [
          [
            [
              13.6988006,
              51.0415792
            ],
            [
              13.6987583,
              51.0419139
            ],
            [
              13.698741,
              51.0420508
            ],
            [
              13.698737,
              51.042082
            ],
            [
              13.6981563,
              51.0420571
            ],
            [
              13.6980813,
              51.0426018
            ],
            [
              13.6976845,
              51.0425804
            ],
            [
              13.697318,
              51.0425583
            ],
            [
              13.6974978,
              51.0415111
            ],
            [
              13.6979896,
              51.0415368
            ],
            [
              13.6988006,
              51.0415792
            ]
          ]
        ]
      },
      "id": "way/385099149"
    },
    {
      "type": "Feature",
      "properties": {
        "@id": "way/385125919",
        "addr:city": "Dresden",
        "addr:housenumber": "39",
        "addr:postcode": "01069",
        "addr:street": "Pillnitzer Straße",
        "amenity": "school",
        "check_date": "2024-05-24",
        "name": "Sankt-Benno-Gymnasium",
        "operator": "Bistum Dresden-Meissen, Bischöfliches Ordinariat Abteilung Schulen und Hochschulen",
        "operator:type": "religious",
        "phone": "+49 351 445460",
        "website": "https://www.benno-gymnasium.de/",
        "wheelchair": "yes",
        "wikidata": "Q2317549",
        "wikipedia": "de:St. Benno-Gymnasium"
      },
      "geometry": {
        "type": "Polygon",
        "coordinates": [
          [
            [
              13.7571523,
              51.0501675
            ],
            [
              13.7576442,
              51.0515054
            ],
            [
              13.7578689,
              51.0521794
            ],
            [
              13.7578485,
              51.0521947
            ],
            [
              13.7578313,
              51.0521988
            ],
            [
              13.7571073,
              51.0522031
            ],
            [
              13.7569077,
              51.0516199
            ],
            [
              13.7564657,
              51.0503853
            ],
            [
              13.7565364,
              51.0503787
            ],
            [
              13.7564786,
              51.050307
            ],
            [
              13.7567007,
              51.0502861
            ],
            [
              13.7566942,
              51.050217
            ],
            [
              13.7567911,
              51.0502128
            ],
            [
              13.7568574,
              51.0502092
            ],
            [
              13.7568769,
              51.0502539
            ],
            [
              13.7569514,
              51.0502172
            ],
            [
              13.756985,
              51.0501985
            ],
            [
              13.75707,
              51.050178
            ],
            [
              13.7571523,
              51.0501675
            ]
          ]
        ]
      },
      "id": "way/385125919"
    },
    {
      "type": "Feature",
      "properties": {
        "@id": "way/385136836",
        "addr:city": "Dresden",
        "addr:country": "DE",
        "addr:housenumber": "3",
        "addr:postcode": "01069",
        "addr:street": "Güntzstraße",
        "amenity": "school",
        "name": "Berufliches Schulzentrum für Bau und Technik",
        "operator": "Landeshauptstadt Dresden Schulverwaltungsamt",
        "phone": "+49 351 447290",
        "website": "https://www.bsz-bau-und-technik.de/",
        "wheelchair": "yes"
      },
      "geometry": {
        "type": "Polygon",
        "coordinates": [
          [
            [
              13.7556423,
              51.0473881
            ],
            [
              13.7556507,
              51.0474018
            ],
            [
              13.7556695,
              51.0474311
            ],
            [
              13.7556933,
              51.047468
            ],
            [
              13.7558008,
              51.047645
            ],
            [
              13.7558228,
              51.0476813
            ],
            [
              13.7562116,
              51.0483157
            ],
            [
              13.75662,
              51.0489976
            ],
            [
              13.7561346,
              51.0489369
            ],
            [
              13.7561137,
              51.0489496
            ],
            [
              13.7561027,
              51.048977
            ],
            [
              13.7560874,
              51.0489798
            ],
            [
              13.7551699,
              51.0491607
            ],
            [
              13.7545355,
              51.0479096
            ],
            [
              13.7545102,
              51.047853
            ],
            [
              13.7545241,
              51.0478203
            ],
            [
              13.7546091,
              51.0477829
            ],
            [
              13.7551976,
              51.0475584
            ],
            [
              13.7552202,
              51.0475496
            ],
            [
              13.7556122,
              51.0473994
            ],
            [
              13.7556423,
              51.0473881
            ]
          ]
        ]
      },
      "id": "way/385136836"
    },
    {
      "type": "Feature",
      "properties": {
        "@id": "way/389086453",
        "amenity": "school",
        "name": "Schule für Erziehungshilfe Erich Kästner"
      },
      "geometry": {
        "type": "Polygon",
        "coordinates": [
          [
            [
              13.7429973,
              51.0433764
            ],
            [
              13.743253,
              51.0430652
            ],
            [
              13.7433254,
              51.0428854
            ],
            [
              13.7434246,
              51.0427767
            ],
            [
              13.7434546,
              51.0426381
            ],
            [
              13.7435289,
              51.0425758
            ],
            [
              13.7435631,
              51.0424485
            ],
            [
              13.7437824,
              51.042516
            ],
            [
              13.7446521,
              51.0434696
            ],
            [
              13.7444637,
              51.0435316
            ],
            [
              13.7440192,
              51.0436954
            ],
            [
              13.744034,
              51.0437113
            ],
            [
              13.7439401,
              51.0437459
            ],
            [
              13.7439253,
              51.04373
            ],
            [
              13.743705,
              51.0438113
            ],
            [
              13.7435512,
              51.0438835
            ],
            [
              13.7432793,
              51.0436046
            ],
            [
              13.7431117,
              51.0434352
            ],
            [
              13.7429973,
              51.0433764
            ]
          ]
        ]
      },
      "id": "way/389086453"
    },
    {
      "type": "Feature",
      "properties": {
        "@id": "way/390826443",
        "amenity": "school",
        "note": "Ich habe den Schulnamen hier nicht auf der Fläche sondern auf einem separaten Punkt eingetragen, da durch die Form des Schulgeländes der Schulname ansonsten auf dem Gewerbegebiet der Mitte des Geländes angeordnet wird."
      },
      "geometry": {
        "type": "Polygon",
        "coordinates": [
          [
            [
              13.7872812,
              51.0470577
            ],
            [
              13.7875266,
              51.0469459
            ],
            [
              13.7881413,
              51.0474915
            ],
            [
              13.7885486,
              51.0473106
            ],
            [
              13.7879407,
              51.0467573
            ],
            [
              13.7885062,
              51.0464996
            ],
            [
              13.78943,
              51.0473626
            ],
            [
              13.7882366,
              51.0479205
            ],
            [
              13.7872812,
              51.0470577
            ]
          ]
        ]
      },
      "id": "way/390826443"
    },
    {
      "type": "Feature",
      "properties": {
        "@id": "way/409055946",
        "addr:city": "Dresden",
        "addr:housenumber": "3",
        "addr:postcode": "01099",
        "addr:street": "Weintraubenstraße",
        "amenity": "school",
        "name": "Romain-Rolland-Gymnasium",
        "phone": "+49 35 8030656",
        "short_name": "RoRo",
        "website": "https://www.romain-rolland-gymnasium-dresden.de/",
        "wikidata": "Q1432754"
      },
      "geometry": {
        "type": "Polygon",
        "coordinates": [
          [
            [
              13.7533959,
              51.0606453
            ],
            [
              13.7534199,
              51.0605005
            ],
            [
              13.7534394,
              51.0602762
            ],
            [
              13.7538048,
              51.0604042
            ],
            [
              13.7540972,
              51.0605067
            ],
            [
              13.7542882,
              51.0603217
            ],
            [
              13.7543637,
              51.0603508
            ],
            [
              13.7548567,
              51.0598502
            ],
            [
              13.7555561,
              51.0601387
            ],
            [
              13.7545208,
              51.0610247
            ],
            [
              13.7533959,
              51.0606453
            ]
          ]
        ]
      },
      "id": "way/409055946"
    },
    {
      "type": "Feature",
      "properties": {
        "@id": "way/421266826",
        "amenity": "school",
        "name": "Gymnasium Dresden-Bühlau"
      },
      "geometry": {
        "type": "Polygon",
        "coordinates": [
          [
            [
              13.8565515,
              51.0601662
            ],
            [
              13.8561783,
              51.0604221
            ],
            [
              13.8556798,
              51.0607225
            ],
            [
              13.8555269,
              51.0608473
            ],
            [
              13.8552279,
              51.0607293
            ],
            [
              13.8546995,
              51.0611086
            ],
            [
              13.854564,
              51.0610159
            ],
            [
              13.8544189,
              51.0608518
            ],
            [
              13.8541663,
              51.0607412
            ],
            [
              13.8540661,
              51.0608377
            ],
            [
              13.8536814,
              51.0606783
            ],
            [
              13.8535097,
              51.0606071
            ],
            [
              13.853576,
              51.0605483
            ],
            [
              13.8536256,
              51.0605042
            ],
            [
              13.8536535,
              51.0604933
            ],
            [
              13.8541129,
              51.0601655
            ],
            [
              13.8541046,
              51.0601293
            ],
            [
              13.8541827,
              51.0600787
            ],
            [
              13.8542153,
              51.0600939
            ],
            [
              13.8547464,
              51.0597167
            ],
            [
              13.8548159,
              51.059757
            ],
            [
              13.8549471,
              51.0597205
            ],
            [
              13.8552386,
              51.0596546
            ],
            [
              13.8554441,
              51.0595628
            ],
            [
              13.8555766,
              51.0595002
            ],
            [
              13.8563785,
              51.0600693
            ],
            [
              13.8565515,
              51.0601662
            ]
          ]
        ]
      },
      "id": "way/421266826"
    },
    {
      "type": "Feature",
      "properties": {
        "@id": "way/423438156",
        "amenity": "school",
        "check_date": "2025-05-10",
        "name": "Sächsische Bildungsgesellschaft für Umweltschutz und Chemieberufe Dresden mbH"
      },
      "geometry": {
        "type": "Polygon",
        "coordinates": [
          [
            [
              13.7701792,
              51.0576383
            ],
            [
              13.770456,
              51.0576999
            ],
            [
              13.7705315,
              51.0577167
            ],
            [
              13.7706004,
              51.0577336
            ],
            [
              13.7706381,
              51.0577428
            ],
            [
              13.7705983,
              51.0578132
            ],
            [
              13.7705619,
              51.0578734
            ],
            [
              13.7706862,
              51.0578967
            ],
            [
              13.7708032,
              51.0579217
            ],
            [
              13.770707,
              51.0580995
            ],
            [
              13.7706839,
              51.0581281
            ],
            [
              13.7706569,
              51.0581826
            ],
            [
              13.7704726,
              51.0581568
            ],
            [
              13.7703952,
              51.0582808
            ],
            [
              13.7701538,
              51.0586933
            ],
            [
              13.7700077,
              51.058928
            ],
            [
              13.7693383,
              51.0587574
            ],
            [
              13.7693264,
              51.0587544
            ],
            [
              13.7696242,
              51.0581948
            ],
            [
              13.7697222,
              51.0580239
            ],
            [
              13.7699704,
              51.057591
            ],
            [
              13.7701792,
              51.0576383
            ]
          ]
        ]
      },
      "id": "way/423438156"
    },
    {
      "type": "Feature",
      "properties": {
        "@id": "way/457903595",
        "amenity": "school",
        "name": "Förderzentrum „Am Leutewitzer Park“ Dresden"
      },
      "geometry": {
        "type": "Polygon",
        "coordinates": [
          [
            [
              13.6779684,
              51.057558
            ],
            [
              13.6777584,
              51.0582257
            ],
            [
              13.6775398,
              51.0588647
            ],
            [
              13.6775036,
              51.0588739
            ],
            [
              13.677277,
              51.0588385
            ],
            [
              13.6773488,
              51.0586336
            ],
            [
              13.6765313,
              51.0585351
            ],
            [
              13.6766721,
              51.0582249
            ],
            [
              13.6759452,
              51.0581263
            ],
            [
              13.6758286,
              51.0584641
            ],
            [
              13.6752564,
              51.0583963
            ],
            [
              13.6753065,
              51.0581405
            ],
            [
              13.6752986,
              51.0580454
            ],
            [
              13.6752963,
              51.0578624
            ],
            [
              13.6756542,
              51.0579054
            ],
            [
              13.6757387,
              51.0574705
            ],
            [
              13.6762001,
              51.0574882
            ],
            [
              13.6761652,
              51.0577335
            ],
            [
              13.6768036,
              51.0578119
            ],
            [
              13.6768264,
              51.0575092
            ],
            [
              13.6779684,
              51.057558
            ]
          ]
        ]
      },
      "id": "way/457903595"
    },
    {
      "type": "Feature",
      "properties": {
        "@id": "way/466050679",
        "addr:city": "Dresden",
        "addr:housenumber": "1",
        "addr:postcode": "01159",
        "addr:street": "Fröbelstraße",
        "amenity": "school",
        "check_date": "2024-07-07",
        "isced:level": "1",
        "name": "153. Grundschule",
        "operator": "Stadt Dresden"
      },
      "geometry": {
        "type": "Polygon",
        "coordinates": [
          [
            [
              13.7155042,
              51.0510388
            ],
            [
              13.7147851,
              51.0506284
            ],
            [
              13.7146964,
              51.0505789
            ],
            [
              13.7152922,
              51.0501868
            ],
            [
              13.7158447,
              51.049833
            ],
            [
              13.716775,
              51.0502243
            ],
            [
              13.716596,
              51.0503373
            ],
            [
              13.7162444,
              51.0505614
            ],
            [
              13.7158802,
              51.0507966
            ],
            [
              13.7157859,
              51.0508568
            ],
            [
              13.7156791,
              51.0509252
            ],
            [
              13.7156114,
              51.0509671
            ],
            [
              13.7155042,
              51.0510388
            ]
          ]
        ]
      },
      "id": "way/466050679"
    },
    {
      "type": "Feature",
      "properties": {
        "@id": "way/469034005",
        "amenity": "school",
        "description": "Förderschule",
        "name": "Schule am Burkersdorfer Weg"
      },
      "geometry": {
        "type": "Polygon",
        "coordinates": [
          [
            [
              13.7267423,
              51.0175866
            ],
            [
              13.7264224,
              51.0175544
            ],
            [
              13.725416,
              51.0174659
            ],
            [
              13.7255516,
              51.016881
            ],
            [
              13.7269514,
              51.0169961
            ],
            [
              13.7268448,
              51.0175029
            ],
            [
              13.7268439,
              51.0175361
            ],
            [
              13.7268325,
              51.0175782
            ],
            [
              13.7268044,
              51.0175763
            ],
            [
              13.7267423,
              51.0175866
            ]
          ]
        ]
      },
      "id": "way/469034005"
    },
    {
      "type": "Feature",
      "properties": {
        "@id": "way/493214467",
        "alt_name": "Pestalozzi-Schule",
        "amenity": "school",
        "check_date": "2024-07-07",
        "name": "Lößnitzgymnasium Radebeul, Außenstelle Pestalozzihaus"
      },
      "geometry": {
        "type": "Polygon",
        "coordinates": [
          [
            [
              13.6780365,
              51.1007138
            ],
            [
              13.6779323,
              51.1006863
            ],
            [
              13.6776884,
              51.1008807
            ],
            [
              13.6775431,
              51.1008374
            ],
            [
              13.6772401,
              51.1012556
            ],
            [
              13.6769369,
              51.1011575
            ],
            [
              13.6772715,
              51.1007374
            ],
            [
              13.6772388,
              51.1007048
            ],
            [
              13.6769931,
              51.1007884
            ],
            [
              13.6767774,
              51.1007077
            ],
            [
              13.676659,
              51.1005734
            ],
            [
              13.6779308,
              51.1001473
            ],
            [
              13.6779621,
              51.1001847
            ],
            [
              13.6781639,
              51.1004212
            ],
            [
              13.6781917,
              51.1004118
            ],
            [
              13.6782229,
              51.1004493
            ],
            [
              13.6782976,
              51.1004694
            ],
            [
              13.6780365,
              51.1007138
            ]
          ]
        ]
      },
      "id": "way/493214467"
    },
    {
      "type": "Feature",
      "properties": {
        "@id": "way/498822039",
        "amenity": "school",
        "name": "43.Grundschule Thomas Müntzer",
        "wheelchair": "yes"
      },
      "geometry": {
        "type": "Polygon",
        "coordinates": [
          [
            [
              13.687177,
              51.0832808
            ],
            [
              13.6863822,
              51.0832189
            ],
            [
              13.6863765,
              51.0832795
            ],
            [
              13.6861909,
              51.0832623
            ],
            [
              13.6861686,
              51.0826551
            ],
            [
              13.6861745,
              51.0823411
            ],
            [
              13.686921,
              51.0823159
            ],
            [
              13.6870915,
              51.0823361
            ],
            [
              13.6870924,
              51.0823461
            ],
            [
              13.6871589,
              51.0830813
            ],
            [
              13.687177,
              51.0832808
            ]
          ]
        ]
      },
      "id": "way/498822039"
    },
    {
      "type": "Feature",
      "properties": {
        "@id": "way/506550900",
        "amenity": "school",
        "check_date": "2024-03-26",
        "name": "63. Grundschule „Johann Gottlieb Naumann“",
        "operator": "Landeshauptstadt Dresden",
        "operator:type": "public"
      },
      "geometry": {
        "type": "Polygon",
        "coordinates": [
          [
            [
              13.803746,
              51.0490509
            ],
            [
              13.8026092,
              51.0480761
            ],
            [
              13.8029471,
              51.0479346
            ],
            [
              13.8031834,
              51.0481469
            ],
            [
              13.8032409,
              51.0481201
            ],
            [
              13.803444,
              51.0483124
            ],
            [
              13.8039235,
              51.0481585
            ],
            [
              13.8045528,
              51.0486486
            ],
            [
              13.803746,
              51.0490509
            ]
          ]
        ]
      },
      "id": "way/506550900"
    },
    {
      "type": "Feature",
      "properties": {
        "@id": "way/527320942",
        "addr:city": "Heidenau",
        "addr:country": "DE",
        "addr:housenumber": "32",
        "addr:postcode": "01809",
        "addr:street": "Parkstraße",
        "amenity": "school",
        "contact:fax": "+49 3529 529226",
        "contact:phone": "+49 3529 519215",
        "email": "sekr.heine@schulen-heidenau.de",
        "grades": "1-6",
        "name": "Heinrich-Heine-Grundschule",
        "operator": "Stadt Heidenau",
        "operator:type": "government",
        "religion": "no"
      },
      "geometry": {
        "type": "Polygon",
        "coordinates": [
          [
            [
              13.8829089,
              50.95578
            ],
            [
              13.8827908,
              50.9558421
            ],
            [
              13.8826599,
              50.9557859
            ],
            [
              13.8825251,
              50.9558237
            ],
            [
              13.882424,
              50.9558264
            ],
            [
              13.8823404,
              50.9557986
            ],
            [
              13.8822302,
              50.955685
            ],
            [
              13.8821646,
              50.9555325
            ],
            [
              13.8829914,
              50.9548215
            ],
            [
              13.8832551,
              50.9549427
            ],
            [
              13.8832532,
              50.954966
            ],
            [
              13.8832575,
              50.9549723
            ],
            [
              13.8832891,
              50.9549864
            ],
            [
              13.8833057,
              50.9549887
            ],
            [
              13.8833407,
              50.9549821
            ],
            [
              13.8840217,
              50.9552951
            ],
            [
              13.8840386,
              50.9553234
            ],
            [
              13.884025,
              50.9553745
            ],
            [
              13.8839525,
              50.955473
            ],
            [
              13.8837882,
              50.9554119
            ],
            [
              13.8837646,
              50.9554494
            ],
            [
              13.8837218,
              50.9555176
            ],
            [
              13.8838921,
              50.9555816
            ],
            [
              13.8836473,
              50.9562263
            ],
            [
              13.8836161,
              50.9563161
            ],
            [
              13.8828945,
              50.9561587
            ],
            [
              13.8831964,
              50.9558974
            ],
            [
              13.8829089,
              50.95578
            ]
          ]
        ]
      },
      "id": "way/527320942"
    },
    {
      "type": "Feature",
      "properties": {
        "@id": "way/532062290",
        "amenity": "school",
        "name": "Friedrich Schiller Gymnasium",
        "operator": "Stadt Pirna",
        "phone": "+49 3501 781575",
        "website": "https://www.schillergymnasium-pirna.de/",
        "wikipedia": "de:Friedrich-Schiller-Gymnasium Pirna"
      },
      "geometry": {
        "type": "Polygon",
        "coordinates": [
          [
            [
              13.9424513,
              50.9556994
            ],
            [
              13.9427686,
              50.9556978
            ],
            [
              13.9427576,
              50.9558017
            ],
            [
              13.9427695,
              50.9559264
            ],
            [
              13.9428649,
              50.9560855
            ],
            [
              13.9427624,
              50.9561351
            ],
            [
              13.9427814,
              50.9562539
            ],
            [
              13.9430501,
              50.9562476
            ],
            [
              13.943086,
              50.9565569
            ],
            [
              13.943086,
              50.956692
            ],
            [
              13.9431149,
              50.9569508
            ],
            [
              13.9427203,
              50.9569777
            ],
            [
              13.9427275,
              50.9570634
            ],
            [
              13.9419446,
              50.9570812
            ],
            [
              13.9416122,
              50.9570887
            ],
            [
              13.9415959,
              50.956977
            ],
            [
              13.9415899,
              50.9568086
            ],
            [
              13.9415062,
              50.9561191
            ],
            [
              13.9414269,
              50.9557959
            ],
            [
              13.9414658,
              50.955794
            ],
            [
              13.9424513,
              50.9556994
            ]
          ]
        ]
      },
      "id": "way/532062290"
    },
    {
      "type": "Feature",
      "properties": {
        "@id": "way/532075474",
        "amenity": "school"
      },
      "geometry": {
        "type": "Polygon",
        "coordinates": [
          [
            [
              13.9341556,
              50.9565172
            ],
            [
              13.9340709,
              50.9562923
            ],
            [
              13.9341695,
              50.9562102
            ],
            [
              13.9343451,
              50.9560487
            ],
            [
              13.935059,
              50.955927
            ],
            [
              13.9352015,
              50.9561599
            ],
            [
              13.9354847,
              50.956613
            ],
            [
              13.9354807,
              50.9566349
            ],
            [
              13.9353713,
              50.9566652
            ],
            [
              13.9353466,
              50.9566727
            ],
            [
              13.9352838,
              50.9566669
            ],
            [
              13.9351232,
              50.9563576
            ],
            [
              13.9346474,
              50.9564368
            ],
            [
              13.9341556,
              50.9565172
            ]
          ]
        ]
      },
      "id": "way/532075474"
    },
    {
      "type": "Feature",
      "properties": {
        "@id": "way/537845627",
        "amenity": "school"
      },
      "geometry": {
        "type": "Polygon",
        "coordinates": [
          [
            [
              13.8592428,
              50.957699
            ],
            [
              13.8592095,
              50.9576928
            ],
            [
              13.8589385,
              50.9576112
            ],
            [
              13.8587917,
              50.9574934
            ],
            [
              13.8589495,
              50.957421
            ],
            [
              13.8587889,
              50.9573129
            ],
            [
              13.8586931,
              50.9572595
            ],
            [
              13.8589075,
              50.9569728
            ],
            [
              13.8585463,
              50.9568521
            ],
            [
              13.8586074,
              50.9567895
            ],
            [
              13.8586311,
              50.9567883
            ],
            [
              13.858715,
              50.9566803
            ],
            [
              13.8587132,
              50.9566458
            ],
            [
              13.8589924,
              50.9562999
            ],
            [
              13.8590881,
              50.9561936
            ],
            [
              13.8594147,
              50.9563384
            ],
            [
              13.859453,
              50.9563366
            ],
            [
              13.8594968,
              50.9563372
            ],
            [
              13.8595096,
              50.9562866
            ],
            [
              13.8596346,
              50.9562878
            ],
            [
              13.8598298,
              50.9563315
            ],
            [
              13.8600068,
              50.9563636
            ],
            [
              13.8603917,
              50.956424
            ],
            [
              13.8604182,
              50.956428
            ],
            [
              13.8603197,
              50.9566728
            ],
            [
              13.8602941,
              50.9567475
            ],
            [
              13.8605842,
              50.9567831
            ],
            [
              13.8605468,
              50.9570503
            ],
            [
              13.8605131,
              50.9571676
            ],
            [
              13.8602139,
              50.9575192
            ],
            [
              13.8600047,
              50.9578045
            ],
            [
              13.8593294,
              50.9575989
            ],
            [
              13.85932,
              50.9575397
            ],
            [
              13.8592529,
              50.9575364
            ],
            [
              13.8592288,
              50.9576073
            ],
            [
              13.8592596,
              50.9576496
            ],
            [
              13.8592428,
              50.957699
            ]
          ]
        ]
      },
      "id": "way/537845627"
    },
    {
      "type": "Feature",
      "properties": {
        "@id": "way/542052473",
        "amenity": "school",
        "contact:website": "https://srh-oberschule.de/",
        "isced:level": "2",
        "name": "SRH Oberschule Dresden",
        "operator": "SRH Berufsbildungswerk Sachsen GmbH"
      },
      "geometry": {
        "type": "Polygon",
        "coordinates": [
          [
            [
              13.8032212,
              50.9887446
            ],
            [
              13.8035701,
              50.9887603
            ],
            [
              13.8037245,
              50.9887717
            ],
            [
              13.8038168,
              50.9887958
            ],
            [
              13.8039082,
              50.9888587
            ],
            [
              13.8045751,
              50.989568
            ],
            [
              13.8037992,
              50.989881
            ],
            [
              13.8033737,
              50.9896056
            ],
            [
              13.803207,
              50.9889532
            ],
            [
              13.8032212,
              50.9887446
            ]
          ]
        ]
      },
      "id": "way/542052473"
    },
    {
      "type": "Feature",
      "properties": {
        "@id": "way/563868906",
        "amenity": "school"
      },
      "geometry": {
        "type": "Polygon",
        "coordinates": [
          [
            [
              13.935518,
              50.9683278
            ],
            [
              13.935607,
              50.9679638
            ],
            [
              13.9353363,
              50.9679315
            ],
            [
              13.935411,
              50.9676692
            ],
            [
              13.9356994,
              50.9677053
            ],
            [
              13.9357784,
              50.9675591
            ],
            [
              13.9360688,
              50.9675744
            ],
            [
              13.936062,
              50.9676204
            ],
            [
              13.9360687,
              50.9676275
            ],
            [
              13.9361277,
              50.9676301
            ],
            [
              13.936117,
              50.9677542
            ],
            [
              13.9363034,
              50.9677635
            ],
            [
              13.9369539,
              50.9677863
            ],
            [
              13.9369639,
              50.9678492
            ],
            [
              13.9369044,
              50.9681203
            ],
            [
              13.9368729,
              50.9681188
            ],
            [
              13.9367777,
              50.9684508
            ],
            [
              13.936678,
              50.968432
            ],
            [
              13.9366756,
              50.9684504
            ],
            [
              13.9359091,
              50.9683784
            ],
            [
              13.9359114,
              50.9683593
            ],
            [
              13.935518,
              50.9683278
            ]
          ]
        ]
      },
      "id": "way/563868906"
    },
    {
      "type": "Feature",
      "properties": {
        "@id": "way/565165871",
        "amenity": "school",
        "name": "Schulcampus Tolkewitz",
        "wheelchair": "yes"
      },
      "geometry": {
        "type": "Polygon",
        "coordinates": [
          [
            [
              13.8142732,
              51.0347623
            ],
            [
              13.8145009,
              51.0346762
            ],
            [
              13.8152959,
              51.0343783
            ],
            [
              13.8159348,
              51.0341388
            ],
            [
              13.8169627,
              51.0351014
            ],
            [
              13.8171052,
              51.0352346
            ],
            [
              13.817142,
              51.0352708
            ],
            [
              13.8171703,
              51.035318
            ],
            [
              13.8171812,
              51.0353694
            ],
            [
              13.817172,
              51.0354245
            ],
            [
              13.8171403,
              51.0354744
            ],
            [
              13.8157148,
              51.0358717
            ],
            [
              13.8156622,
              51.0358859
            ],
            [
              13.8155609,
              51.0357339
            ],
            [
              13.8154858,
              51.0356607
            ],
            [
              13.8154577,
              51.0356334
            ],
            [
              13.8153659,
              51.0355485
            ],
            [
              13.8152198,
              51.0354051
            ],
            [
              13.8149194,
              51.0355269
            ],
            [
              13.8148035,
              51.0353898
            ],
            [
              13.8142732,
              51.0347623
            ]
          ]
        ]
      },
      "id": "way/565165871"
    },
    {
      "type": "Feature",
      "properties": {
        "@id": "way/565165872",
        "amenity": "school",
        "name": "Schulcampus Tolkewitz",
        "wheelchair": "yes"
      },
      "geometry": {
        "type": "Polygon",
        "coordinates": [
          [
            [
              13.8141626,
              51.0346189
            ],
            [
              13.8133218,
              51.033645
            ],
            [
              13.8133434,
              51.0336367
            ],
            [
              13.8150103,
              51.0329966
            ],
            [
              13.8153767,
              51.0328713
            ],
            [
              13.8154634,
              51.0328535
            ],
            [
              13.8164142,
              51.0337618
            ],
            [
              13.8163533,
              51.0337846
            ],
            [
              13.8160327,
              51.0339046
            ],
            [
              13.8151573,
              51.0342377
            ],
            [
              13.8141626,
              51.0346189
            ]
          ]
        ]
      },
      "id": "way/565165872"
    },
    {
      "type": "Feature",
      "properties": {
        "@id": "way/574139718",
        "amenity": "school",
        "building": "school"
      },
      "geometry": {
        "type": "Polygon",
        "coordinates": [
          [
            [
              13.8649305,
              51.0161232
            ],
            [
              13.8649724,
              51.0160979
            ],
            [
              13.8650165,
              51.0161267
            ],
            [
              13.8649746,
              51.0161521
            ],
            [
              13.8649305,
              51.0161232
            ]
          ]
        ]
      },
      "id": "way/574139718"
    },
    {
      "type": "Feature",
      "properties": {
        "@id": "way/586884770",
        "addr:city": "Dresden",
        "addr:country": "DE",
        "addr:housenumber": "2",
        "addr:postcode": "01326",
        "addr:street": "Hutbergstraße",
        "amenity": "school",
        "check_date": "2024-05-04",
        "name": "61. Grundschule Heinrich Schütz"
      },
      "geometry": {
        "type": "Polygon",
        "coordinates": [
          [
            [
              13.8457622,
              51.0502291
            ],
            [
              13.8465304,
              51.0507681
            ],
            [
              13.8458842,
              51.0510507
            ],
            [
              13.8457749,
              51.0510496
            ],
            [
              13.8451451,
              51.0505255
            ],
            [
              13.8452069,
              51.0504763
            ],
            [
              13.8457622,
              51.0502291
            ]
          ]
        ]
      },
      "id": "way/586884770"
    },
    {
      "type": "Feature",
      "properties": {
        "@id": "way/608890223",
        "amenity": "school"
      },
      "geometry": {
        "type": "Polygon",
        "coordinates": [
          [
            [
              13.6518725,
              51.0814022
            ],
            [
              13.6518628,
              51.0813703
            ],
            [
              13.6523252,
              51.0811714
            ],
            [
              13.6522812,
              51.0811243
            ],
            [
              13.6528297,
              51.0808926
            ],
            [
              13.6526688,
              51.0806289
            ],
            [
              13.6529384,
              51.0805691
            ],
            [
              13.6533982,
              51.0803117
            ],
            [
              13.6534918,
              51.0802593
            ],
            [
              13.6540796,
              51.0813408
            ],
            [
              13.6538038,
              51.0814372
            ],
            [
              13.6538959,
              51.0816176
            ],
            [
              13.6535362,
              51.081699
            ],
            [
              13.6534418,
              51.0814662
            ],
            [
              13.6525821,
              51.0818154
            ],
            [
              13.6525146,
              51.0817502
            ],
            [
              13.6524215,
              51.0816788
            ],
            [
              13.6523215,
              51.0816104
            ],
            [
              13.6521766,
              51.0815245
            ],
            [
              13.6520369,
              51.0814631
            ],
            [
              13.6518725,
              51.0814022
            ]
          ]
        ]
      },
      "id": "way/608890223"
    },
    {
      "type": "Feature",
      "properties": {
        "@id": "way/621153817",
        "addr:city": "Dresden",
        "addr:country": "DE",
        "addr:housenumber": "4",
        "addr:postcode": "01069",
        "addr:street": "Parkstraße",
        "addr:unit": "333.2",
        "amenity": "school",
        "check_date": "2024-05-31",
        "cn_tud:token": "PA4",
        "contact:email": "info@srz-dresden.de",
        "contact:fax": "+49 351 48672635",
        "contact:phone": "+49 351 48672634",
        "contact:website": "http://www.srz.tu-dresden.de/",
        "indoor": "room",
        "level": "3",
        "loc_ref": "PA4",
        "name": "Schülerrechenzentrum",
        "opening_hours": "Tu 09:00-17:00; We,Th 14:00-17:00; Fr 09:00-15:00",
        "operator": "TU Dresden",
        "toilets:wheelchair": "yes",
        "wheelchair": "yes",
        "wikidata": "Q18289366",
        "wikipedia": "de:Schülerrechenzentrum Dresden"
      },
      "geometry": {
        "type": "Polygon",
        "coordinates": [
          [
            [
              13.744184,
              51.0386051
            ],
            [
              13.7441263,
              51.0385027
            ],
            [
              13.7443402,
              51.0384544
            ],
            [
              13.7443971,
              51.0385555
            ],
            [
              13.744184,
              51.0386051
            ]
          ]
        ]
      },
      "id": "way/621153817"
    },
    {
      "type": "Feature",
      "properties": {
        "@id": "way/626503974",
        "addr:city": "Dresden",
        "addr:housenumber": "18",
        "addr:postcode": "01069",
        "addr:street": "Bernhardstraße",
        "amenity": "school",
        "description": "ehem. Fritz-Löffler-Gymnasium",
        "layer": "-1",
        "name": "Ehrenfried-Walther-von-Tschirnhaus-Gymnasium",
        "operator": "Landeshauptstadt Dresden",
        "operator:type": "government",
        "website": "https://ewvt.de/",
        "wikidata": "Q98908544"
      },
      "geometry": {
        "type": "Polygon",
        "coordinates": [
          [
            [
              13.7236169,
              51.0365099
            ],
            [
              13.7240995,
              51.0368598
            ],
            [
              13.7249442,
              51.0376365
            ],
            [
              13.7244935,
              51.0379004
            ],
            [
              13.7233067,
              51.038438
            ],
            [
              13.722387,
              51.0376187
            ],
            [
              13.7224185,
              51.0376047
            ],
            [
              13.7223078,
              51.0375077
            ],
            [
              13.7226916,
              51.0373404
            ],
            [
              13.7230109,
              51.0371993
            ],
            [
              13.7226839,
              51.0369114
            ],
            [
              13.7236169,
              51.0365099
            ]
          ]
        ]
      },
      "id": "way/626503974"
    },
    {
      "type": "Feature",
      "properties": {
        "@id": "way/632789564",
        "addr:city": "Dresden",
        "addr:housenumber": "1",
        "addr:postcode": "01239",
        "addr:street": "Trattendorfer Straße",
        "amenity": "school",
        "check_date": "2024-04-25",
        "name": "120. Grundschule \"Am Geberbach\"",
        "website": "http://www.gs120.de/"
      },
      "geometry": {
        "type": "Polygon",
        "coordinates": [
          [
            [
              13.7989537,
              51.0104273
            ],
            [
              13.7992468,
              51.0102722
            ],
            [
              13.79927,
              51.0102011
            ],
            [
              13.7997558,
              51.0099512
            ],
            [
              13.8002468,
              51.0103078
            ],
            [
              13.799084,
              51.0114169
            ],
            [
              13.7988882,
              51.0109579
            ],
            [
              13.798459,
              51.0110271
            ],
            [
              13.7982633,
              51.0104942
            ],
            [
              13.7983051,
              51.0104524
            ],
            [
              13.7987278,
              51.0103605
            ],
            [
              13.7989537,
              51.0104273
            ]
          ]
        ]
      },
      "id": "way/632789564"
    },
    {
      "type": "Feature",
      "properties": {
        "@id": "way/633935515",
        "addr:postcode": "01324",
        "amenity": "school",
        "name": "59. Grundschule Dresden \"Jürgen Reichen\"",
        "website": "https://www.59-grundschule-dresden.de"
      },
      "geometry": {
        "type": "Polygon",
        "coordinates": [
          [
            [
              13.8287516,
              51.0638175
            ],
            [
              13.8292534,
              51.0632865
            ],
            [
              13.8291501,
              51.0630578
            ],
            [
              13.8292966,
              51.0630373
            ],
            [
              13.8294464,
              51.0630486
            ],
            [
              13.8295809,
              51.0630927
            ],
            [
              13.829655,
              51.0631446
            ],
            [
              13.8297133,
              51.0631999
            ],
            [
              13.8298904,
              51.0633995
            ],
            [
              13.8300703,
              51.0635244
            ],
            [
              13.830257,
              51.0636405
            ],
            [
              13.8303374,
              51.0637164
            ],
            [
              13.8303526,
              51.0637971
            ],
            [
              13.8303158,
              51.0639032
            ],
            [
              13.830267,
              51.064088
            ],
            [
              13.8303738,
              51.0641384
            ],
            [
              13.8303866,
              51.0642108
            ],
            [
              13.8303757,
              51.0644575
            ],
            [
              13.8294957,
              51.0641587
            ],
            [
              13.8295358,
              51.0641096
            ],
            [
              13.8291719,
              51.0639739
            ],
            [
              13.8287516,
              51.0638175
            ]
          ]
        ]
      },
      "id": "way/633935515"
    },
    {
      "type": "Feature",
      "properties": {
        "@id": "way/633959452",
        "addr:city": "Dresden",
        "addr:housenumber": "12",
        "addr:postcode": "01328",
        "addr:street": "Borsbergstraße",
        "amenity": "school",
        "name": "Grundschule Schönfeld",
        "operator": "Landeshauptstadt Dresden, Schulverwaltungsamt",
        "website": "https://cms.sachsen.schule/gsschoenfeld/start/"
      },
      "geometry": {
        "type": "Polygon",
        "coordinates": [
          [
            [
              13.8975127,
              51.0322796
            ],
            [
              13.8973973,
              51.0319794
            ],
            [
              13.8976656,
              51.0319305
            ],
            [
              13.897687,
              51.0319777
            ],
            [
              13.8982047,
              51.0319102
            ],
            [
              13.8982905,
              51.0320958
            ],
            [
              13.8990415,
              51.031976
            ],
            [
              13.8992186,
              51.0324399
            ],
            [
              13.8984354,
              51.0326794
            ],
            [
              13.8983334,
              51.032531
            ],
            [
              13.8981081,
              51.0325681
            ],
            [
              13.8980008,
              51.0324669
            ],
            [
              13.8978586,
              51.0325088
            ],
            [
              13.8975127,
              51.0322796
            ]
          ]
        ]
      },
      "id": "way/633959452"
    },
    {
      "type": "Feature",
      "properties": {
        "@id": "way/696887439",
        "addr:housenumber": "191",
        "addr:postcode": "01257",
        "addr:street": "Pirnaer Landstraße",
        "amenity": "school",
        "check_date": "2024-04-20",
        "email": "schule@kilaloma.de",
        "fax": "+49 (0)351 2044761",
        "name": "Freie Montessori-Grundschule Kilaloma",
        "phone": "+49 (0)351 2050100",
        "website": "http://www.kilaloma.de"
      },
      "geometry": {
        "type": "Polygon",
        "coordinates": [
          [
            [
              13.8361135,
              51.0072836
            ],
            [
              13.8366553,
              51.0069813
            ],
            [
              13.8373956,
              51.0074752
            ],
            [
              13.8371851,
              51.0075765
            ],
            [
              13.8367089,
              51.0078337
            ],
            [
              13.8361135,
              51.0072836
            ]
          ]
        ]
      },
      "id": "way/696887439"
    },
    {
      "type": "Feature",
      "properties": {
        "@id": "way/714013684",
        "addr:city": "Dresden",
        "addr:housenumber": "27",
        "addr:postcode": "01309",
        "addr:street": "Kretschmerstraße",
        "amenity": "school",
        "check_date": "2024-06-06",
        "name": "Landesgymnasium für Musik \"Carl Maria von Weber\"",
        "religion": "none"
      },
      "geometry": {
        "type": "Polygon",
        "coordinates": [
          [
            [
              13.8047972,
              51.0486604
            ],
            [
              13.8040378,
              51.0480765
            ],
            [
              13.8041133,
              51.0480385
            ],
            [
              13.804268,
              51.0479608
            ],
            [
              13.8042825,
              51.0479696
            ],
            [
              13.8045907,
              51.0478582
            ],
            [
              13.8047263,
              51.0478107
            ],
            [
              13.8054293,
              51.0483376
            ],
            [
              13.8048733,
              51.0486213
            ],
            [
              13.8047972,
              51.0486604
            ]
          ]
        ]
      },
      "id": "way/714013684"
    },
    {
      "type": "Feature",
      "properties": {
        "@id": "way/729484776",
        "amenity": "school",
        "name": "33. Grundschule"
      },
      "geometry": {
        "type": "Polygon",
        "coordinates": [
          [
            [
              13.8052797,
              51.0264181
            ],
            [
              13.8054716,
              51.0262141
            ],
            [
              13.8055369,
              51.0262061
            ],
            [
              13.8060841,
              51.0265157
            ],
            [
              13.8064026,
              51.0268356
            ],
            [
              13.8055414,
              51.0271681
            ],
            [
              13.8057973,
              51.0274266
            ],
            [
              13.805598,
              51.0275026
            ],
            [
              13.8058445,
              51.027753
            ],
            [
              13.8049468,
              51.0281054
            ],
            [
              13.8049195,
              51.0280773
            ],
            [
              13.804875,
              51.0280941
            ],
            [
              13.8048289,
              51.0280509
            ],
            [
              13.8047181,
              51.0279465
            ],
            [
              13.8045264,
              51.0278016
            ],
            [
              13.8048632,
              51.0274834
            ],
            [
              13.8047658,
              51.0274356
            ],
            [
              13.8048074,
              51.0274003
            ],
            [
              13.8046372,
              51.0273269
            ],
            [
              13.8049754,
              51.0270355
            ],
            [
              13.8052183,
              51.0271651
            ],
            [
              13.8054337,
              51.0270063
            ],
            [
              13.8049341,
              51.0267477
            ],
            [
              13.8051515,
              51.0265556
            ],
            [
              13.8053825,
              51.0266797
            ],
            [
              13.8055475,
              51.0265646
            ],
            [
              13.8052797,
              51.0264181
            ]
          ]
        ]
      },
      "id": "way/729484776"
    },
    {
      "type": "Feature",
      "properties": {
        "@id": "way/731868799",
        "addr:city": "Dresden",
        "addr:housenumber": "11a",
        "addr:postcode": "01067",
        "addr:street": "Seminarstraße",
        "amenity": "school",
        "check_date": "2024-09-27",
        "name": "48. Grundschule",
        "operator": "Landeshauptstadt Dresden",
        "religion": "none"
      },
      "geometry": {
        "type": "Polygon",
        "coordinates": [
          [
            [
              13.7206173,
              51.0570749
            ],
            [
              13.7205259,
              51.0569611
            ],
            [
              13.7204124,
              51.0568249
            ],
            [
              13.7201011,
              51.0569274
            ],
            [
              13.7200329,
              51.0568607
            ],
            [
              13.7199903,
              51.0568092
            ],
            [
              13.7199685,
              51.0567847
            ],
            [
              13.7199041,
              51.0567138
            ],
            [
              13.7198956,
              51.0567035
            ],
            [
              13.7200035,
              51.0566656
            ],
            [
              13.7198836,
              51.0565241
            ],
            [
              13.7205756,
              51.056301
            ],
            [
              13.7206115,
              51.0563384
            ],
            [
              13.7207459,
              51.056495
            ],
            [
              13.7210079,
              51.0567764
            ],
            [
              13.7207731,
              51.0568519
            ],
            [
              13.7208901,
              51.0569957
            ],
            [
              13.7206173,
              51.0570749
            ]
          ]
        ]
      },
      "id": "way/731868799"
    },
    {
      "type": "Feature",
      "properties": {
        "@id": "way/738376567",
        "amenity": "school",
        "description": "Schulgarten/ Hort",
        "name": "Freie Waldorfschule Dresden",
        "operator": "Verein der Freien Waldorfschule Dresden",
        "operator:type": "private_non_profit",
        "website": "https://www.waldorfschule-dresden.de"
      },
      "geometry": {
        "type": "Polygon",
        "coordinates": [
          [
            [
              13.7625631,
              51.0713747
            ],
            [
              13.7622239,
              51.0709275
            ],
            [
              13.7627009,
              51.0707783
            ],
            [
              13.7631095,
              51.0711974
            ],
            [
              13.7625631,
              51.0713747
            ]
          ]
        ]
      },
      "id": "way/738376567"
    },
    {
      "type": "Feature",
      "properties": {
        "@id": "way/754886671",
        "amenity": "school",
        "name": "Sächsisches Landesgymnasium für Musik Carl Maria von Weber"
      },
      "geometry": {
        "type": "Polygon",
        "coordinates": [
          [
            [
              13.7949139,
              51.0514508
            ],
            [
              13.7950619,
              51.0511551
            ],
            [
              13.7956196,
              51.0509928
            ],
            [
              13.7961916,
              51.0508249
            ],
            [
              13.7963,
              51.0510243
            ],
            [
              13.7963399,
              51.051247
            ],
            [
              13.7963039,
              51.0516255
            ],
            [
              13.796594,
              51.0519439
            ],
            [
              13.7961685,
              51.0521584
            ],
            [
              13.7962697,
              51.0522393
            ],
            [
              13.79596,
              51.0524085
            ],
            [
              13.7959303,
              51.0523917
            ],
            [
              13.7954477,
              51.0521185
            ],
            [
              13.7955843,
              51.0519557
            ],
            [
              13.7953736,
              51.051501
            ],
            [
              13.7953389,
              51.0515548
            ],
            [
              13.7949139,
              51.0514508
            ]
          ]
        ]
      },
      "id": "way/754886671"
    },
    {
      "type": "Feature",
      "properties": {
        "@id": "way/755655710",
        "amenity": "school",
        "name": "Freie Montessorischule Huckepack",
        "operator": "Huckepack e.V."
      },
      "geometry": {
        "type": "Polygon",
        "coordinates": [
          [
            [
              13.7863844,
              51.0423785
            ],
            [
              13.7863549,
              51.0418031
            ],
            [
              13.7863392,
              51.0418037
            ],
            [
              13.7863202,
              51.0415518
            ],
            [
              13.7879596,
              51.0415128
            ],
            [
              13.7879855,
              51.0420237
            ],
            [
              13.7869957,
              51.0420463
            ],
            [
              13.787013,
              51.0423616
            ],
            [
              13.7863844,
              51.0423785
            ]
          ]
        ]
      },
      "id": "way/755655710"
    },
    {
      "type": "Feature",
      "properties": {
        "@id": "way/760826368",
        "amenity": "school",
        "check_date": "2024-03-21",
        "name": "148. Grundschule"
      },
      "geometry": {
        "type": "Polygon",
        "coordinates": [
          [
            [
              13.7420754,
              51.0704357
            ],
            [
              13.7421197,
              51.0694482
            ],
            [
              13.7427018,
              51.069452
            ],
            [
              13.7426855,
              51.0696932
            ],
            [
              13.7430658,
              51.0696963
            ],
            [
              13.7430637,
              51.0697971
            ],
            [
              13.7433635,
              51.0698
            ],
            [
              13.7435833,
              51.0698002
            ],
            [
              13.7435827,
              51.0700125
            ],
            [
              13.7435836,
              51.0700353
            ],
            [
              13.7435707,
              51.0703809
            ],
            [
              13.7435912,
              51.0704613
            ],
            [
              13.743132,
              51.0704535
            ],
            [
              13.7424152,
              51.0704414
            ],
            [
              13.7421798,
              51.0704374
            ],
            [
              13.7420754,
              51.0704357
            ]
          ]
        ]
      },
      "id": "way/760826368"
    },
    {
      "type": "Feature",
      "properties": {
        "@id": "way/775341653",
        "amenity": "school",
        "isced:level": "1",
        "name": "Melli-Beese-Grundschule"
      },
      "geometry": {
        "type": "Polygon",
        "coordinates": [
          [
            [
              13.7674041,
              51.0750743
            ],
            [
              13.7673931,
              51.075051
            ],
            [
              13.7674143,
              51.0750325
            ],
            [
              13.7675477,
              51.0750007
            ],
            [
              13.7677326,
              51.0749759
            ],
            [
              13.7678604,
              51.0749529
            ],
            [
              13.7685045,
              51.074743
            ],
            [
              13.7685342,
              51.0747484
            ],
            [
              13.7697522,
              51.0743528
            ],
            [
              13.7697708,
              51.0743765
            ],
            [
              13.7697839,
              51.0743957
            ],
            [
              13.7700689,
              51.0747513
            ],
            [
              13.7701567,
              51.0747187
            ],
            [
              13.7703455,
              51.0749522
            ],
            [
              13.7702806,
              51.0749738
            ],
            [
              13.76935,
              51.075284
            ],
            [
              13.768458,
              51.0755804
            ],
            [
              13.768202,
              51.075299
            ],
            [
              13.7683834,
              51.0752389
            ],
            [
              13.7682206,
              51.0750558
            ],
            [
              13.7681469,
              51.0750185
            ],
            [
              13.7681007,
              51.074965
            ],
            [
              13.7675,
              51.0751728
            ],
            [
              13.7674484,
              51.0751161
            ],
            [
              13.7674041,
              51.0750743
            ]
          ]
        ]
      },
      "id": "way/775341653"
    },
    {
      "type": "Feature",
      "properties": {
        "@id": "way/800851086",
        "amenity": "school",
        "denomination": "catholic",
        "name": "St. Franziskus Schule",
        "operator": "CSW - Christliches Sozialwerk gGmbH",
        "operator:type": "religious",
        "phone": "+49 351 3146990",
        "religion": "christian",
        "website": "https://www.christliches-sozialwerk-ggmbh.de/st-franziskus-schule.html"
      },
      "geometry": {
        "type": "Polygon",
        "coordinates": [
          [
            [
              13.7983998,
              51.0421761
            ],
            [
              13.7986043,
              51.042414
            ],
            [
              13.7986509,
              51.0423965
            ],
            [
              13.7992833,
              51.0430063
            ],
            [
              13.7992881,
              51.0431225
            ],
            [
              13.7988416,
              51.0432911
            ],
            [
              13.797901,
              51.0423732
            ],
            [
              13.7979068,
              51.0423404
            ],
            [
              13.7983998,
              51.0421761
            ]
          ]
        ]
      },
      "id": "way/800851086"
    },
    {
      "type": "Feature",
      "properties": {
        "@id": "way/803899522",
        "amenity": "school",
        "name": "Hort Regenbogen der 33. Grundschule"
      },
      "geometry": {
        "type": "Polygon",
        "coordinates": [
          [
            [
              13.8057973,
              51.0274266
            ],
            [
              13.8055414,
              51.0271681
            ],
            [
              13.8064026,
              51.0268356
            ],
            [
              13.8065435,
              51.026785
            ],
            [
              13.8071059,
              51.0271169
            ],
            [
              13.8062871,
              51.0274488
            ],
            [
              13.8063351,
              51.0276912
            ],
            [
              13.8061159,
              51.0276912
            ],
            [
              13.8061151,
              51.0276745
            ],
            [
              13.8060683,
              51.0276737
            ],
            [
              13.8058445,
              51.027753
            ],
            [
              13.805598,
              51.0275026
            ],
            [
              13.8057973,
              51.0274266
            ]
          ]
        ]
      },
      "id": "way/803899522"
    },
    {
      "type": "Feature",
      "properties": {
        "@id": "way/815838946",
        "amenity": "school",
        "name": "84. Grundschule \"In der Gartenstadt\"",
        "operator": "Landeshauptstadt Dresden",
        "operator:type": "public",
        "website": "https://cms.sachsen.schule/index.php?id=25091"
      },
      "geometry": {
        "type": "Polygon",
        "coordinates": [
          [
            [
              13.7549977,
              51.1132856
            ],
            [
              13.7554144,
              51.113248
            ],
            [
              13.755807,
              51.1132127
            ],
            [
              13.7558928,
              51.1132049
            ],
            [
              13.7560794,
              51.1131881
            ],
            [
              13.7560967,
              51.1131865
            ],
            [
              13.7562182,
              51.1131756
            ],
            [
              13.756225,
              51.1132024
            ],
            [
              13.7566767,
              51.1131615
            ],
            [
              13.7568543,
              51.1137428
            ],
            [
              13.7563711,
              51.1138303
            ],
            [
              13.7551213,
              51.1139474
            ],
            [
              13.7549977,
              51.1132856
            ]
          ]
        ]
      },
      "id": "way/815838946"
    },
    {
      "type": "Feature",
      "properties": {
        "@id": "way/884184842",
        "amenity": "school",
        "check_date": "2024-05-10",
        "name": "Carus Akademie am Universitätsklinikum Carl Gustav Carus"
      },
      "geometry": {
        "type": "Polygon",
        "coordinates": [
          [
            [
              13.7896912,
              51.0509614
            ],
            [
              13.7897218,
              51.0510453
            ],
            [
              13.7897363,
              51.0511236
            ],
            [
              13.7897453,
              51.0512234
            ],
            [
              13.7897211,
              51.0515119
            ],
            [
              13.7897079,
              51.0515973
            ],
            [
              13.7896815,
              51.0517072
            ],
            [
              13.7890849,
              51.0517662
            ],
            [
              13.7890347,
              51.0517068
            ],
            [
              13.7890289,
              51.0516666
            ],
            [
              13.7890145,
              51.0516086
            ],
            [
              13.7887536,
              51.0516373
            ],
            [
              13.7885973,
              51.0516541
            ],
            [
              13.7884702,
              51.0511508
            ],
            [
              13.7884999,
              51.0510815
            ],
            [
              13.7885538,
              51.0510911
            ],
            [
              13.7888891,
              51.0510518
            ],
            [
              13.7896912,
              51.0509614
            ]
          ]
        ]
      },
      "id": "way/884184842"
    },
    {
      "type": "Feature",
      "properties": {
        "@id": "way/887678903",
        "amenity": "school"
      },
      "geometry": {
        "type": "Polygon",
        "coordinates": [
          [
            [
              13.8163045,
              51.0147434
            ],
            [
              13.8161312,
              51.0148706
            ],
            [
              13.8153438,
              51.0154485
            ],
            [
              13.8148222,
              51.0152332
            ],
            [
              13.8149015,
              51.0151743
            ],
            [
              13.8147431,
              51.0150878
            ],
            [
              13.8146795,
              51.0151332
            ],
            [
              13.8143074,
              51.0149178
            ],
            [
              13.8155246,
              51.0140424
            ],
            [
              13.8158857,
              51.0138171
            ],
            [
              13.8161254,
              51.0136806
            ],
            [
              13.8161876,
              51.0136987
            ],
            [
              13.8161421,
              51.0138218
            ],
            [
              13.8160981,
              51.0140252
            ],
            [
              13.8161254,
              51.0142304
            ],
            [
              13.8161709,
              51.014449
            ],
            [
              13.8162043,
              51.014555
            ],
            [
              13.8163045,
              51.0147434
            ]
          ]
        ]
      },
      "id": "way/887678903"
    },
    {
      "type": "Feature",
      "properties": {
        "@id": "way/931986096",
        "amenity": "school",
        "isced:level": "1",
        "landuse": "education",
        "name": "33. Grundschule",
        "operator:type": "public"
      },
      "geometry": {
        "type": "Polygon",
        "coordinates": [
          [
            [
              13.8042369,
              51.0247371
            ],
            [
              13.8036028,
              51.024985
            ],
            [
              13.8026638,
              51.025359
            ],
            [
              13.8024839,
              51.0254336
            ],
            [
              13.8024175,
              51.0254441
            ],
            [
              13.8023384,
              51.0254393
            ],
            [
              13.8022874,
              51.0254128
            ],
            [
              13.8018332,
              51.0249618
            ],
            [
              13.8018204,
              51.0248992
            ],
            [
              13.8018293,
              51.0248502
            ],
            [
              13.8018587,
              51.024794
            ],
            [
              13.8019263,
              51.0247547
            ],
            [
              13.8028539,
              51.024396
            ],
            [
              13.8029036,
              51.0243438
            ],
            [
              13.8029094,
              51.024296
            ],
            [
              13.8028771,
              51.0242407
            ],
            [
              13.8032047,
              51.0241215
            ],
            [
              13.8035377,
              51.0243125
            ],
            [
              13.8042369,
              51.0247371
            ]
          ]
        ]
      },
      "id": "way/931986096"
    },
    {
      "type": "Feature",
      "properties": {
        "@id": "way/948514391",
        "amenity": "school",
        "name": "Schulgarten"
      },
      "geometry": {
        "type": "Polygon",
        "coordinates": [
          [
            [
              13.8210923,
              51.033202
            ],
            [
              13.820807,
              51.0328517
            ],
            [
              13.8210278,
              51.0327686
            ],
            [
              13.8211774,
              51.0329272
            ],
            [
              13.8213175,
              51.0330133
            ],
            [
              13.8213379,
              51.0330258
            ],
            [
              13.8213537,
              51.0330352
            ],
            [
              13.8210923,
              51.033202
            ]
          ]
        ]
      },
      "id": "way/948514391"
    },
    {
      "type": "Feature",
      "properties": {
        "@id": "way/974421705",
        "alt_name": "Lessing Schule",
        "amenity": "school",
        "image": "http://commons.wikimedia.org/wiki/File:2021_Freital_Lessing_Oberschule_2.jpg",
        "landuse": "education",
        "name": "Grund- und Oberschule Gotthold Ephraim Lessing",
        "wheelchair": "yes"
      },
      "geometry": {
        "type": "Polygon",
        "coordinates": [
          [
            [
              13.6582367,
              51.0107423
            ],
            [
              13.6577289,
              51.0107683
            ],
            [
              13.6576109,
              51.0106839
            ],
            [
              13.6578409,
              51.010573
            ],
            [
              13.6583451,
              51.0104798
            ],
            [
              13.6583599,
              51.0104728
            ],
            [
              13.6583784,
              51.0104694
            ],
            [
              13.6584011,
              51.0104653
            ],
            [
              13.6586632,
              51.0104028
            ],
            [
              13.6586351,
              51.0103741
            ],
            [
              13.6589288,
              51.0102366
            ],
            [
              13.6591749,
              51.0101206
            ],
            [
              13.6592453,
              51.010086
            ],
            [
              13.6594629,
              51.0100887
            ],
            [
              13.659471,
              51.0100886
            ],
            [
              13.6594598,
              51.0101379
            ],
            [
              13.659457,
              51.0101532
            ],
            [
              13.6594463,
              51.0103263
            ],
            [
              13.6594421,
              51.0103773
            ],
            [
              13.6594127,
              51.0107507
            ],
            [
              13.6594118,
              51.0108212
            ],
            [
              13.6594077,
              51.0108791
            ],
            [
              13.6594042,
              51.0109291
            ],
            [
              13.6591996,
              51.0109235
            ],
            [
              13.6591496,
              51.0109221
            ],
            [
              13.659072,
              51.0109197
            ],
            [
              13.6588703,
              51.0109144
            ],
            [
              13.6588396,
              51.0109104
            ],
            [
              13.6588061,
              51.0109105
            ],
            [
              13.6588092,
              51.0107071
            ],
            [
              13.6583411,
              51.0107345
            ],
            [
              13.6582367,
              51.0107423
            ]
          ]
        ]
      },
      "id": "way/974421705"
    },
    {
      "type": "Feature",
      "properties": {
        "@id": "way/978686262",
        "addr:city": "Dresden",
        "addr:housenumber": "1",
        "addr:postcode": "01067",
        "addr:street": "Ehrlichstraße",
        "amenity": "school",
        "check_date": "2024-10-25",
        "landuse": "education",
        "name": "BSZ für Gastgewerbe mit Biotechn. Gymnasium \"Ernst Lößnitzer\"",
        "website": "https://www.bsz-gast.de/"
      },
      "geometry": {
        "type": "Polygon",
        "coordinates": [
          [
            [
              13.722307,
              51.0514922
            ],
            [
              13.7223608,
              51.0513955
            ],
            [
              13.7224573,
              51.0512077
            ],
            [
              13.7230528,
              51.0513406
            ],
            [
              13.7231622,
              51.0513628
            ],
            [
              13.7241333,
              51.0515764
            ],
            [
              13.7241093,
              51.0516206
            ],
            [
              13.7240899,
              51.0516563
            ],
            [
              13.7239798,
              51.0518627
            ],
            [
              13.7235279,
              51.0517612
            ],
            [
              13.7234277,
              51.0517389
            ],
            [
              13.722307,
              51.0514922
            ]
          ]
        ]
      },
      "id": "way/978686262"
    },
    {
      "type": "Feature",
      "properties": {
        "@id": "way/987335352",
        "addr:city": "Pirna",
        "addr:housenumber": "51",
        "addr:postcode": "01796",
        "addr:street": "Rottwerndorfer Straße",
        "amenity": "school",
        "check_date": "2024-08-28",
        "denomination": "evangelical",
        "grades": "1-12",
        "name": "Evangelisches Schulzentrum Pirna",
        "religion": "christian",
        "website": "https://www.eva-pirna.de/"
      },
      "geometry": {
        "type": "Polygon",
        "coordinates": [
          [
            [
              13.9458686,
              50.9402518
            ],
            [
              13.9451197,
              50.9401809
            ],
            [
              13.9449438,
              50.9401608
            ],
            [
              13.9445423,
              50.940115
            ],
            [
              13.9445725,
              50.9400075
            ],
            [
              13.9448289,
              50.9390938
            ],
            [
              13.9449278,
              50.9387661
            ],
            [
              13.9450267,
              50.9385168
            ],
            [
              13.9450672,
              50.9383776
            ],
            [
              13.9457338,
              50.9384577
            ],
            [
              13.9456907,
              50.938588
            ],
            [
              13.9456332,
              50.9387409
            ],
            [
              13.9457077,
              50.9387492
            ],
            [
              13.9455799,
              50.9392401
            ],
            [
              13.9455694,
              50.9392804
            ],
            [
              13.9455587,
              50.9393218
            ],
            [
              13.946221,
              50.9393982
            ],
            [
              13.9461567,
              50.9395982
            ],
            [
              13.9463499,
              50.9396161
            ],
            [
              13.9462824,
              50.9398883
            ],
            [
              13.9459973,
              50.9398521
            ],
            [
              13.9458686,
              50.9402518
            ]
          ]
        ]
      },
      "id": "way/987335352"
    },
    {
      "type": "Feature",
      "properties": {
        "@id": "way/990849568",
        "amenity": "school"
      },
      "geometry": {
        "type": "Polygon",
        "coordinates": [
          [
            [
              13.646763,
              50.9653429
            ],
            [
              13.6465051,
              50.9651136
            ],
            [
              13.646075,
              50.9647678
            ],
            [
              13.6460036,
              50.9646528
            ],
            [
              13.6465616,
              50.9645107
            ],
            [
              13.6477038,
              50.964465
            ],
            [
              13.6476132,
              50.9651595
            ],
            [
              13.6475579,
              50.9652514
            ],
            [
              13.647351,
              50.9652488
            ],
            [
              13.6472656,
              50.9652557
            ],
            [
              13.6469476,
              50.9653151
            ],
            [
              13.6468379,
              50.9653399
            ],
            [
              13.646763,
              50.9653429
            ]
          ]
        ]
      },
      "id": "way/990849568"
    },
    {
      "type": "Feature",
      "properties": {
        "@id": "way/1023333160",
        "addr:city": "Radebeul",
        "addr:housenumber": "1",
        "addr:postcode": "01445",
        "addr:street": "Anne-Frank-Straße",
        "amenity": "school",
        "landuse": "education",
        "name": "Anne-Frank-Schule",
        "website": "https://www.sachsen.schule/~fsg-radebeul/?Start"
      },
      "geometry": {
        "type": "Polygon",
        "coordinates": [
          [
            [
              13.6910564,
              51.0995798
            ],
            [
              13.6907748,
              51.1000897
            ],
            [
              13.689652,
              51.1000672
            ],
            [
              13.6899071,
              51.0996982
            ],
            [
              13.6901638,
              51.0993882
            ],
            [
              13.6910564,
              51.0995798
            ]
          ]
        ]
      },
      "id": "way/1023333160"
    },
    {
      "type": "Feature",
      "properties": {
        "@id": "way/1023913165",
        "addr:housenumber": "40",
        "addr:postcode": "01257",
        "addr:street": "Heinrich-Mann-Straße",
        "amenity": "school",
        "building": "yes",
        "check_date": "2024-09-27",
        "name": "Neue Waldorfschule Dresden",
        "website": "https://neue-waldorfschule-dresden.de"
      },
      "geometry": {
        "type": "Polygon",
        "coordinates": [
          [
            [
              13.8083634,
              50.9953607
            ],
            [
              13.8081979,
              50.9951625
            ],
            [
              13.8082694,
              50.9951389
            ],
            [
              13.8083019,
              50.9951777
            ],
            [
              13.8083321,
              50.9951677
            ],
            [
              13.8083708,
              50.9952142
            ],
            [
              13.8084201,
              50.9951978
            ],
            [
              13.808353,
              50.9951175
            ],
            [
              13.8084267,
              50.9950932
            ],
            [
              13.8084901,
              50.9951691
            ],
            [
              13.8085382,
              50.9951532
            ],
            [
              13.8084818,
              50.9950857
            ],
            [
              13.8085549,
              50.9950615
            ],
            [
              13.8085737,
              50.995084
            ],
            [
              13.8087294,
              50.9950325
            ],
            [
              13.8087706,
              50.9950818
            ],
            [
              13.8087246,
              50.995097
            ],
            [
              13.8088381,
              50.9952329
            ],
            [
              13.8086819,
              50.9952846
            ],
            [
              13.8086235,
              50.9952146
            ],
            [
              13.8085533,
              50.9952379
            ],
            [
              13.8085775,
              50.9952668
            ],
            [
              13.8085019,
              50.9952918
            ],
            [
              13.8084438,
              50.9952222
            ],
            [
              13.8083975,
              50.9952375
            ],
            [
              13.8084342,
              50.9952814
            ],
            [
              13.8083988,
              50.9952932
            ],
            [
              13.8084353,
              50.9953369
            ],
            [
              13.8083634,
              50.9953607
            ]
          ]
        ]
      },
      "id": "way/1023913165"
    },
    {
      "type": "Feature",
      "properties": {
        "@id": "way/1026252750",
        "amenity": "school",
        "name": "65. Grundschule „Am Waldpark“",
        "website": "https://www.cs-dresden.de/grd-start.html"
      },
      "geometry": {
        "type": "Polygon",
        "coordinates": [
          [
            [
              13.850302,
              51.0071206
            ],
            [
              13.8503045,
              51.0075689
            ],
            [
              13.8501847,
              51.0076423
            ],
            [
              13.8496985,
              51.0078478
            ],
            [
              13.8495086,
              51.0079704
            ],
            [
              13.8491303,
              51.0079327
            ],
            [
              13.8489748,
              51.0075753
            ],
            [
              13.8484726,
              51.0075929
            ],
            [
              13.8483653,
              51.0071886
            ],
            [
              13.8483977,
              51.0071612
            ],
            [
              13.8495784,
              51.0071365
            ],
            [
              13.8496414,
              51.0071352
            ],
            [
              13.8499594,
              51.0071286
            ],
            [
              13.8502094,
              51.0071231
            ],
            [
              13.850302,
              51.0071206
            ]
          ]
        ]
      },
      "id": "way/1026252750"
    },
    {
      "type": "Feature",
      "properties": {
        "@id": "way/1031617878",
        "amenity": "school",
        "name": "Neue Waldorfschule Dresden"
      },
      "geometry": {
        "type": "Polygon",
        "coordinates": [
          [
            [
              13.8081493,
              50.9951436
            ],
            [
              13.8088027,
              50.9949113
            ],
            [
              13.8090397,
              50.9951724
            ],
            [
              13.8090478,
              50.9951811
            ],
            [
              13.8092726,
              50.9954232
            ],
            [
              13.809308,
              50.995521
            ],
            [
              13.8092729,
              50.9955395
            ],
            [
              13.8089486,
              50.9957121
            ],
            [
              13.8081292,
              50.9961307
            ],
            [
              13.8077377,
              50.9958128
            ],
            [
              13.8085144,
              50.995454
            ],
            [
              13.8083752,
              50.9954061
            ],
            [
              13.8083237,
              50.9953715
            ],
            [
              13.808147,
              50.9951655
            ],
            [
              13.8081493,
              50.9951436
            ]
          ]
        ]
      },
      "id": "way/1031617878"
    },
    {
      "type": "Feature",
      "properties": {
        "@id": "way/1031617879",
        "addr:housenumber": "40",
        "addr:postcode": "01257",
        "addr:street": "Heinrich-Mann-Straße",
        "amenity": "school",
        "name": "Neue Waldorfschule Dresden"
      },
      "geometry": {
        "type": "Polygon",
        "coordinates": [
          [
            [
              13.8089101,
              50.9948879
            ],
            [
              13.8094168,
              50.9947113
            ],
            [
              13.8096425,
              50.9947152
            ],
            [
              13.8098146,
              50.994653
            ],
            [
              13.809658,
              50.994479
            ],
            [
              13.8099089,
              50.9943995
            ],
            [
              13.8099549,
              50.9943849
            ],
            [
              13.810014,
              50.9943839
            ],
            [
              13.8100558,
              50.9943969
            ],
            [
              13.8101442,
              50.9944801
            ],
            [
              13.810547,
              50.9948532
            ],
            [
              13.8093623,
              50.9954902
            ],
            [
              13.8093131,
              50.9955181
            ],
            [
              13.809308,
              50.995521
            ],
            [
              13.8092726,
              50.9954232
            ],
            [
              13.8090478,
              50.9951811
            ],
            [
              13.8091336,
              50.995148
            ],
            [
              13.8090641,
              50.9950672
            ],
            [
              13.8089299,
              50.9949125
            ],
            [
              13.8089101,
              50.9948879
            ]
          ]
        ]
      },
      "id": "way/1031617879"
    },
    {
      "type": "Feature",
      "properties": {
        "@id": "way/1065902647",
        "amenity": "school"
      },
      "geometry": {
        "type": "Polygon",
        "coordinates": [
          [
            [
              13.7526866,
              51.0615112
            ],
            [
              13.7527858,
              51.0613939
            ],
            [
              13.7530885,
              51.0609245
            ],
            [
              13.7532221,
              51.0607651
            ],
            [
              13.7542328,
              51.0610955
            ],
            [
              13.7542344,
              51.061096
            ],
            [
              13.7540893,
              51.0612562
            ],
            [
              13.7539752,
              51.0614194
            ],
            [
              13.7540258,
              51.0614347
            ],
            [
              13.753885,
              51.0617282
            ],
            [
              13.7539387,
              51.0617383
            ],
            [
              13.7538976,
              51.0617889
            ],
            [
              13.7538138,
              51.061888
            ],
            [
              13.7526866,
              51.0615112
            ]
          ]
        ]
      },
      "id": "way/1065902647"
    },
    {
      "type": "Feature",
      "properties": {
        "@id": "way/1083888937",
        "amenity": "school"
      },
      "geometry": {
        "type": "Polygon",
        "coordinates": [
          [
            [
              13.7081388,
              50.9918102
            ],
            [
              13.708217,
              50.9915028
            ],
            [
              13.7084053,
              50.9914767
            ],
            [
              13.7084911,
              50.9914564
            ],
            [
              13.7087835,
              50.9914817
            ],
            [
              13.7087633,
              50.9915471
            ],
            [
              13.708819,
              50.9915517
            ],
            [
              13.7094084,
              50.9915932
            ],
            [
              13.7094325,
              50.9915442
            ],
            [
              13.7096793,
              50.9915763
            ],
            [
              13.7097897,
              50.9916392
            ],
            [
              13.7099292,
              50.9916966
            ],
            [
              13.7101773,
              50.991716
            ],
            [
              13.7102748,
              50.9917333
            ],
            [
              13.7103633,
              50.9918498
            ],
            [
              13.7103579,
              50.992027
            ],
            [
              13.7103625,
              50.9921377
            ],
            [
              13.7102224,
              50.992137
            ],
            [
              13.7098509,
              50.9921193
            ],
            [
              13.7097732,
              50.9920076
            ],
            [
              13.7095602,
              50.9919449
            ],
            [
              13.7081388,
              50.9918102
            ]
          ]
        ]
      },
      "id": "way/1083888937"
    },
    {
      "type": "Feature",
      "properties": {
        "@id": "way/1083888946",
        "amenity": "school"
      },
      "geometry": {
        "type": "Polygon",
        "coordinates": [
          [
            [
              13.7098542,
              50.9915174
            ],
            [
              13.7099111,
              50.9912811
            ],
            [
              13.7105393,
              50.9913387
            ],
            [
              13.7104598,
              50.9916434
            ],
            [
              13.7099066,
              50.9915902
            ],
            [
              13.7098542,
              50.9915174
            ]
          ]
        ]
      },
      "id": "way/1083888946"
    },
    {
      "type": "Feature",
      "properties": {
        "@id": "way/1134499769",
        "addr:city": "Dresden",
        "addr:country": "DE",
        "addr:housenumber": "22",
        "addr:postcode": "01127",
        "addr:street": "Osterbergstraße",
        "amenity": "school",
        "contact:email": "gs_26@dresdner-schulen.de",
        "contact:fax": "+49 351 8412657",
        "contact:phone": "+49 351 8495711",
        "name": "26. Grundschule „Am Markusplatz“",
        "website": "https://26gs-dresden.de/"
      },
      "geometry": {
        "type": "Polygon",
        "coordinates": [
          [
            [
              13.7221569,
              51.0779086
            ],
            [
              13.7220798,
              51.07868
            ],
            [
              13.7214578,
              51.0785734
            ],
            [
              13.7215421,
              51.0778814
            ],
            [
              13.7221569,
              51.0779086
            ]
          ]
        ]
      },
      "id": "way/1134499769"
    },
    {
      "type": "Feature",
      "properties": {
        "@id": "way/1138960337",
        "addr:city": "Bannewitz",
        "addr:country": "DE",
        "addr:housenumber": "6",
        "addr:postcode": "01728",
        "addr:street": "Schulstraße",
        "addr:suburb": "Possendorf",
        "amenity": "school",
        "contact:email": "gs.possendorf@t-online.de",
        "contact:fax": "+49 35206 30188",
        "contact:phone": "+49 35206 21505",
        "name": "Grundschule Possendorf",
        "website": "http://www.grundschule-possendorf.de/"
      },
      "geometry": {
        "type": "Polygon",
        "coordinates": [
          [
            [
              13.7128618,
              50.9649757
            ],
            [
              13.7140329,
              50.9645888
            ],
            [
              13.7145411,
              50.9649643
            ],
            [
              13.7140752,
              50.9652112
            ],
            [
              13.7139831,
              50.9651345
            ],
            [
              13.7133101,
              50.9653901
            ],
            [
              13.7128618,
              50.9649757
            ]
          ]
        ]
      },
      "id": "way/1138960337"
    },
    {
      "type": "Feature",
      "properties": {
        "@id": "way/1150461793",
        "amenity": "school",
        "name": "Gemeinschaftsschule Campus Cordis",
        "old_name": "Gemeinschaftsschule Albertstadt",
        "operator:type": "public"
      },
      "geometry": {
        "type": "Polygon",
        "coordinates": [
          [
            [
              13.7544949,
              51.0780836
            ],
            [
              13.753946,
              51.0774916
            ],
            [
              13.7538598,
              51.0773986
            ],
            [
              13.7554383,
              51.0768344
            ],
            [
              13.7561257,
              51.0774116
            ],
            [
              13.7563218,
              51.0775058
            ],
            [
              13.7544949,
              51.0780836
            ]
          ]
        ]
      },
      "id": "way/1150461793"
    },
    {
      "type": "Feature",
      "properties": {
        "@id": "way/1184246940",
        "addr:city": "Dresden",
        "addr:housenumber": "9",
        "addr:postcode": "01219",
        "addr:street": "An der Christuskirche",
        "amenity": "school",
        "area": "yes",
        "name": "Interkulturelle Waldorfschule",
        "website": "https://ikwsd.de/"
      },
      "geometry": {
        "type": "Polygon",
        "coordinates": [
          [
            [
              13.7659482,
              51.0271578
            ],
            [
              13.7662676,
              51.0269975
            ],
            [
              13.7664813,
              51.0271676
            ],
            [
              13.7666847,
              51.0271983
            ],
            [
              13.7663048,
              51.0273614
            ],
            [
              13.7660232,
              51.0274816
            ],
            [
              13.7660057,
              51.0274779
            ],
            [
              13.7660659,
              51.0273678
            ],
            [
              13.7660342,
              51.0272575
            ],
            [
              13.7659482,
              51.0271578
            ]
          ]
        ]
      },
      "id": "way/1184246940"
    },
    {
      "type": "Feature",
      "properties": {
        "@id": "way/1241211517",
        "amenity": "school",
        "name": "62. Grundschule \"Friedrich Schiller\"",
        "operator": "Landeshauptstadt Dresden",
        "operator:type": "public",
        "phone": "+49 351 4889201",
        "website": "https://www.grundschule62.de/",
        "wheelchair": "yes"
      },
      "geometry": {
        "type": "Polygon",
        "coordinates": [
          [
            [
              13.819219,
              51.0498078
            ],
            [
              13.8196212,
              51.0499536
            ],
            [
              13.8198024,
              51.0500199
            ],
            [
              13.8199432,
              51.0500689
            ],
            [
              13.8197367,
              51.0503629
            ],
            [
              13.8197745,
              51.0503763
            ],
            [
              13.8194624,
              51.0507297
            ],
            [
              13.8194512,
              51.0507259
            ],
            [
              13.8190922,
              51.0506038
            ],
            [
              13.8189891,
              51.0505683
            ],
            [
              13.819018,
              51.0505336
            ],
            [
              13.8191517,
              51.0503727
            ],
            [
              13.8184699,
              51.0501337
            ],
            [
              13.8185085,
              51.0501243
            ],
            [
              13.8185471,
              51.0500724
            ],
            [
              13.8185412,
              51.0500534
            ],
            [
              13.8184087,
              51.050007
            ],
            [
              13.8184119,
              51.0499786
            ],
            [
              13.8184259,
              51.0499618
            ],
            [
              13.8184677,
              51.0499449
            ],
            [
              13.8189429,
              51.0501135
            ],
            [
              13.819219,
              51.0498078
            ]
          ]
        ]
      },
      "id": "way/1241211517"
    },
    {
      "type": "Feature",
      "properties": {
        "@id": "way/1252560831",
        "amenity": "school",
        "name": "Neue Waldorfschule Dresden",
        "operator": "Verein der Neuen Waldorfschule Dresden e.V."
      },
      "geometry": {
        "type": "Polygon",
        "coordinates": [
          [
            [
              13.8070032,
              50.9966423
            ],
            [
              13.8056863,
              50.9960709
            ],
            [
              13.8056321,
              50.9960262
            ],
            [
              13.805662,
              50.9959827
            ],
            [
              13.8061346,
              50.9958369
            ],
            [
              13.8062448,
              50.9958116
            ],
            [
              13.8067634,
              50.9956212
            ],
            [
              13.807056,
              50.9959724
            ],
            [
              13.8069217,
              50.9960538
            ],
            [
              13.8068447,
              50.9961441
            ],
            [
              13.8071028,
              50.9963768
            ],
            [
              13.8069829,
              50.996405
            ],
            [
              13.8070998,
              50.9965664
            ],
            [
              13.8070032,
              50.9966423
            ]
          ]
        ]
      },
      "id": "way/1252560831"
    },
    {
      "type": "Feature",
      "properties": {
        "@id": "way/1253628211",
        "amenity": "school"
      },
      "geometry": {
        "type": "Polygon",
        "coordinates": [
          [
            [
              13.7866679,
              51.0736021
            ],
            [
              13.7852298,
              51.0726889
            ],
            [
              13.7855008,
              51.0724378
            ],
            [
              13.7871964,
              51.0729766
            ],
            [
              13.7866679,
              51.0736021
            ]
          ]
        ]
      },
      "id": "way/1253628211"
    },
    {
      "type": "Feature",
      "properties": {
        "@id": "way/1259801216",
        "amenity": "school",
        "name": "Freie Alternativschule Dresden"
      },
      "geometry": {
        "type": "Polygon",
        "coordinates": [
          [
            [
              13.7706819,
              51.0725397
            ],
            [
              13.7704628,
              51.0732799
            ],
            [
              13.7704054,
              51.0734736
            ],
            [
              13.7702447,
              51.0735748
            ],
            [
              13.7702081,
              51.0735862
            ],
            [
              13.7695663,
              51.0728493
            ],
            [
              13.7697266,
              51.0727911
            ],
            [
              13.7699778,
              51.0727072
            ],
            [
              13.7700265,
              51.0727675
            ],
            [
              13.7706819,
              51.0725397
            ]
          ]
        ]
      },
      "id": "way/1259801216"
    },
    {
      "type": "Feature",
      "properties": {
        "@id": "way/1300182147",
        "amenity": "school",
        "name": "4. Grundschule „Am Rosengarten“"
      },
      "geometry": {
        "type": "Polygon",
        "coordinates": [
          [
            [
              13.758959,
              51.0618103
            ],
            [
              13.7592935,
              51.0615033
            ],
            [
              13.759339,
              51.0614603
            ],
            [
              13.7594145,
              51.0614002
            ],
            [
              13.7595731,
              51.0612739
            ],
            [
              13.7605151,
              51.0616481
            ],
            [
              13.7605581,
              51.0616654
            ],
            [
              13.7605188,
              51.0617031
            ],
            [
              13.760283,
              51.0619202
            ],
            [
              13.7598687,
              51.0623014
            ],
            [
              13.7596853,
              51.0622258
            ],
            [
              13.7595818,
              51.0621847
            ],
            [
              13.7590727,
              51.0619826
            ],
            [
              13.7590936,
              51.0619574
            ],
            [
              13.7589494,
              51.0619004
            ],
            [
              13.7589193,
              51.0618895
            ],
            [
              13.7589861,
              51.0618221
            ],
            [
              13.758959,
              51.0618103
            ]
          ]
        ]
      },
      "id": "way/1300182147"
    }
  ]
}