{
"type": "FeatureCollection",
"name": "Supermarkt",
"crs": { "type": "name", "properties": { "name": "urn:ogc:def:crs:OGC:1.3:CRS84" } },
"features": [
{ "type": "Feature", "properties": { "element": "node", "id": 25433634, "addr:city": "Dresden", "addr:housenumber": "18", "addr:postcode": "01189", "addr:street": "Kohlenstraße", "brand": "Kaufland", "brand:wikidata": "Q685967", "brand:wikipedia": "en:Kaufland", "check_date:opening_hours": "2023-01-24", "level": "0", "name": "Kaufland", "opening_hours": "Mo-Sa 07:00-21:00", "shop": "supermarket", "wheelchair": "yes", "internet_access": null, "internet_access:access": null, "internet_access:fee": null, "operator": null, "phone": null, "website": null, "addr:country": null, "check_date": null, "email": null, "payment:mastercard": null, "payment:visa": null, "payment:cash": null, "payment:girocard": null, "payment:maestro": null, "self_checkout": null, "ref:vatin": null, "payment:credit_cards": null, "operator:tax": null, "ref": null, "diet:halal": null, "diet:kosher": null, "lastcheck": null, "access": null, "entrance": null, "cash_withdrawal": null, "cash_withdrawal:purchase_minimum": null, "cash_withdrawal:purchase_required": null, "cash_withdrawal:type": null, "drink:bionade": null, "drink:bionade_mate": null, "drink:charitea_mate": null, "drink:club-mate": null, "drink:club-mate_icetea": null, "drink:fritz-kola": null, "drink:fritz-limo": null, "drink:fritz-mischmasch": null, "drink:kolle-kolla": null, "drink:kolle-zotrine": null, "drink:lemonaid": null, "drink:mio_mio_cola": null, "drink:mio_mio_mate": null, "drink:vita_cola": null, "organic": null, "payment:contactless": null, "stroller": null, "start_date": null, "old_name": null, "contact:website": null, "layer": null, "toilets:wheelchair": null, "source": null, "payment:app": null, "payment:apple_pay": null, "payment:cards": null, "payment:coins": null, "payment:google_pay": null, "payment:visa_debit": null, "origin": null, "drink:charitea": null, "drink:kolle-jolle-mate": null, "drink:kolle-mate": null, "payment:debit_cards": null, "operator:wikidata": null, "drink:vita_limo": null, "contact:phone": null, "cash_withdrawal:limit": null, "post_office": null, "post_office:brand": null, "post_office:service_provider": null, "bulk_purchase": null, "dog": null, "air_conditioning": null, "payment:notes": null, "ref:rewe": null, "addr:suburb": null, "membership": null, "access:covid19": null, "alt_name": null, "delivery:covid19": null, "takeaway:covid19": null, "discount:students": null, "currency:EUR": null, "internet_access:password": null, "internet_access:ssid": null, "post_office:brand:wikidata": null, "post_office:brand:wikipedia": null, "ref:deutsche_post": null, "description": null, "payment:mastercard_contactless": null, "payment:sodexo": null, "payment:v_pay": null, "fax": null, "drink:club-mate_granat": null, "opening_date": null, "payment:account_cards": null, "payment:payback_app": null, "wheelchair:description:de": null, "note": null, "cuisine": null, "diet:vegan": null, "diet:vegetarian": null, "contact:email": null, "branch": null, "short_name": null, "drink:kolle-kilimo": null, "drink:kombucha": null, "drink:sake": null, "drinking_water:refill": null, "drinking_water:refill:network": null, "payment:vpay": null, "payment:american_express": null, "source:name": null, "toilets": null, "diet:gluten_free": null, "diet:lactose_free": null, "post_office:id_check": null, "post_office:oversized_item": null, "post_office:packaging": null, "post_office:parcel_from": null, "post_office:parcel_pickup": null, "post_office:parcel_to": null, "post_office:post_bank": null, "post_office:stamps": null, "payment:visa_electron": null, "fair_trade": null, "reusable_packaging:accept": null, "payment:cryptocurrencies": null, "building": null, "building:levels": null, "roof:shape": null, "vending": null, "building:roof": null, "roof:colour": null, "building:colour": null, "height": null, "roof:levels": null, "roof:height": null, "drink:coffee": null, "contact:facebook": null, "delivery": null, "contact:instagram": null, "payment:netto_app": null, "landuse": null, "indoor": null, "name:ru": null, "room": null }, "geometry": { "type": "Point", "coordinates": [ 13.7223831, 51.0195473 ] } },
{ "type": "Feature", "properties": { "element": "node", "id": 243610084, "addr:city": "Dresden", "addr:housenumber": "7", "addr:postcode": "01259", "addr:street": "Putjatinstraße", "brand": "Nahkauf", "brand:wikidata": "Q57515238", "brand:wikipedia": null, "check_date:opening_hours": null, "level": null, "name": "Nahkauf", "opening_hours": "Mo-Sa 07:00-21:00", "shop": "supermarket", "wheelchair": "yes", "internet_access": "wlan", "internet_access:access": "customers", "internet_access:fee": "no", "operator": "Nahkauf", "phone": "+4935125524670", "website": "https://www.nahkauf.de", "addr:country": null, "check_date": null, "email": null, "payment:mastercard": null, "payment:visa": null, "payment:cash": null, "payment:girocard": null, "payment:maestro": null, "self_checkout": null, "ref:vatin": null, "payment:credit_cards": null, "operator:tax": null, "ref": null, "diet:halal": null, "diet:kosher": null, "lastcheck": null, "access": null, "entrance": null, "cash_withdrawal": null, "cash_withdrawal:purchase_minimum": null, "cash_withdrawal:purchase_required": null, "cash_withdrawal:type": null, "drink:bionade": null, "drink:bionade_mate": null, "drink:charitea_mate": null, "drink:club-mate": null, "drink:club-mate_icetea": null, "drink:fritz-kola": null, "drink:fritz-limo": null, "drink:fritz-mischmasch": null, "drink:kolle-kolla": null, "drink:kolle-zotrine": null, "drink:lemonaid": null, "drink:mio_mio_cola": null, "drink:mio_mio_mate": null, "drink:vita_cola": null, "organic": null, "payment:contactless": null, "stroller": null, "start_date": null, "old_name": null, "contact:website": null, "layer": null, "toilets:wheelchair": null, "source": null, "payment:app": null, "payment:apple_pay": null, "payment:cards": null, "payment:coins": null, "payment:google_pay": null, "payment:visa_debit": null, "origin": null, "drink:charitea": null, "drink:kolle-jolle-mate": null, "drink:kolle-mate": null, "payment:debit_cards": null, "operator:wikidata": null, "drink:vita_limo": null, "contact:phone": null, "cash_withdrawal:limit": null, "post_office": null, "post_office:brand": null, "post_office:service_provider": null, "bulk_purchase": null, "dog": null, "air_conditioning": null, "payment:notes": null, "ref:rewe": null, "addr:suburb": null, "membership": null, "access:covid19": null, "alt_name": null, "delivery:covid19": null, "takeaway:covid19": null, "discount:students": null, "currency:EUR": null, "internet_access:password": null, "internet_access:ssid": null, "post_office:brand:wikidata": null, "post_office:brand:wikipedia": null, "ref:deutsche_post": null, "description": null, "payment:mastercard_contactless": null, "payment:sodexo": null, "payment:v_pay": null, "fax": null, "drink:club-mate_granat": null, "opening_date": null, "payment:account_cards": null, "payment:payback_app": null, "wheelchair:description:de": null, "note": null, "cuisine": null, "diet:vegan": null, "diet:vegetarian": null, "contact:email": null, "branch": null, "short_name": null, "drink:kolle-kilimo": null, "drink:kombucha": null, "drink:sake": null, "drinking_water:refill": null, "drinking_water:refill:network": null, "payment:vpay": null, "payment:american_express": null, "source:name": null, "toilets": null, "diet:gluten_free": null, "diet:lactose_free": null, "post_office:id_check": null, "post_office:oversized_item": null, "post_office:packaging": null, "post_office:parcel_from": null, "post_office:parcel_pickup": null, "post_office:parcel_to": null, "post_office:post_bank": null, "post_office:stamps": null, "payment:visa_electron": null, "fair_trade": null, "reusable_packaging:accept": null, "payment:cryptocurrencies": null, "building": null, "building:levels": null, "roof:shape": null, "vending": null, "building:roof": null, "roof:colour": null, "building:colour": null, "height": null, "roof:levels": null, "roof:height": null, "drink:coffee": null, "contact:facebook": null, "delivery": null, "contact:instagram": null, "payment:netto_app": null, "landuse": null, "indoor": null, "name:ru": null, "room": null }, "geometry": { "type": "Point", "coordinates": [ 13.8484757, 51.0039346 ] } },
{ "type": "Feature", "properties": { "element": "node", "id": 247168489, "addr:city": "Dresden", "addr:housenumber": "23b", "addr:postcode": "01309", "addr:street": "Schandauer Straße", "brand": "Nahkauf", "brand:wikidata": "Q57515238", "brand:wikipedia": null, "check_date:opening_hours": "2024-04-05", "level": "0", "name": "Nahkauf", "opening_hours": "Mo-Sa 07:00-22:00", "shop": "supermarket", "wheelchair": "yes", "internet_access": "wlan", "internet_access:access": null, "internet_access:fee": null, "operator": "FMS Handels GmbH", "phone": null, "website": "https://www.nahkauf.de/maerkte/dresden-stadt-42613003-fms-handels-gmbh-schandauer-strasse-23", "addr:country": "DE", "check_date": "2024-09-26", "email": "kundenmanagement@rewe.de", "payment:mastercard": "yes", "payment:visa": "yes", "payment:cash": null, "payment:girocard": null, "payment:maestro": null, "self_checkout": null, "ref:vatin": null, "payment:credit_cards": null, "operator:tax": null, "ref": null, "diet:halal": null, "diet:kosher": null, "lastcheck": null, "access": null, "entrance": null, "cash_withdrawal": null, "cash_withdrawal:purchase_minimum": null, "cash_withdrawal:purchase_required": null, "cash_withdrawal:type": null, "drink:bionade": null, "drink:bionade_mate": null, "drink:charitea_mate": null, "drink:club-mate": null, "drink:club-mate_icetea": null, "drink:fritz-kola": null, "drink:fritz-limo": null, "drink:fritz-mischmasch": null, "drink:kolle-kolla": null, "drink:kolle-zotrine": null, "drink:lemonaid": null, "drink:mio_mio_cola": null, "drink:mio_mio_mate": null, "drink:vita_cola": null, "organic": null, "payment:contactless": null, "stroller": null, "start_date": null, "old_name": null, "contact:website": null, "layer": null, "toilets:wheelchair": null, "source": null, "payment:app": null, "payment:apple_pay": null, "payment:cards": null, "payment:coins": null, "payment:google_pay": null, "payment:visa_debit": null, "origin": null, "drink:charitea": null, "drink:kolle-jolle-mate": null, "drink:kolle-mate": null, "payment:debit_cards": null, "operator:wikidata": null, "drink:vita_limo": null, "contact:phone": null, "cash_withdrawal:limit": null, "post_office": null, "post_office:brand": null, "post_office:service_provider": null, "bulk_purchase": null, "dog": null, "air_conditioning": null, "payment:notes": null, "ref:rewe": null, "addr:suburb": null, "membership": null, "access:covid19": null, "alt_name": null, "delivery:covid19": null, "takeaway:covid19": null, "discount:students": null, "currency:EUR": null, "internet_access:password": null, "internet_access:ssid": null, "post_office:brand:wikidata": null, "post_office:brand:wikipedia": null, "ref:deutsche_post": null, "description": null, "payment:mastercard_contactless": null, "payment:sodexo": null, "payment:v_pay": null, "fax": null, "drink:club-mate_granat": null, "opening_date": null, "payment:account_cards": null, "payment:payback_app": null, "wheelchair:description:de": null, "note": null, "cuisine": null, "diet:vegan": null, "diet:vegetarian": null, "contact:email": null, "branch": null, "short_name": null, "drink:kolle-kilimo": null, "drink:kombucha": null, "drink:sake": null, "drinking_water:refill": null, "drinking_water:refill:network": null, "payment:vpay": null, "payment:american_express": null, "source:name": null, "toilets": null, "diet:gluten_free": null, "diet:lactose_free": null, "post_office:id_check": null, "post_office:oversized_item": null, "post_office:packaging": null, "post_office:parcel_from": null, "post_office:parcel_pickup": null, "post_office:parcel_to": null, "post_office:post_bank": null, "post_office:stamps": null, "payment:visa_electron": null, "fair_trade": null, "reusable_packaging:accept": null, "payment:cryptocurrencies": null, "building": null, "building:levels": null, "roof:shape": null, "vending": null, "building:roof": null, "roof:colour": null, "building:colour": null, "height": null, "roof:levels": null, "roof:height": null, "drink:coffee": null, "contact:facebook": null, "delivery": null, "contact:instagram": null, "payment:netto_app": null, "landuse": null, "indoor": null, "name:ru": null, "room": null }, "geometry": { "type": "Point", "coordinates": [ 13.7879387, 51.0434377 ] } },
{ "type": "Feature", "properties": { "element": "node", "id": 247341433, "addr:city": null, "addr:housenumber": null, "addr:postcode": null, "addr:street": null, "brand": "Penny", "brand:wikidata": "Q284688", "brand:wikipedia": "en:Penny (supermarket)", "check_date:opening_hours": "2024-08-22", "level": null, "name": "Penny", "opening_hours": "Mo-Sa 07:00-21:00", "shop": "supermarket", "wheelchair": "yes", "internet_access": null, "internet_access:access": null, "internet_access:fee": null, "operator": null, "phone": null, "website": null, "addr:country": null, "check_date": null, "email": null, "payment:mastercard": null, "payment:visa": null, "payment:cash": null, "payment:girocard": null, "payment:maestro": null, "self_checkout": null, "ref:vatin": null, "payment:credit_cards": null, "operator:tax": null, "ref": null, "diet:halal": null, "diet:kosher": null, "lastcheck": null, "access": null, "entrance": null, "cash_withdrawal": null, "cash_withdrawal:purchase_minimum": null, "cash_withdrawal:purchase_required": null, "cash_withdrawal:type": null, "drink:bionade": null, "drink:bionade_mate": null, "drink:charitea_mate": null, "drink:club-mate": null, "drink:club-mate_icetea": null, "drink:fritz-kola": null, "drink:fritz-limo": null, "drink:fritz-mischmasch": null, "drink:kolle-kolla": null, "drink:kolle-zotrine": null, "drink:lemonaid": null, "drink:mio_mio_cola": null, "drink:mio_mio_mate": null, "drink:vita_cola": null, "organic": null, "payment:contactless": null, "stroller": null, "start_date": null, "old_name": null, "contact:website": null, "layer": null, "toilets:wheelchair": null, "source": null, "payment:app": null, "payment:apple_pay": null, "payment:cards": null, "payment:coins": null, "payment:google_pay": null, "payment:visa_debit": null, "origin": null, "drink:charitea": null, "drink:kolle-jolle-mate": null, "drink:kolle-mate": null, "payment:debit_cards": null, "operator:wikidata": null, "drink:vita_limo": null, "contact:phone": null, "cash_withdrawal:limit": null, "post_office": null, "post_office:brand": null, "post_office:service_provider": null, "bulk_purchase": null, "dog": null, "air_conditioning": null, "payment:notes": null, "ref:rewe": null, "addr:suburb": null, "membership": null, "access:covid19": null, "alt_name": null, "delivery:covid19": null, "takeaway:covid19": null, "discount:students": null, "currency:EUR": null, "internet_access:password": null, "internet_access:ssid": null, "post_office:brand:wikidata": null, "post_office:brand:wikipedia": null, "ref:deutsche_post": null, "description": null, "payment:mastercard_contactless": null, "payment:sodexo": null, "payment:v_pay": null, "fax": null, "drink:club-mate_granat": null, "opening_date": null, "payment:account_cards": null, "payment:payback_app": null, "wheelchair:description:de": null, "note": null, "cuisine": null, "diet:vegan": null, "diet:vegetarian": null, "contact:email": null, "branch": null, "short_name": null, "drink:kolle-kilimo": null, "drink:kombucha": null, "drink:sake": null, "drinking_water:refill": null, "drinking_water:refill:network": null, "payment:vpay": null, "payment:american_express": null, "source:name": null, "toilets": null, "diet:gluten_free": null, "diet:lactose_free": null, "post_office:id_check": null, "post_office:oversized_item": null, "post_office:packaging": null, "post_office:parcel_from": null, "post_office:parcel_pickup": null, "post_office:parcel_to": null, "post_office:post_bank": null, "post_office:stamps": null, "payment:visa_electron": null, "fair_trade": null, "reusable_packaging:accept": null, "payment:cryptocurrencies": null, "building": null, "building:levels": null, "roof:shape": null, "vending": null, "building:roof": null, "roof:colour": null, "building:colour": null, "height": null, "roof:levels": null, "roof:height": null, "drink:coffee": null, "contact:facebook": null, "delivery": null, "contact:instagram": null, "payment:netto_app": null, "landuse": null, "indoor": null, "name:ru": null, "room": null }, "geometry": { "type": "Point", "coordinates": [ 13.7648955, 51.0154737 ] } },
{ "type": "Feature", "properties": { "element": "node", "id": 249507102, "addr:city": null, "addr:housenumber": null, "addr:postcode": null, "addr:street": null, "brand": "Netto Marken-Discount", "brand:wikidata": "Q879858", "brand:wikipedia": "de:Netto Marken-Discount", "check_date:opening_hours": "2024-10-21", "level": null, "name": "Netto Marken-Discount", "opening_hours": "Mo-Sa 07:00-22:00", "shop": "supermarket", "wheelchair": "yes", "internet_access": null, "internet_access:access": null, "internet_access:fee": null, "operator": "Netto", "phone": null, "website": "https://www.netto-online.de/filialen/Dresden-Johannstadt-Sued/Duererstr-51/4503/", "addr:country": null, "check_date": null, "email": null, "payment:mastercard": "yes", "payment:visa": "yes", "payment:cash": "yes", "payment:girocard": "yes", "payment:maestro": "yes", "self_checkout": "yes", "ref:vatin": null, "payment:credit_cards": null, "operator:tax": null, "ref": null, "diet:halal": null, "diet:kosher": null, "lastcheck": null, "access": null, "entrance": null, "cash_withdrawal": null, "cash_withdrawal:purchase_minimum": null, "cash_withdrawal:purchase_required": null, "cash_withdrawal:type": null, "drink:bionade": null, "drink:bionade_mate": null, "drink:charitea_mate": null, "drink:club-mate": null, "drink:club-mate_icetea": null, "drink:fritz-kola": null, "drink:fritz-limo": null, "drink:fritz-mischmasch": null, "drink:kolle-kolla": null, "drink:kolle-zotrine": null, "drink:lemonaid": null, "drink:mio_mio_cola": null, "drink:mio_mio_mate": null, "drink:vita_cola": null, "organic": null, "payment:contactless": null, "stroller": null, "start_date": null, "old_name": null, "contact:website": null, "layer": null, "toilets:wheelchair": null, "source": null, "payment:app": null, "payment:apple_pay": null, "payment:cards": null, "payment:coins": null, "payment:google_pay": null, "payment:visa_debit": null, "origin": null, "drink:charitea": null, "drink:kolle-jolle-mate": null, "drink:kolle-mate": null, "payment:debit_cards": null, "operator:wikidata": null, "drink:vita_limo": null, "contact:phone": null, "cash_withdrawal:limit": null, "post_office": null, "post_office:brand": null, "post_office:service_provider": null, "bulk_purchase": null, "dog": null, "air_conditioning": null, "payment:notes": null, "ref:rewe": null, "addr:suburb": null, "membership": null, "access:covid19": null, "alt_name": null, "delivery:covid19": null, "takeaway:covid19": null, "discount:students": null, "currency:EUR": null, "internet_access:password": null, "internet_access:ssid": null, "post_office:brand:wikidata": null, "post_office:brand:wikipedia": null, "ref:deutsche_post": null, "description": null, "payment:mastercard_contactless": null, "payment:sodexo": null, "payment:v_pay": null, "fax": null, "drink:club-mate_granat": null, "opening_date": null, "payment:account_cards": null, "payment:payback_app": null, "wheelchair:description:de": null, "note": null, "cuisine": null, "diet:vegan": null, "diet:vegetarian": null, "contact:email": null, "branch": null, "short_name": null, "drink:kolle-kilimo": null, "drink:kombucha": null, "drink:sake": null, "drinking_water:refill": null, "drinking_water:refill:network": null, "payment:vpay": null, "payment:american_express": null, "source:name": null, "toilets": null, "diet:gluten_free": null, "diet:lactose_free": null, "post_office:id_check": null, "post_office:oversized_item": null, "post_office:packaging": null, "post_office:parcel_from": null, "post_office:parcel_pickup": null, "post_office:parcel_to": null, "post_office:post_bank": null, "post_office:stamps": null, "payment:visa_electron": null, "fair_trade": null, "reusable_packaging:accept": null, "payment:cryptocurrencies": null, "building": null, "building:levels": null, "roof:shape": null, "vending": null, "building:roof": null, "roof:colour": null, "building:colour": null, "height": null, "roof:levels": null, "roof:height": null, "drink:coffee": null, "contact:facebook": null, "delivery": null, "contact:instagram": null, "payment:netto_app": null, "landuse": null, "indoor": null, "name:ru": null, "room": null }, "geometry": { "type": "Point", "coordinates": [ 13.7631154, 51.0523158 ] } },
{ "type": "Feature", "properties": { "element": "node", "id": 249675571, "addr:city": "Dresden", "addr:housenumber": "1", "addr:postcode": null, "addr:street": "Metzer Straße", "brand": "Konsum Dresden", "brand:wikidata": "Q1618877", "brand:wikipedia": null, "check_date:opening_hours": null, "level": "0", "name": "Konsum", "opening_hours": "Mo-Sa 08:00-20:00", "shop": "supermarket", "wheelchair": "yes", "internet_access": "wlan", "internet_access:access": "customers", "internet_access:fee": "no", "operator": "KONSUM DRESDEN eG", "phone": null, "website": "https://www.konsum.de/", "addr:country": null, "check_date": null, "email": null, "payment:mastercard": null, "payment:visa": null, "payment:cash": null, "payment:girocard": null, "payment:maestro": null, "self_checkout": null, "ref:vatin": "DE20313500498", "payment:credit_cards": null, "operator:tax": null, "ref": null, "diet:halal": null, "diet:kosher": null, "lastcheck": null, "access": null, "entrance": null, "cash_withdrawal": null, "cash_withdrawal:purchase_minimum": null, "cash_withdrawal:purchase_required": null, "cash_withdrawal:type": null, "drink:bionade": null, "drink:bionade_mate": null, "drink:charitea_mate": null, "drink:club-mate": null, "drink:club-mate_icetea": null, "drink:fritz-kola": null, "drink:fritz-limo": null, "drink:fritz-mischmasch": null, "drink:kolle-kolla": null, "drink:kolle-zotrine": null, "drink:lemonaid": null, "drink:mio_mio_cola": null, "drink:mio_mio_mate": null, "drink:vita_cola": null, "organic": null, "payment:contactless": null, "stroller": null, "start_date": null, "old_name": null, "contact:website": null, "layer": null, "toilets:wheelchair": null, "source": null, "payment:app": null, "payment:apple_pay": null, "payment:cards": null, "payment:coins": null, "payment:google_pay": null, "payment:visa_debit": null, "origin": null, "drink:charitea": null, "drink:kolle-jolle-mate": null, "drink:kolle-mate": null, "payment:debit_cards": null, "operator:wikidata": null, "drink:vita_limo": null, "contact:phone": null, "cash_withdrawal:limit": null, "post_office": null, "post_office:brand": null, "post_office:service_provider": null, "bulk_purchase": null, "dog": null, "air_conditioning": null, "payment:notes": null, "ref:rewe": null, "addr:suburb": null, "membership": null, "access:covid19": null, "alt_name": null, "delivery:covid19": null, "takeaway:covid19": null, "discount:students": null, "currency:EUR": null, "internet_access:password": null, "internet_access:ssid": null, "post_office:brand:wikidata": null, "post_office:brand:wikipedia": null, "ref:deutsche_post": null, "description": null, "payment:mastercard_contactless": null, "payment:sodexo": null, "payment:v_pay": null, "fax": null, "drink:club-mate_granat": null, "opening_date": null, "payment:account_cards": null, "payment:payback_app": null, "wheelchair:description:de": null, "note": null, "cuisine": null, "diet:vegan": null, "diet:vegetarian": null, "contact:email": null, "branch": null, "short_name": null, "drink:kolle-kilimo": null, "drink:kombucha": null, "drink:sake": null, "drinking_water:refill": null, "drinking_water:refill:network": null, "payment:vpay": null, "payment:american_express": null, "source:name": null, "toilets": null, "diet:gluten_free": null, "diet:lactose_free": null, "post_office:id_check": null, "post_office:oversized_item": null, "post_office:packaging": null, "post_office:parcel_from": null, "post_office:parcel_pickup": null, "post_office:parcel_to": null, "post_office:post_bank": null, "post_office:stamps": null, "payment:visa_electron": null, "fair_trade": null, "reusable_packaging:accept": null, "payment:cryptocurrencies": null, "building": null, "building:levels": null, "roof:shape": null, "vending": null, "building:roof": null, "roof:colour": null, "building:colour": null, "height": null, "roof:levels": null, "roof:height": null, "drink:coffee": null, "contact:facebook": null, "delivery": null, "contact:instagram": null, "payment:netto_app": null, "landuse": null, "indoor": null, "name:ru": null, "room": null }, "geometry": { "type": "Point", "coordinates": [ 13.745206, 51.0600641 ] } },
{ "type": "Feature", "properties": { "element": "node", "id": 251405151, "addr:city": "Dresden", "addr:housenumber": "62a", "addr:postcode": "01277", "addr:street": "Bodenbacher Straße", "brand": "Lidl", "brand:wikidata": "Q151954", "brand:wikipedia": null, "check_date:opening_hours": "2024-08-03", "level": null, "name": "Lidl", "opening_hours": "Mo-Sa 07:00-21:00; PH off", "shop": "supermarket", "wheelchair": "yes", "internet_access": null, "internet_access:access": null, "internet_access:fee": null, "operator": null, "phone": null, "website": null, "addr:country": "DE", "check_date": null, "email": null, "payment:mastercard": null, "payment:visa": null, "payment:cash": null, "payment:girocard": null, "payment:maestro": null, "self_checkout": null, "ref:vatin": null, "payment:credit_cards": null, "operator:tax": null, "ref": null, "diet:halal": null, "diet:kosher": null, "lastcheck": null, "access": null, "entrance": null, "cash_withdrawal": null, "cash_withdrawal:purchase_minimum": null, "cash_withdrawal:purchase_required": null, "cash_withdrawal:type": null, "drink:bionade": null, "drink:bionade_mate": null, "drink:charitea_mate": null, "drink:club-mate": null, "drink:club-mate_icetea": null, "drink:fritz-kola": null, "drink:fritz-limo": null, "drink:fritz-mischmasch": null, "drink:kolle-kolla": null, "drink:kolle-zotrine": null, "drink:lemonaid": null, "drink:mio_mio_cola": null, "drink:mio_mio_mate": null, "drink:vita_cola": null, "organic": null, "payment:contactless": null, "stroller": null, "start_date": null, "old_name": null, "contact:website": null, "layer": null, "toilets:wheelchair": null, "source": null, "payment:app": null, "payment:apple_pay": null, "payment:cards": null, "payment:coins": null, "payment:google_pay": null, "payment:visa_debit": null, "origin": null, "drink:charitea": null, "drink:kolle-jolle-mate": null, "drink:kolle-mate": null, "payment:debit_cards": null, "operator:wikidata": null, "drink:vita_limo": null, "contact:phone": null, "cash_withdrawal:limit": null, "post_office": null, "post_office:brand": null, "post_office:service_provider": null, "bulk_purchase": null, "dog": null, "air_conditioning": null, "payment:notes": null, "ref:rewe": null, "addr:suburb": null, "membership": null, "access:covid19": null, "alt_name": null, "delivery:covid19": null, "takeaway:covid19": null, "discount:students": null, "currency:EUR": null, "internet_access:password": null, "internet_access:ssid": null, "post_office:brand:wikidata": null, "post_office:brand:wikipedia": null, "ref:deutsche_post": null, "description": null, "payment:mastercard_contactless": null, "payment:sodexo": null, "payment:v_pay": null, "fax": null, "drink:club-mate_granat": null, "opening_date": null, "payment:account_cards": null, "payment:payback_app": null, "wheelchair:description:de": null, "note": null, "cuisine": null, "diet:vegan": null, "diet:vegetarian": null, "contact:email": null, "branch": null, "short_name": null, "drink:kolle-kilimo": null, "drink:kombucha": null, "drink:sake": null, "drinking_water:refill": null, "drinking_water:refill:network": null, "payment:vpay": null, "payment:american_express": null, "source:name": null, "toilets": null, "diet:gluten_free": null, "diet:lactose_free": null, "post_office:id_check": null, "post_office:oversized_item": null, "post_office:packaging": null, "post_office:parcel_from": null, "post_office:parcel_pickup": null, "post_office:parcel_to": null, "post_office:post_bank": null, "post_office:stamps": null, "payment:visa_electron": null, "fair_trade": null, "reusable_packaging:accept": null, "payment:cryptocurrencies": null, "building": null, "building:levels": null, "roof:shape": null, "vending": null, "building:roof": null, "roof:colour": null, "building:colour": null, "height": null, "roof:levels": null, "roof:height": null, "drink:coffee": null, "contact:facebook": null, "delivery": null, "contact:instagram": null, "payment:netto_app": null, "landuse": null, "indoor": null, "name:ru": null, "room": null }, "geometry": { "type": "Point", "coordinates": [ 13.789245, 51.029477 ] } },
{ "type": "Feature", "properties": { "element": "node", "id": 255234402, "addr:city": null, "addr:housenumber": null, "addr:postcode": null, "addr:street": null, "brand": "Netto Marken-Discount", "brand:wikidata": "Q879858", "brand:wikipedia": null, "check_date:opening_hours": null, "level": null, "name": "Netto Marken-Discount", "opening_hours": "Mo-Sa 07:00-22:00", "shop": "supermarket", "wheelchair": "yes", "internet_access": null, "internet_access:access": null, "internet_access:fee": null, "operator": null, "phone": null, "website": "https://www.netto-online.de/filialen/Dresden-Seidnitz/Liebstaedter-Str-20/4546/", "addr:country": null, "check_date": null, "email": null, "payment:mastercard": null, "payment:visa": null, "payment:cash": null, "payment:girocard": null, "payment:maestro": null, "self_checkout": null, "ref:vatin": null, "payment:credit_cards": null, "operator:tax": null, "ref": null, "diet:halal": null, "diet:kosher": null, "lastcheck": null, "access": null, "entrance": null, "cash_withdrawal": null, "cash_withdrawal:purchase_minimum": null, "cash_withdrawal:purchase_required": null, "cash_withdrawal:type": null, "drink:bionade": null, "drink:bionade_mate": null, "drink:charitea_mate": null, "drink:club-mate": null, "drink:club-mate_icetea": null, "drink:fritz-kola": null, "drink:fritz-limo": null, "drink:fritz-mischmasch": null, "drink:kolle-kolla": null, "drink:kolle-zotrine": null, "drink:lemonaid": null, "drink:mio_mio_cola": null, "drink:mio_mio_mate": null, "drink:vita_cola": null, "organic": null, "payment:contactless": null, "stroller": null, "start_date": null, "old_name": null, "contact:website": null, "layer": null, "toilets:wheelchair": null, "source": null, "payment:app": null, "payment:apple_pay": null, "payment:cards": null, "payment:coins": null, "payment:google_pay": null, "payment:visa_debit": null, "origin": null, "drink:charitea": null, "drink:kolle-jolle-mate": null, "drink:kolle-mate": null, "payment:debit_cards": null, "operator:wikidata": null, "drink:vita_limo": null, "contact:phone": null, "cash_withdrawal:limit": null, "post_office": null, "post_office:brand": null, "post_office:service_provider": null, "bulk_purchase": null, "dog": null, "air_conditioning": null, "payment:notes": null, "ref:rewe": null, "addr:suburb": null, "membership": null, "access:covid19": null, "alt_name": null, "delivery:covid19": null, "takeaway:covid19": null, "discount:students": null, "currency:EUR": null, "internet_access:password": null, "internet_access:ssid": null, "post_office:brand:wikidata": null, "post_office:brand:wikipedia": null, "ref:deutsche_post": null, "description": null, "payment:mastercard_contactless": null, "payment:sodexo": null, "payment:v_pay": null, "fax": null, "drink:club-mate_granat": null, "opening_date": null, "payment:account_cards": null, "payment:payback_app": null, "wheelchair:description:de": null, "note": null, "cuisine": null, "diet:vegan": null, "diet:vegetarian": null, "contact:email": null, "branch": null, "short_name": null, "drink:kolle-kilimo": null, "drink:kombucha": null, "drink:sake": null, "drinking_water:refill": null, "drinking_water:refill:network": null, "payment:vpay": null, "payment:american_express": null, "source:name": null, "toilets": null, "diet:gluten_free": null, "diet:lactose_free": null, "post_office:id_check": null, "post_office:oversized_item": null, "post_office:packaging": null, "post_office:parcel_from": null, "post_office:parcel_pickup": null, "post_office:parcel_to": null, "post_office:post_bank": null, "post_office:stamps": null, "payment:visa_electron": null, "fair_trade": null, "reusable_packaging:accept": null, "payment:cryptocurrencies": null, "building": null, "building:levels": null, "roof:shape": null, "vending": null, "building:roof": null, "roof:colour": null, "building:colour": null, "height": null, "roof:levels": null, "roof:height": null, "drink:coffee": null, "contact:facebook": null, "delivery": null, "contact:instagram": null, "payment:netto_app": null, "landuse": null, "indoor": null, "name:ru": null, "room": null }, "geometry": { "type": "Point", "coordinates": [ 13.7880841, 51.029609 ] } },
{ "type": "Feature", "properties": { "element": "node", "id": 257724014, "addr:city": "Dresden", "addr:housenumber": "46", "addr:postcode": "01277", "addr:street": "Schandauer Straße", "brand": "Konsum Dresden", "brand:wikidata": "Q1618877", "brand:wikipedia": "de:Konsum Dresden", "check_date:opening_hours": "2024-10-28", "level": null, "name": "Konsum", "opening_hours": "Mo-Sa 08:00-20:00", "shop": "supermarket", "wheelchair": "yes", "internet_access": null, "internet_access:access": null, "internet_access:fee": null, "operator": null, "phone": null, "website": null, "addr:country": "DE", "check_date": null, "email": null, "payment:mastercard": null, "payment:visa": null, "payment:cash": null, "payment:girocard": null, "payment:maestro": null, "self_checkout": null, "ref:vatin": null, "payment:credit_cards": "yes", "operator:tax": null, "ref": null, "diet:halal": null, "diet:kosher": null, "lastcheck": null, "access": null, "entrance": null, "cash_withdrawal": null, "cash_withdrawal:purchase_minimum": null, "cash_withdrawal:purchase_required": null, "cash_withdrawal:type": null, "drink:bionade": null, "drink:bionade_mate": null, "drink:charitea_mate": null, "drink:club-mate": null, "drink:club-mate_icetea": null, "drink:fritz-kola": null, "drink:fritz-limo": null, "drink:fritz-mischmasch": null, "drink:kolle-kolla": null, "drink:kolle-zotrine": null, "drink:lemonaid": null, "drink:mio_mio_cola": null, "drink:mio_mio_mate": null, "drink:vita_cola": null, "organic": null, "payment:contactless": null, "stroller": null, "start_date": null, "old_name": null, "contact:website": null, "layer": null, "toilets:wheelchair": null, "source": null, "payment:app": null, "payment:apple_pay": null, "payment:cards": null, "payment:coins": null, "payment:google_pay": null, "payment:visa_debit": null, "origin": null, "drink:charitea": null, "drink:kolle-jolle-mate": null, "drink:kolle-mate": null, "payment:debit_cards": null, "operator:wikidata": null, "drink:vita_limo": null, "contact:phone": null, "cash_withdrawal:limit": null, "post_office": null, "post_office:brand": null, "post_office:service_provider": null, "bulk_purchase": null, "dog": null, "air_conditioning": null, "payment:notes": null, "ref:rewe": null, "addr:suburb": null, "membership": null, "access:covid19": null, "alt_name": null, "delivery:covid19": null, "takeaway:covid19": null, "discount:students": null, "currency:EUR": null, "internet_access:password": null, "internet_access:ssid": null, "post_office:brand:wikidata": null, "post_office:brand:wikipedia": null, "ref:deutsche_post": null, "description": null, "payment:mastercard_contactless": null, "payment:sodexo": null, "payment:v_pay": null, "fax": null, "drink:club-mate_granat": null, "opening_date": null, "payment:account_cards": null, "payment:payback_app": null, "wheelchair:description:de": null, "note": null, "cuisine": null, "diet:vegan": null, "diet:vegetarian": null, "contact:email": null, "branch": null, "short_name": null, "drink:kolle-kilimo": null, "drink:kombucha": null, "drink:sake": null, "drinking_water:refill": null, "drinking_water:refill:network": null, "payment:vpay": null, "payment:american_express": null, "source:name": null, "toilets": null, "diet:gluten_free": null, "diet:lactose_free": null, "post_office:id_check": null, "post_office:oversized_item": null, "post_office:packaging": null, "post_office:parcel_from": null, "post_office:parcel_pickup": null, "post_office:parcel_to": null, "post_office:post_bank": null, "post_office:stamps": null, "payment:visa_electron": null, "fair_trade": null, "reusable_packaging:accept": null, "payment:cryptocurrencies": null, "building": null, "building:levels": null, "roof:shape": null, "vending": null, "building:roof": null, "roof:colour": null, "building:colour": null, "height": null, "roof:levels": null, "roof:height": null, "drink:coffee": null, "contact:facebook": null, "delivery": null, "contact:instagram": null, "payment:netto_app": null, "landuse": null, "indoor": null, "name:ru": null, "room": null }, "geometry": { "type": "Point", "coordinates": [ 13.7960025, 51.0422931 ] } },
{ "type": "Feature", "properties": { "element": "node", "id": 260301663, "addr:city": "Dresden", "addr:housenumber": "22-24", "addr:postcode": "01159", "addr:street": "Kesselsdorfer Straße", "brand": "REWE", "brand:wikidata": "Q16968817", "brand:wikipedia": "de:Rewe", "check_date:opening_hours": "2024-08-06", "level": null, "name": "REWE", "opening_hours": "Mo-Sa 07:00-22:00", "shop": "supermarket", "wheelchair": "yes", "internet_access": null, "internet_access:access": null, "internet_access:fee": null, "operator": null, "phone": null, "website": "https://www.rewe.de/marktseite/dresden-loebtau-nord/4040716/rewe-markt-kesselsdorfer-str-24-b/", "addr:country": "DE", "check_date": null, "email": null, "payment:mastercard": null, "payment:visa": null, "payment:cash": null, "payment:girocard": null, "payment:maestro": null, "self_checkout": null, "ref:vatin": null, "payment:credit_cards": "yes", "operator:tax": "203/162/05462", "ref": "5382", "diet:halal": null, "diet:kosher": null, "lastcheck": null, "access": null, "entrance": null, "cash_withdrawal": null, "cash_withdrawal:purchase_minimum": null, "cash_withdrawal:purchase_required": null, "cash_withdrawal:type": null, "drink:bionade": null, "drink:bionade_mate": null, "drink:charitea_mate": null, "drink:club-mate": null, "drink:club-mate_icetea": null, "drink:fritz-kola": null, "drink:fritz-limo": null, "drink:fritz-mischmasch": null, "drink:kolle-kolla": null, "drink:kolle-zotrine": null, "drink:lemonaid": null, "drink:mio_mio_cola": null, "drink:mio_mio_mate": null, "drink:vita_cola": null, "organic": null, "payment:contactless": null, "stroller": null, "start_date": null, "old_name": null, "contact:website": null, "layer": null, "toilets:wheelchair": null, "source": null, "payment:app": null, "payment:apple_pay": null, "payment:cards": null, "payment:coins": null, "payment:google_pay": null, "payment:visa_debit": null, "origin": null, "drink:charitea": null, "drink:kolle-jolle-mate": null, "drink:kolle-mate": null, "payment:debit_cards": null, "operator:wikidata": null, "drink:vita_limo": null, "contact:phone": null, "cash_withdrawal:limit": null, "post_office": null, "post_office:brand": null, "post_office:service_provider": null, "bulk_purchase": null, "dog": null, "air_conditioning": null, "payment:notes": null, "ref:rewe": null, "addr:suburb": null, "membership": null, "access:covid19": null, "alt_name": null, "delivery:covid19": null, "takeaway:covid19": null, "discount:students": null, "currency:EUR": null, "internet_access:password": null, "internet_access:ssid": null, "post_office:brand:wikidata": null, "post_office:brand:wikipedia": null, "ref:deutsche_post": null, "description": null, "payment:mastercard_contactless": null, "payment:sodexo": null, "payment:v_pay": null, "fax": null, "drink:club-mate_granat": null, "opening_date": null, "payment:account_cards": null, "payment:payback_app": null, "wheelchair:description:de": null, "note": null, "cuisine": null, "diet:vegan": null, "diet:vegetarian": null, "contact:email": null, "branch": null, "short_name": null, "drink:kolle-kilimo": null, "drink:kombucha": null, "drink:sake": null, "drinking_water:refill": null, "drinking_water:refill:network": null, "payment:vpay": null, "payment:american_express": null, "source:name": null, "toilets": null, "diet:gluten_free": null, "diet:lactose_free": null, "post_office:id_check": null, "post_office:oversized_item": null, "post_office:packaging": null, "post_office:parcel_from": null, "post_office:parcel_pickup": null, "post_office:parcel_to": null, "post_office:post_bank": null, "post_office:stamps": null, "payment:visa_electron": null, "fair_trade": null, "reusable_packaging:accept": null, "payment:cryptocurrencies": null, "building": null, "building:levels": null, "roof:shape": null, "vending": null, "building:roof": null, "roof:colour": null, "building:colour": null, "height": null, "roof:levels": null, "roof:height": null, "drink:coffee": null, "contact:facebook": null, "delivery": null, "contact:instagram": null, "payment:netto_app": null, "landuse": null, "indoor": null, "name:ru": null, "room": null }, "geometry": { "type": "Point", "coordinates": [ 13.6996233, 51.0439614 ] } },
{ "type": "Feature", "properties": { "element": "node", "id": 265345434, "addr:city": "Dresden", "addr:housenumber": "12", "addr:postcode": "01097", "addr:street": "Rudolf-Leonhard-Straße", "brand": "Netto Marken-Discount", "brand:wikidata": "Q879858", "brand:wikipedia": null, "check_date:opening_hours": null, "level": null, "name": "Netto Marken-Discount", "opening_hours": "Mo-Sa 07:00-21:00", "shop": "supermarket", "wheelchair": "yes", "internet_access": null, "internet_access:access": null, "internet_access:fee": null, "operator": null, "phone": null, "website": "https://www.netto-online.de/filialen/Dresden/Rudolf-Leonhard-Str-12/8718/", "addr:country": "DE", "check_date": null, "email": null, "payment:mastercard": null, "payment:visa": null, "payment:cash": null, "payment:girocard": null, "payment:maestro": null, "self_checkout": null, "ref:vatin": null, "payment:credit_cards": null, "operator:tax": null, "ref": null, "diet:halal": "no", "diet:kosher": "no", "lastcheck": null, "access": null, "entrance": null, "cash_withdrawal": null, "cash_withdrawal:purchase_minimum": null, "cash_withdrawal:purchase_required": null, "cash_withdrawal:type": null, "drink:bionade": null, "drink:bionade_mate": null, "drink:charitea_mate": null, "drink:club-mate": null, "drink:club-mate_icetea": null, "drink:fritz-kola": null, "drink:fritz-limo": null, "drink:fritz-mischmasch": null, "drink:kolle-kolla": null, "drink:kolle-zotrine": null, "drink:lemonaid": null, "drink:mio_mio_cola": null, "drink:mio_mio_mate": null, "drink:vita_cola": null, "organic": null, "payment:contactless": null, "stroller": null, "start_date": null, "old_name": null, "contact:website": null, "layer": null, "toilets:wheelchair": null, "source": null, "payment:app": null, "payment:apple_pay": null, "payment:cards": null, "payment:coins": null, "payment:google_pay": null, "payment:visa_debit": null, "origin": null, "drink:charitea": null, "drink:kolle-jolle-mate": null, "drink:kolle-mate": null, "payment:debit_cards": null, "operator:wikidata": null, "drink:vita_limo": null, "contact:phone": null, "cash_withdrawal:limit": null, "post_office": null, "post_office:brand": null, "post_office:service_provider": null, "bulk_purchase": null, "dog": null, "air_conditioning": null, "payment:notes": null, "ref:rewe": null, "addr:suburb": null, "membership": null, "access:covid19": null, "alt_name": null, "delivery:covid19": null, "takeaway:covid19": null, "discount:students": null, "currency:EUR": null, "internet_access:password": null, "internet_access:ssid": null, "post_office:brand:wikidata": null, "post_office:brand:wikipedia": null, "ref:deutsche_post": null, "description": null, "payment:mastercard_contactless": null, "payment:sodexo": null, "payment:v_pay": null, "fax": null, "drink:club-mate_granat": null, "opening_date": null, "payment:account_cards": null, "payment:payback_app": null, "wheelchair:description:de": null, "note": null, "cuisine": null, "diet:vegan": null, "diet:vegetarian": null, "contact:email": null, "branch": null, "short_name": null, "drink:kolle-kilimo": null, "drink:kombucha": null, "drink:sake": null, "drinking_water:refill": null, "drinking_water:refill:network": null, "payment:vpay": null, "payment:american_express": null, "source:name": null, "toilets": null, "diet:gluten_free": null, "diet:lactose_free": null, "post_office:id_check": null, "post_office:oversized_item": null, "post_office:packaging": null, "post_office:parcel_from": null, "post_office:parcel_pickup": null, "post_office:parcel_to": null, "post_office:post_bank": null, "post_office:stamps": null, "payment:visa_electron": null, "fair_trade": null, "reusable_packaging:accept": null, "payment:cryptocurrencies": null, "building": null, "building:levels": null, "roof:shape": null, "vending": null, "building:roof": null, "roof:colour": null, "building:colour": null, "height": null, "roof:levels": null, "roof:height": null, "drink:coffee": null, "contact:facebook": null, "delivery": null, "contact:instagram": null, "payment:netto_app": null, "landuse": null, "indoor": null, "name:ru": null, "room": null }, "geometry": { "type": "Point", "coordinates": [ 13.7486015, 51.0727791 ] } },
{ "type": "Feature", "properties": { "element": "node", "id": 273413003, "addr:city": "Dresden", "addr:housenumber": "6", "addr:postcode": "01259", "addr:street": "Niedersedlitzer Platz", "brand": "Nah & Frisch", "brand:wikidata": "Q1963643", "brand:wikipedia": null, "check_date:opening_hours": null, "level": null, "name": "Nah & Frisch", "opening_hours": "Mo-Fr 08:00-19:00; Sa 08:00-13:00", "shop": "supermarket", "wheelchair": "yes", "internet_access": null, "internet_access:access": null, "internet_access:fee": null, "operator": null, "phone": null, "website": null, "addr:country": null, "check_date": null, "email": null, "payment:mastercard": null, "payment:visa": null, "payment:cash": null, "payment:girocard": null, "payment:maestro": null, "self_checkout": null, "ref:vatin": null, "payment:credit_cards": null, "operator:tax": null, "ref": null, "diet:halal": null, "diet:kosher": null, "lastcheck": "2015-02-16", "access": null, "entrance": null, "cash_withdrawal": null, "cash_withdrawal:purchase_minimum": null, "cash_withdrawal:purchase_required": null, "cash_withdrawal:type": null, "drink:bionade": null, "drink:bionade_mate": null, "drink:charitea_mate": null, "drink:club-mate": null, "drink:club-mate_icetea": null, "drink:fritz-kola": null, "drink:fritz-limo": null, "drink:fritz-mischmasch": null, "drink:kolle-kolla": null, "drink:kolle-zotrine": null, "drink:lemonaid": null, "drink:mio_mio_cola": null, "drink:mio_mio_mate": null, "drink:vita_cola": null, "organic": null, "payment:contactless": null, "stroller": null, "start_date": null, "old_name": null, "contact:website": null, "layer": null, "toilets:wheelchair": null, "source": null, "payment:app": null, "payment:apple_pay": null, "payment:cards": null, "payment:coins": null, "payment:google_pay": null, "payment:visa_debit": null, "origin": null, "drink:charitea": null, "drink:kolle-jolle-mate": null, "drink:kolle-mate": null, "payment:debit_cards": null, "operator:wikidata": null, "drink:vita_limo": null, "contact:phone": null, "cash_withdrawal:limit": null, "post_office": null, "post_office:brand": null, "post_office:service_provider": null, "bulk_purchase": null, "dog": null, "air_conditioning": null, "payment:notes": null, "ref:rewe": null, "addr:suburb": null, "membership": null, "access:covid19": null, "alt_name": null, "delivery:covid19": null, "takeaway:covid19": null, "discount:students": null, "currency:EUR": null, "internet_access:password": null, "internet_access:ssid": null, "post_office:brand:wikidata": null, "post_office:brand:wikipedia": null, "ref:deutsche_post": null, "description": null, "payment:mastercard_contactless": null, "payment:sodexo": null, "payment:v_pay": null, "fax": null, "drink:club-mate_granat": null, "opening_date": null, "payment:account_cards": null, "payment:payback_app": null, "wheelchair:description:de": null, "note": null, "cuisine": null, "diet:vegan": null, "diet:vegetarian": null, "contact:email": null, "branch": null, "short_name": null, "drink:kolle-kilimo": null, "drink:kombucha": null, "drink:sake": null, "drinking_water:refill": null, "drinking_water:refill:network": null, "payment:vpay": null, "payment:american_express": null, "source:name": null, "toilets": null, "diet:gluten_free": null, "diet:lactose_free": null, "post_office:id_check": null, "post_office:oversized_item": null, "post_office:packaging": null, "post_office:parcel_from": null, "post_office:parcel_pickup": null, "post_office:parcel_to": null, "post_office:post_bank": null, "post_office:stamps": null, "payment:visa_electron": null, "fair_trade": null, "reusable_packaging:accept": null, "payment:cryptocurrencies": null, "building": null, "building:levels": null, "roof:shape": null, "vending": null, "building:roof": null, "roof:colour": null, "building:colour": null, "height": null, "roof:levels": null, "roof:height": null, "drink:coffee": null, "contact:facebook": null, "delivery": null, "contact:instagram": null, "payment:netto_app": null, "landuse": null, "indoor": null, "name:ru": null, "room": null }, "geometry": { "type": "Point", "coordinates": [ 13.8253861, 50.9956717 ] } },
{ "type": "Feature", "properties": { "element": "node", "id": 273787595, "addr:city": "Dresden", "addr:housenumber": "24", "addr:postcode": "01279", "addr:street": "Österreicher Straße", "brand": "diska", "brand:wikidata": "Q62390177", "brand:wikipedia": null, "check_date:opening_hours": "2025-01-28", "level": null, "name": "diska", "opening_hours": "Mo-Sa 07:00-20:00", "shop": "supermarket", "wheelchair": "yes", "internet_access": null, "internet_access:access": null, "internet_access:fee": null, "operator": null, "phone": null, "website": null, "addr:country": null, "check_date": null, "email": null, "payment:mastercard": null, "payment:visa": null, "payment:cash": null, "payment:girocard": null, "payment:maestro": null, "self_checkout": null, "ref:vatin": null, "payment:credit_cards": null, "operator:tax": null, "ref": null, "diet:halal": null, "diet:kosher": null, "lastcheck": null, "access": "yes", "entrance": "main", "cash_withdrawal": null, "cash_withdrawal:purchase_minimum": null, "cash_withdrawal:purchase_required": null, "cash_withdrawal:type": null, "drink:bionade": null, "drink:bionade_mate": null, "drink:charitea_mate": null, "drink:club-mate": null, "drink:club-mate_icetea": null, "drink:fritz-kola": null, "drink:fritz-limo": null, "drink:fritz-mischmasch": null, "drink:kolle-kolla": null, "drink:kolle-zotrine": null, "drink:lemonaid": null, "drink:mio_mio_cola": null, "drink:mio_mio_mate": null, "drink:vita_cola": null, "organic": null, "payment:contactless": null, "stroller": null, "start_date": null, "old_name": null, "contact:website": null, "layer": null, "toilets:wheelchair": null, "source": null, "payment:app": null, "payment:apple_pay": null, "payment:cards": null, "payment:coins": null, "payment:google_pay": null, "payment:visa_debit": null, "origin": null, "drink:charitea": null, "drink:kolle-jolle-mate": null, "drink:kolle-mate": null, "payment:debit_cards": null, "operator:wikidata": null, "drink:vita_limo": null, "contact:phone": null, "cash_withdrawal:limit": null, "post_office": null, "post_office:brand": null, "post_office:service_provider": null, "bulk_purchase": null, "dog": null, "air_conditioning": null, "payment:notes": null, "ref:rewe": null, "addr:suburb": null, "membership": null, "access:covid19": null, "alt_name": null, "delivery:covid19": null, "takeaway:covid19": null, "discount:students": null, "currency:EUR": null, "internet_access:password": null, "internet_access:ssid": null, "post_office:brand:wikidata": null, "post_office:brand:wikipedia": null, "ref:deutsche_post": null, "description": null, "payment:mastercard_contactless": null, "payment:sodexo": null, "payment:v_pay": null, "fax": null, "drink:club-mate_granat": null, "opening_date": null, "payment:account_cards": null, "payment:payback_app": null, "wheelchair:description:de": null, "note": null, "cuisine": null, "diet:vegan": null, "diet:vegetarian": null, "contact:email": null, "branch": null, "short_name": null, "drink:kolle-kilimo": null, "drink:kombucha": null, "drink:sake": null, "drinking_water:refill": null, "drinking_water:refill:network": null, "payment:vpay": null, "payment:american_express": null, "source:name": null, "toilets": null, "diet:gluten_free": null, "diet:lactose_free": null, "post_office:id_check": null, "post_office:oversized_item": null, "post_office:packaging": null, "post_office:parcel_from": null, "post_office:parcel_pickup": null, "post_office:parcel_to": null, "post_office:post_bank": null, "post_office:stamps": null, "payment:visa_electron": null, "fair_trade": null, "reusable_packaging:accept": null, "payment:cryptocurrencies": null, "building": null, "building:levels": null, "roof:shape": null, "vending": null, "building:roof": null, "roof:colour": null, "building:colour": null, "height": null, "roof:levels": null, "roof:height": null, "drink:coffee": null, "contact:facebook": null, "delivery": null, "contact:instagram": null, "payment:netto_app": null, "landuse": null, "indoor": null, "name:ru": null, "room": null }, "geometry": { "type": "Point", "coordinates": [ 13.8349189, 51.0274427 ] } },
{ "type": "Feature", "properties": { "element": "node", "id": 273788603, "addr:city": null, "addr:housenumber": null, "addr:postcode": null, "addr:street": null, "brand": "Konsum Dresden", "brand:wikidata": "Q1618877", "brand:wikipedia": null, "check_date:opening_hours": "2025-01-28", "level": null, "name": "Konsum", "opening_hours": "Mo-Sa 08:00-20:00", "shop": "supermarket", "wheelchair": "yes", "internet_access": "wlan", "internet_access:access": "customers", "internet_access:fee": "no", "operator": "KONSUM DRESDEN eG", "phone": null, "website": "https://www.konsum.de", "addr:country": null, "check_date": null, "email": null, "payment:mastercard": null, "payment:visa": null, "payment:cash": null, "payment:girocard": null, "payment:maestro": null, "self_checkout": null, "ref:vatin": null, "payment:credit_cards": null, "operator:tax": null, "ref": null, "diet:halal": null, "diet:kosher": null, "lastcheck": null, "access": null, "entrance": null, "cash_withdrawal": null, "cash_withdrawal:purchase_minimum": null, "cash_withdrawal:purchase_required": null, "cash_withdrawal:type": null, "drink:bionade": null, "drink:bionade_mate": null, "drink:charitea_mate": null, "drink:club-mate": null, "drink:club-mate_icetea": null, "drink:fritz-kola": null, "drink:fritz-limo": null, "drink:fritz-mischmasch": null, "drink:kolle-kolla": null, "drink:kolle-zotrine": null, "drink:lemonaid": null, "drink:mio_mio_cola": null, "drink:mio_mio_mate": null, "drink:vita_cola": null, "organic": null, "payment:contactless": null, "stroller": null, "start_date": null, "old_name": null, "contact:website": null, "layer": null, "toilets:wheelchair": null, "source": null, "payment:app": null, "payment:apple_pay": null, "payment:cards": null, "payment:coins": null, "payment:google_pay": null, "payment:visa_debit": null, "origin": null, "drink:charitea": null, "drink:kolle-jolle-mate": null, "drink:kolle-mate": null, "payment:debit_cards": null, "operator:wikidata": null, "drink:vita_limo": null, "contact:phone": null, "cash_withdrawal:limit": null, "post_office": null, "post_office:brand": null, "post_office:service_provider": null, "bulk_purchase": null, "dog": null, "air_conditioning": null, "payment:notes": null, "ref:rewe": null, "addr:suburb": null, "membership": null, "access:covid19": null, "alt_name": null, "delivery:covid19": null, "takeaway:covid19": null, "discount:students": null, "currency:EUR": null, "internet_access:password": null, "internet_access:ssid": null, "post_office:brand:wikidata": null, "post_office:brand:wikipedia": null, "ref:deutsche_post": null, "description": null, "payment:mastercard_contactless": null, "payment:sodexo": null, "payment:v_pay": null, "fax": null, "drink:club-mate_granat": null, "opening_date": null, "payment:account_cards": null, "payment:payback_app": null, "wheelchair:description:de": null, "note": null, "cuisine": null, "diet:vegan": null, "diet:vegetarian": null, "contact:email": null, "branch": null, "short_name": null, "drink:kolle-kilimo": null, "drink:kombucha": null, "drink:sake": null, "drinking_water:refill": null, "drinking_water:refill:network": null, "payment:vpay": null, "payment:american_express": null, "source:name": null, "toilets": null, "diet:gluten_free": null, "diet:lactose_free": null, "post_office:id_check": null, "post_office:oversized_item": null, "post_office:packaging": null, "post_office:parcel_from": null, "post_office:parcel_pickup": null, "post_office:parcel_to": null, "post_office:post_bank": null, "post_office:stamps": null, "payment:visa_electron": null, "fair_trade": null, "reusable_packaging:accept": null, "payment:cryptocurrencies": null, "building": null, "building:levels": null, "roof:shape": null, "vending": null, "building:roof": null, "roof:colour": null, "building:colour": null, "height": null, "roof:levels": null, "roof:height": null, "drink:coffee": null, "contact:facebook": null, "delivery": null, "contact:instagram": null, "payment:netto_app": null, "landuse": null, "indoor": null, "name:ru": null, "room": null }, "geometry": { "type": "Point", "coordinates": [ 13.8320488, 51.028086 ] } },
{ "type": "Feature", "properties": { "element": "node", "id": 276521541, "addr:city": "Dresden", "addr:housenumber": "1", "addr:postcode": "01108", "addr:street": "Hohenbusch-Markt", "brand": "Kaufland", "brand:wikidata": "Q685967", "brand:wikipedia": "en:Kaufland", "check_date:opening_hours": "2024-08-22", "level": null, "name": "Kaufland", "opening_hours": "Mo-Sa 07:00-22:00", "shop": "supermarket", "wheelchair": "yes", "internet_access": null, "internet_access:access": null, "internet_access:fee": null, "operator": null, "phone": "+49 351 884790", "website": null, "addr:country": "DE", "check_date": null, "email": null, "payment:mastercard": null, "payment:visa": null, "payment:cash": null, "payment:girocard": null, "payment:maestro": null, "self_checkout": null, "ref:vatin": null, "payment:credit_cards": null, "operator:tax": null, "ref": null, "diet:halal": null, "diet:kosher": null, "lastcheck": null, "access": null, "entrance": null, "cash_withdrawal": null, "cash_withdrawal:purchase_minimum": null, "cash_withdrawal:purchase_required": null, "cash_withdrawal:type": null, "drink:bionade": null, "drink:bionade_mate": null, "drink:charitea_mate": null, "drink:club-mate": null, "drink:club-mate_icetea": null, "drink:fritz-kola": null, "drink:fritz-limo": null, "drink:fritz-mischmasch": null, "drink:kolle-kolla": null, "drink:kolle-zotrine": null, "drink:lemonaid": null, "drink:mio_mio_cola": null, "drink:mio_mio_mate": null, "drink:vita_cola": null, "organic": null, "payment:contactless": null, "stroller": null, "start_date": null, "old_name": null, "contact:website": null, "layer": null, "toilets:wheelchair": null, "source": null, "payment:app": null, "payment:apple_pay": null, "payment:cards": null, "payment:coins": null, "payment:google_pay": null, "payment:visa_debit": null, "origin": null, "drink:charitea": null, "drink:kolle-jolle-mate": null, "drink:kolle-mate": null, "payment:debit_cards": null, "operator:wikidata": null, "drink:vita_limo": null, "contact:phone": null, "cash_withdrawal:limit": null, "post_office": null, "post_office:brand": null, "post_office:service_provider": null, "bulk_purchase": null, "dog": null, "air_conditioning": null, "payment:notes": null, "ref:rewe": null, "addr:suburb": null, "membership": null, "access:covid19": null, "alt_name": null, "delivery:covid19": null, "takeaway:covid19": null, "discount:students": null, "currency:EUR": null, "internet_access:password": null, "internet_access:ssid": null, "post_office:brand:wikidata": null, "post_office:brand:wikipedia": null, "ref:deutsche_post": null, "description": null, "payment:mastercard_contactless": null, "payment:sodexo": null, "payment:v_pay": null, "fax": null, "drink:club-mate_granat": null, "opening_date": null, "payment:account_cards": null, "payment:payback_app": null, "wheelchair:description:de": null, "note": null, "cuisine": null, "diet:vegan": null, "diet:vegetarian": null, "contact:email": null, "branch": null, "short_name": null, "drink:kolle-kilimo": null, "drink:kombucha": null, "drink:sake": null, "drinking_water:refill": null, "drinking_water:refill:network": null, "payment:vpay": null, "payment:american_express": null, "source:name": null, "toilets": null, "diet:gluten_free": null, "diet:lactose_free": null, "post_office:id_check": null, "post_office:oversized_item": null, "post_office:packaging": null, "post_office:parcel_from": null, "post_office:parcel_pickup": null, "post_office:parcel_to": null, "post_office:post_bank": null, "post_office:stamps": null, "payment:visa_electron": null, "fair_trade": null, "reusable_packaging:accept": null, "payment:cryptocurrencies": null, "building": null, "building:levels": null, "roof:shape": null, "vending": null, "building:roof": null, "roof:colour": null, "building:colour": null, "height": null, "roof:levels": null, "roof:height": null, "drink:coffee": null, "contact:facebook": null, "delivery": null, "contact:instagram": null, "payment:netto_app": null, "landuse": null, "indoor": null, "name:ru": null, "room": null }, "geometry": { "type": "Point", "coordinates": [ 13.7958717, 51.1415039 ] } },
{ "type": "Feature", "properties": { "element": "node", "id": 277731655, "addr:city": null, "addr:housenumber": null, "addr:postcode": null, "addr:street": null, "brand": "Konsum Dresden", "brand:wikidata": "Q1618877", "brand:wikipedia": null, "check_date:opening_hours": "2024-04-20", "level": null, "name": "Konsum", "opening_hours": "Mo-Sa 08:00-20:00", "shop": "supermarket", "wheelchair": "yes", "internet_access": "wlan", "internet_access:access": "customers", "internet_access:fee": "no", "operator": "KONSUM DRESDEN eG", "phone": null, "website": "https://www.konsum.de/", "addr:country": null, "check_date": "2024-05-03", "email": null, "payment:mastercard": null, "payment:visa": null, "payment:cash": "yes", "payment:girocard": "yes", "payment:maestro": null, "self_checkout": null, "ref:vatin": null, "payment:credit_cards": "yes", "operator:tax": null, "ref": null, "diet:halal": null, "diet:kosher": null, "lastcheck": null, "access": null, "entrance": null, "cash_withdrawal": "yes", "cash_withdrawal:purchase_minimum": "20", "cash_withdrawal:purchase_required": "yes", "cash_withdrawal:type": "checkout", "drink:bionade": "bottled", "drink:bionade_mate": "bottled", "drink:charitea_mate": "bottled", "drink:club-mate": "bottled", "drink:club-mate_icetea": "bottled", "drink:fritz-kola": "bottled", "drink:fritz-limo": "bottled", "drink:fritz-mischmasch": "bottled", "drink:kolle-kolla": "bottled", "drink:kolle-zotrine": "bottled", "drink:lemonaid": "bottled", "drink:mio_mio_cola": "bottled", "drink:mio_mio_mate": "bottled", "drink:vita_cola": "bottled", "organic": "yes", "payment:contactless": "yes", "stroller": "yes", "start_date": null, "old_name": null, "contact:website": null, "layer": null, "toilets:wheelchair": null, "source": null, "payment:app": null, "payment:apple_pay": null, "payment:cards": null, "payment:coins": null, "payment:google_pay": null, "payment:visa_debit": null, "origin": null, "drink:charitea": null, "drink:kolle-jolle-mate": null, "drink:kolle-mate": null, "payment:debit_cards": null, "operator:wikidata": null, "drink:vita_limo": null, "contact:phone": null, "cash_withdrawal:limit": null, "post_office": null, "post_office:brand": null, "post_office:service_provider": null, "bulk_purchase": null, "dog": null, "air_conditioning": null, "payment:notes": null, "ref:rewe": null, "addr:suburb": null, "membership": null, "access:covid19": null, "alt_name": null, "delivery:covid19": null, "takeaway:covid19": null, "discount:students": null, "currency:EUR": null, "internet_access:password": null, "internet_access:ssid": null, "post_office:brand:wikidata": null, "post_office:brand:wikipedia": null, "ref:deutsche_post": null, "description": null, "payment:mastercard_contactless": null, "payment:sodexo": null, "payment:v_pay": null, "fax": null, "drink:club-mate_granat": null, "opening_date": null, "payment:account_cards": null, "payment:payback_app": null, "wheelchair:description:de": null, "note": null, "cuisine": null, "diet:vegan": null, "diet:vegetarian": null, "contact:email": null, "branch": null, "short_name": null, "drink:kolle-kilimo": null, "drink:kombucha": null, "drink:sake": null, "drinking_water:refill": null, "drinking_water:refill:network": null, "payment:vpay": null, "payment:american_express": null, "source:name": null, "toilets": null, "diet:gluten_free": null, "diet:lactose_free": null, "post_office:id_check": null, "post_office:oversized_item": null, "post_office:packaging": null, "post_office:parcel_from": null, "post_office:parcel_pickup": null, "post_office:parcel_to": null, "post_office:post_bank": null, "post_office:stamps": null, "payment:visa_electron": null, "fair_trade": null, "reusable_packaging:accept": null, "payment:cryptocurrencies": null, "building": null, "building:levels": null, "roof:shape": null, "vending": null, "building:roof": null, "roof:colour": null, "building:colour": null, "height": null, "roof:levels": null, "roof:height": null, "drink:coffee": null, "contact:facebook": null, "delivery": null, "contact:instagram": null, "payment:netto_app": null, "landuse": null, "indoor": null, "name:ru": null, "room": null }, "geometry": { "type": "Point", "coordinates": [ 13.7652586, 51.0565724 ] } },
{ "type": "Feature", "properties": { "element": "node", "id": 281105734, "addr:city": null, "addr:housenumber": null, "addr:postcode": null, "addr:street": null, "brand": "Netto Marken-Discount", "brand:wikidata": "Q879858", "brand:wikipedia": null, "check_date:opening_hours": null, "level": "0", "name": "Netto", "opening_hours": "Mo-Sa 07:00-20:00", "shop": "supermarket", "wheelchair": null, "internet_access": "wlan", "internet_access:access": null, "internet_access:fee": "no", "operator": null, "phone": null, "website": "https://www.netto-online.de/filialen/Dresden/Freiberger-Str-37/5880/", "addr:country": null, "check_date": "2024-07-10", "email": null, "payment:mastercard": null, "payment:visa": null, "payment:cash": null, "payment:girocard": "yes", "payment:maestro": null, "self_checkout": "yes", "ref:vatin": null, "payment:credit_cards": null, "operator:tax": null, "ref": null, "diet:halal": null, "diet:kosher": null, "lastcheck": null, "access": null, "entrance": null, "cash_withdrawal": null, "cash_withdrawal:purchase_minimum": null, "cash_withdrawal:purchase_required": null, "cash_withdrawal:type": null, "drink:bionade": "bottled", "drink:bionade_mate": null, "drink:charitea_mate": null, "drink:club-mate": null, "drink:club-mate_icetea": null, "drink:fritz-kola": null, "drink:fritz-limo": null, "drink:fritz-mischmasch": null, "drink:kolle-kolla": null, "drink:kolle-zotrine": null, "drink:lemonaid": null, "drink:mio_mio_cola": null, "drink:mio_mio_mate": null, "drink:vita_cola": "bottled", "organic": null, "payment:contactless": "yes", "stroller": null, "start_date": "2022-10-18", "old_name": null, "contact:website": null, "layer": null, "toilets:wheelchair": null, "source": null, "payment:app": null, "payment:apple_pay": null, "payment:cards": null, "payment:coins": null, "payment:google_pay": null, "payment:visa_debit": null, "origin": null, "drink:charitea": null, "drink:kolle-jolle-mate": null, "drink:kolle-mate": null, "payment:debit_cards": null, "operator:wikidata": null, "drink:vita_limo": null, "contact:phone": null, "cash_withdrawal:limit": null, "post_office": null, "post_office:brand": null, "post_office:service_provider": null, "bulk_purchase": null, "dog": null, "air_conditioning": null, "payment:notes": null, "ref:rewe": null, "addr:suburb": null, "membership": null, "access:covid19": null, "alt_name": null, "delivery:covid19": null, "takeaway:covid19": null, "discount:students": null, "currency:EUR": null, "internet_access:password": null, "internet_access:ssid": null, "post_office:brand:wikidata": null, "post_office:brand:wikipedia": null, "ref:deutsche_post": null, "description": null, "payment:mastercard_contactless": null, "payment:sodexo": null, "payment:v_pay": null, "fax": null, "drink:club-mate_granat": null, "opening_date": null, "payment:account_cards": null, "payment:payback_app": null, "wheelchair:description:de": null, "note": null, "cuisine": null, "diet:vegan": null, "diet:vegetarian": null, "contact:email": null, "branch": null, "short_name": null, "drink:kolle-kilimo": null, "drink:kombucha": null, "drink:sake": null, "drinking_water:refill": null, "drinking_water:refill:network": null, "payment:vpay": null, "payment:american_express": null, "source:name": null, "toilets": null, "diet:gluten_free": null, "diet:lactose_free": null, "post_office:id_check": null, "post_office:oversized_item": null, "post_office:packaging": null, "post_office:parcel_from": null, "post_office:parcel_pickup": null, "post_office:parcel_to": null, "post_office:post_bank": null, "post_office:stamps": null, "payment:visa_electron": null, "fair_trade": null, "reusable_packaging:accept": null, "payment:cryptocurrencies": null, "building": null, "building:levels": null, "roof:shape": null, "vending": null, "building:roof": null, "roof:colour": null, "building:colour": null, "height": null, "roof:levels": null, "roof:height": null, "drink:coffee": null, "contact:facebook": null, "delivery": null, "contact:instagram": null, "payment:netto_app": null, "landuse": null, "indoor": null, "name:ru": null, "room": null }, "geometry": { "type": "Point", "coordinates": [ 13.7217918, 51.0490753 ] } },
{ "type": "Feature", "properties": { "element": "node", "id": 281169572, "addr:city": "Dresden", "addr:housenumber": "2", "addr:postcode": "01099", "addr:street": "Waldschlößchenstraße", "brand": "Konsum Dresden", "brand:wikidata": "Q1618877", "brand:wikipedia": null, "check_date:opening_hours": "2024-12-09", "level": null, "name": "Konsum", "opening_hours": "Mo-Sa 07:00-20:00", "shop": "supermarket", "wheelchair": "yes", "internet_access": "wlan", "internet_access:access": "customers", "internet_access:fee": "no", "operator": "KONSUM DRESDEN eG", "phone": null, "website": "https://www.konsum.de/", "addr:country": "DE", "check_date": null, "email": null, "payment:mastercard": null, "payment:visa": null, "payment:cash": null, "payment:girocard": null, "payment:maestro": null, "self_checkout": null, "ref:vatin": null, "payment:credit_cards": null, "operator:tax": null, "ref": null, "diet:halal": "no", "diet:kosher": "no", "lastcheck": null, "access": null, "entrance": null, "cash_withdrawal": null, "cash_withdrawal:purchase_minimum": null, "cash_withdrawal:purchase_required": null, "cash_withdrawal:type": null, "drink:bionade": null, "drink:bionade_mate": null, "drink:charitea_mate": null, "drink:club-mate": null, "drink:club-mate_icetea": null, "drink:fritz-kola": null, "drink:fritz-limo": null, "drink:fritz-mischmasch": null, "drink:kolle-kolla": null, "drink:kolle-zotrine": null, "drink:lemonaid": null, "drink:mio_mio_cola": null, "drink:mio_mio_mate": null, "drink:vita_cola": null, "organic": null, "payment:contactless": null, "stroller": null, "start_date": null, "old_name": "Frida - Der Frischemarkt", "contact:website": null, "layer": null, "toilets:wheelchair": null, "source": null, "payment:app": null, "payment:apple_pay": null, "payment:cards": null, "payment:coins": null, "payment:google_pay": null, "payment:visa_debit": null, "origin": null, "drink:charitea": null, "drink:kolle-jolle-mate": null, "drink:kolle-mate": null, "payment:debit_cards": null, "operator:wikidata": null, "drink:vita_limo": null, "contact:phone": null, "cash_withdrawal:limit": null, "post_office": null, "post_office:brand": null, "post_office:service_provider": null, "bulk_purchase": null, "dog": null, "air_conditioning": null, "payment:notes": null, "ref:rewe": null, "addr:suburb": null, "membership": null, "access:covid19": null, "alt_name": null, "delivery:covid19": null, "takeaway:covid19": null, "discount:students": null, "currency:EUR": null, "internet_access:password": null, "internet_access:ssid": null, "post_office:brand:wikidata": null, "post_office:brand:wikipedia": null, "ref:deutsche_post": null, "description": null, "payment:mastercard_contactless": null, "payment:sodexo": null, "payment:v_pay": null, "fax": null, "drink:club-mate_granat": null, "opening_date": null, "payment:account_cards": null, "payment:payback_app": null, "wheelchair:description:de": null, "note": null, "cuisine": null, "diet:vegan": null, "diet:vegetarian": null, "contact:email": null, "branch": null, "short_name": null, "drink:kolle-kilimo": null, "drink:kombucha": null, "drink:sake": null, "drinking_water:refill": null, "drinking_water:refill:network": null, "payment:vpay": null, "payment:american_express": null, "source:name": null, "toilets": null, "diet:gluten_free": null, "diet:lactose_free": null, "post_office:id_check": null, "post_office:oversized_item": null, "post_office:packaging": null, "post_office:parcel_from": null, "post_office:parcel_pickup": null, "post_office:parcel_to": null, "post_office:post_bank": null, "post_office:stamps": null, "payment:visa_electron": null, "fair_trade": null, "reusable_packaging:accept": null, "payment:cryptocurrencies": null, "building": null, "building:levels": null, "roof:shape": null, "vending": null, "building:roof": null, "roof:colour": null, "building:colour": null, "height": null, "roof:levels": null, "roof:height": null, "drink:coffee": null, "contact:facebook": null, "delivery": null, "contact:instagram": null, "payment:netto_app": null, "landuse": null, "indoor": null, "name:ru": null, "room": null }, "geometry": { "type": "Point", "coordinates": [ 13.7768851, 51.0679008 ] } },
{ "type": "Feature", "properties": { "element": "node", "id": 281169827, "addr:city": null, "addr:housenumber": "1", "addr:postcode": null, "addr:street": "Heideblick", "brand": "Netto Marken-Discount", "brand:wikidata": "Q879858", "brand:wikipedia": null, "check_date:opening_hours": "2024-03-02", "level": null, "name": "Netto Marken-Discount", "opening_hours": "Mo-Sa 07:00-22:00", "shop": "supermarket", "wheelchair": "yes", "internet_access": null, "internet_access:access": null, "internet_access:fee": null, "operator": "Netto Marken-Discount AG & Co. KG", "phone": null, "website": null, "addr:country": null, "check_date": null, "email": null, "payment:mastercard": null, "payment:visa": null, "payment:cash": null, "payment:girocard": null, "payment:maestro": null, "self_checkout": null, "ref:vatin": null, "payment:credit_cards": null, "operator:tax": null, "ref": null, "diet:halal": null, "diet:kosher": null, "lastcheck": null, "access": null, "entrance": null, "cash_withdrawal": null, "cash_withdrawal:purchase_minimum": null, "cash_withdrawal:purchase_required": null, "cash_withdrawal:type": null, "drink:bionade": null, "drink:bionade_mate": null, "drink:charitea_mate": null, "drink:club-mate": null, "drink:club-mate_icetea": null, "drink:fritz-kola": null, "drink:fritz-limo": null, "drink:fritz-mischmasch": null, "drink:kolle-kolla": null, "drink:kolle-zotrine": null, "drink:lemonaid": null, "drink:mio_mio_cola": null, "drink:mio_mio_mate": null, "drink:vita_cola": null, "organic": null, "payment:contactless": null, "stroller": null, "start_date": null, "old_name": null, "contact:website": "https://www.netto-online.de/filialen/Dresden/Heideblick-1/4760/", "layer": null, "toilets:wheelchair": null, "source": null, "payment:app": null, "payment:apple_pay": null, "payment:cards": null, "payment:coins": null, "payment:google_pay": null, "payment:visa_debit": null, "origin": null, "drink:charitea": null, "drink:kolle-jolle-mate": null, "drink:kolle-mate": null, "payment:debit_cards": null, "operator:wikidata": null, "drink:vita_limo": null, "contact:phone": null, "cash_withdrawal:limit": null, "post_office": null, "post_office:brand": null, "post_office:service_provider": null, "bulk_purchase": null, "dog": null, "air_conditioning": null, "payment:notes": null, "ref:rewe": null, "addr:suburb": null, "membership": null, "access:covid19": null, "alt_name": null, "delivery:covid19": null, "takeaway:covid19": null, "discount:students": null, "currency:EUR": null, "internet_access:password": null, "internet_access:ssid": null, "post_office:brand:wikidata": null, "post_office:brand:wikipedia": null, "ref:deutsche_post": null, "description": null, "payment:mastercard_contactless": null, "payment:sodexo": null, "payment:v_pay": null, "fax": null, "drink:club-mate_granat": null, "opening_date": null, "payment:account_cards": null, "payment:payback_app": null, "wheelchair:description:de": null, "note": null, "cuisine": null, "diet:vegan": null, "diet:vegetarian": null, "contact:email": null, "branch": null, "short_name": null, "drink:kolle-kilimo": null, "drink:kombucha": null, "drink:sake": null, "drinking_water:refill": null, "drinking_water:refill:network": null, "payment:vpay": null, "payment:american_express": null, "source:name": null, "toilets": null, "diet:gluten_free": null, "diet:lactose_free": null, "post_office:id_check": null, "post_office:oversized_item": null, "post_office:packaging": null, "post_office:parcel_from": null, "post_office:parcel_pickup": null, "post_office:parcel_to": null, "post_office:post_bank": null, "post_office:stamps": null, "payment:visa_electron": null, "fair_trade": null, "reusable_packaging:accept": null, "payment:cryptocurrencies": null, "building": null, "building:levels": null, "roof:shape": null, "vending": null, "building:roof": null, "roof:colour": null, "building:colour": null, "height": null, "roof:levels": null, "roof:height": null, "drink:coffee": null, "contact:facebook": null, "delivery": null, "contact:instagram": null, "payment:netto_app": null, "landuse": null, "indoor": null, "name:ru": null, "room": null }, "geometry": { "type": "Point", "coordinates": [ 13.7874635, 51.0703775 ] } },
{ "type": "Feature", "properties": { "element": "node", "id": 294146950, "addr:city": "Dresden", "addr:housenumber": "34", "addr:postcode": "01069", "addr:street": "Pillnitzer Straße", "brand": "CAP", "brand:wikidata": "Q1022827", "brand:wikipedia": "de:CAP (Markt)", "check_date:opening_hours": "2022-06-26", "level": null, "name": "CAP-Markt", "opening_hours": "Mo-Sa 08:00-20:00", "shop": "supermarket", "wheelchair": "yes", "internet_access": null, "internet_access:access": null, "internet_access:fee": null, "operator": null, "phone": "+49 351 2029692", "website": null, "addr:country": null, "check_date": null, "email": null, "payment:mastercard": null, "payment:visa": null, "payment:cash": null, "payment:girocard": null, "payment:maestro": null, "self_checkout": null, "ref:vatin": null, "payment:credit_cards": null, "operator:tax": null, "ref": null, "diet:halal": null, "diet:kosher": null, "lastcheck": null, "access": null, "entrance": null, "cash_withdrawal": null, "cash_withdrawal:purchase_minimum": null, "cash_withdrawal:purchase_required": null, "cash_withdrawal:type": null, "drink:bionade": null, "drink:bionade_mate": null, "drink:charitea_mate": null, "drink:club-mate": null, "drink:club-mate_icetea": null, "drink:fritz-kola": null, "drink:fritz-limo": null, "drink:fritz-mischmasch": null, "drink:kolle-kolla": null, "drink:kolle-zotrine": null, "drink:lemonaid": null, "drink:mio_mio_cola": null, "drink:mio_mio_mate": null, "drink:vita_cola": null, "organic": null, "payment:contactless": null, "stroller": null, "start_date": null, "old_name": null, "contact:website": null, "layer": "2", "toilets:wheelchair": "no", "source": null, "payment:app": null, "payment:apple_pay": null, "payment:cards": null, "payment:coins": null, "payment:google_pay": null, "payment:visa_debit": null, "origin": null, "drink:charitea": null, "drink:kolle-jolle-mate": null, "drink:kolle-mate": null, "payment:debit_cards": null, "operator:wikidata": null, "drink:vita_limo": null, "contact:phone": null, "cash_withdrawal:limit": null, "post_office": null, "post_office:brand": null, "post_office:service_provider": null, "bulk_purchase": null, "dog": null, "air_conditioning": null, "payment:notes": null, "ref:rewe": null, "addr:suburb": null, "membership": null, "access:covid19": null, "alt_name": null, "delivery:covid19": null, "takeaway:covid19": null, "discount:students": null, "currency:EUR": null, "internet_access:password": null, "internet_access:ssid": null, "post_office:brand:wikidata": null, "post_office:brand:wikipedia": null, "ref:deutsche_post": null, "description": null, "payment:mastercard_contactless": null, "payment:sodexo": null, "payment:v_pay": null, "fax": null, "drink:club-mate_granat": null, "opening_date": null, "payment:account_cards": null, "payment:payback_app": null, "wheelchair:description:de": null, "note": null, "cuisine": null, "diet:vegan": null, "diet:vegetarian": null, "contact:email": null, "branch": null, "short_name": null, "drink:kolle-kilimo": null, "drink:kombucha": null, "drink:sake": null, "drinking_water:refill": null, "drinking_water:refill:network": null, "payment:vpay": null, "payment:american_express": null, "source:name": null, "toilets": null, "diet:gluten_free": null, "diet:lactose_free": null, "post_office:id_check": null, "post_office:oversized_item": null, "post_office:packaging": null, "post_office:parcel_from": null, "post_office:parcel_pickup": null, "post_office:parcel_to": null, "post_office:post_bank": null, "post_office:stamps": null, "payment:visa_electron": null, "fair_trade": null, "reusable_packaging:accept": null, "payment:cryptocurrencies": null, "building": null, "building:levels": null, "roof:shape": null, "vending": null, "building:roof": null, "roof:colour": null, "building:colour": null, "height": null, "roof:levels": null, "roof:height": null, "drink:coffee": null, "contact:facebook": null, "delivery": null, "contact:instagram": null, "payment:netto_app": null, "landuse": null, "indoor": null, "name:ru": null, "room": null }, "geometry": { "type": "Point", "coordinates": [ 13.754609, 51.0499029 ] } },
{ "type": "Feature", "properties": { "element": "node", "id": 297458517, "addr:city": "Dresden", "addr:housenumber": "13", "addr:postcode": "01239", "addr:street": "Jacob-Winter-Platz", "brand": "EDEKA", "brand:wikidata": "Q701755", "brand:wikipedia": "de:Edeka", "check_date:opening_hours": null, "level": "0", "name": "EDEKA", "opening_hours": "Mo-Sa 08:00-20:00; Su,PH off", "shop": "supermarket", "wheelchair": "yes", "internet_access": null, "internet_access:access": null, "internet_access:fee": null, "operator": null, "phone": "+49 351 2879758", "website": null, "addr:country": null, "check_date": null, "email": null, "payment:mastercard": null, "payment:visa": null, "payment:cash": null, "payment:girocard": null, "payment:maestro": null, "self_checkout": null, "ref:vatin": null, "payment:credit_cards": null, "operator:tax": null, "ref": null, "diet:halal": null, "diet:kosher": null, "lastcheck": null, "access": null, "entrance": null, "cash_withdrawal": null, "cash_withdrawal:purchase_minimum": null, "cash_withdrawal:purchase_required": null, "cash_withdrawal:type": null, "drink:bionade": null, "drink:bionade_mate": null, "drink:charitea_mate": null, "drink:club-mate": "no", "drink:club-mate_icetea": null, "drink:fritz-kola": "yes", "drink:fritz-limo": null, "drink:fritz-mischmasch": null, "drink:kolle-kolla": null, "drink:kolle-zotrine": null, "drink:lemonaid": null, "drink:mio_mio_cola": null, "drink:mio_mio_mate": null, "drink:vita_cola": null, "organic": null, "payment:contactless": null, "stroller": null, "start_date": null, "old_name": null, "contact:website": null, "layer": null, "toilets:wheelchair": null, "source": null, "payment:app": null, "payment:apple_pay": null, "payment:cards": null, "payment:coins": null, "payment:google_pay": null, "payment:visa_debit": null, "origin": null, "drink:charitea": null, "drink:kolle-jolle-mate": null, "drink:kolle-mate": null, "payment:debit_cards": null, "operator:wikidata": null, "drink:vita_limo": null, "contact:phone": null, "cash_withdrawal:limit": null, "post_office": null, "post_office:brand": null, "post_office:service_provider": null, "bulk_purchase": null, "dog": null, "air_conditioning": null, "payment:notes": null, "ref:rewe": null, "addr:suburb": null, "membership": null, "access:covid19": null, "alt_name": null, "delivery:covid19": null, "takeaway:covid19": null, "discount:students": null, "currency:EUR": null, "internet_access:password": null, "internet_access:ssid": null, "post_office:brand:wikidata": null, "post_office:brand:wikipedia": null, "ref:deutsche_post": null, "description": null, "payment:mastercard_contactless": null, "payment:sodexo": null, "payment:v_pay": null, "fax": null, "drink:club-mate_granat": null, "opening_date": null, "payment:account_cards": null, "payment:payback_app": null, "wheelchair:description:de": null, "note": null, "cuisine": null, "diet:vegan": null, "diet:vegetarian": null, "contact:email": null, "branch": null, "short_name": null, "drink:kolle-kilimo": null, "drink:kombucha": null, "drink:sake": null, "drinking_water:refill": null, "drinking_water:refill:network": null, "payment:vpay": null, "payment:american_express": null, "source:name": null, "toilets": null, "diet:gluten_free": null, "diet:lactose_free": null, "post_office:id_check": null, "post_office:oversized_item": null, "post_office:packaging": null, "post_office:parcel_from": null, "post_office:parcel_pickup": null, "post_office:parcel_to": null, "post_office:post_bank": null, "post_office:stamps": null, "payment:visa_electron": null, "fair_trade": null, "reusable_packaging:accept": null, "payment:cryptocurrencies": null, "building": null, "building:levels": null, "roof:shape": null, "vending": null, "building:roof": null, "roof:colour": null, "building:colour": null, "height": null, "roof:levels": null, "roof:height": null, "drink:coffee": null, "contact:facebook": null, "delivery": null, "contact:instagram": null, "payment:netto_app": null, "landuse": null, "indoor": null, "name:ru": null, "room": null }, "geometry": { "type": "Point", "coordinates": [ 13.7967658, 51.0063456 ] } },
{ "type": "Feature", "properties": { "element": "node", "id": 297492721, "addr:city": "Dresden", "addr:housenumber": "52", "addr:postcode": "01277", "addr:street": "Altenberger Straße", "brand": "Netto Marken-Discount", "brand:wikidata": "Q879858", "brand:wikipedia": "de:Netto Marken-Discount", "check_date:opening_hours": null, "level": null, "name": "Netto Marken-Discount", "opening_hours": "Mo-Sa 07:00-20:00", "shop": "supermarket", "wheelchair": "yes", "internet_access": null, "internet_access:access": null, "internet_access:fee": null, "operator": null, "phone": null, "website": "https://www.netto-online.de/filialen/Dresden-Striesen-Ost/Altenberger-Str-52/4888/", "addr:country": "DE", "check_date": null, "email": null, "payment:mastercard": null, "payment:visa": null, "payment:cash": null, "payment:girocard": null, "payment:maestro": null, "self_checkout": null, "ref:vatin": null, "payment:credit_cards": null, "operator:tax": null, "ref": null, "diet:halal": null, "diet:kosher": null, "lastcheck": null, "access": null, "entrance": null, "cash_withdrawal": null, "cash_withdrawal:purchase_minimum": null, "cash_withdrawal:purchase_required": null, "cash_withdrawal:type": null, "drink:bionade": null, "drink:bionade_mate": null, "drink:charitea_mate": null, "drink:club-mate": null, "drink:club-mate_icetea": null, "drink:fritz-kola": null, "drink:fritz-limo": null, "drink:fritz-mischmasch": null, "drink:kolle-kolla": null, "drink:kolle-zotrine": null, "drink:lemonaid": null, "drink:mio_mio_cola": null, "drink:mio_mio_mate": null, "drink:vita_cola": null, "organic": null, "payment:contactless": null, "stroller": null, "start_date": null, "old_name": null, "contact:website": null, "layer": null, "toilets:wheelchair": null, "source": null, "payment:app": null, "payment:apple_pay": null, "payment:cards": null, "payment:coins": null, "payment:google_pay": null, "payment:visa_debit": null, "origin": null, "drink:charitea": null, "drink:kolle-jolle-mate": null, "drink:kolle-mate": null, "payment:debit_cards": null, "operator:wikidata": null, "drink:vita_limo": null, "contact:phone": null, "cash_withdrawal:limit": null, "post_office": null, "post_office:brand": null, "post_office:service_provider": null, "bulk_purchase": null, "dog": null, "air_conditioning": null, "payment:notes": null, "ref:rewe": null, "addr:suburb": null, "membership": null, "access:covid19": null, "alt_name": null, "delivery:covid19": null, "takeaway:covid19": null, "discount:students": null, "currency:EUR": null, "internet_access:password": null, "internet_access:ssid": null, "post_office:brand:wikidata": null, "post_office:brand:wikipedia": null, "ref:deutsche_post": null, "description": null, "payment:mastercard_contactless": null, "payment:sodexo": null, "payment:v_pay": null, "fax": null, "drink:club-mate_granat": null, "opening_date": null, "payment:account_cards": null, "payment:payback_app": null, "wheelchair:description:de": null, "note": null, "cuisine": null, "diet:vegan": null, "diet:vegetarian": null, "contact:email": null, "branch": null, "short_name": null, "drink:kolle-kilimo": null, "drink:kombucha": null, "drink:sake": null, "drinking_water:refill": null, "drinking_water:refill:network": null, "payment:vpay": null, "payment:american_express": null, "source:name": null, "toilets": null, "diet:gluten_free": null, "diet:lactose_free": null, "post_office:id_check": null, "post_office:oversized_item": null, "post_office:packaging": null, "post_office:parcel_from": null, "post_office:parcel_pickup": null, "post_office:parcel_to": null, "post_office:post_bank": null, "post_office:stamps": null, "payment:visa_electron": null, "fair_trade": null, "reusable_packaging:accept": null, "payment:cryptocurrencies": null, "building": null, "building:levels": null, "roof:shape": null, "vending": null, "building:roof": null, "roof:colour": null, "building:colour": null, "height": null, "roof:levels": null, "roof:height": null, "drink:coffee": null, "contact:facebook": null, "delivery": null, "contact:instagram": null, "payment:netto_app": null, "landuse": null, "indoor": null, "name:ru": null, "room": null }, "geometry": { "type": "Point", "coordinates": [ 13.8068169, 51.0358579 ] } },
{ "type": "Feature", "properties": { "element": "node", "id": 298196641, "addr:city": "Dresden", "addr:housenumber": "28", "addr:postcode": "01099", "addr:street": "Königsbrücker Straße", "brand": "Netto Marken-Discount", "brand:wikidata": "Q879858", "brand:wikipedia": "de:Netto Marken-Discount", "check_date:opening_hours": "2023-05-21", "level": null, "name": "Netto Marken-Discount", "opening_hours": "Mo-Sa 07:00-22:00", "shop": "supermarket", "wheelchair": "yes", "internet_access": null, "internet_access:access": null, "internet_access:fee": null, "operator": null, "phone": null, "website": "https://www.netto-online.de/filialen/Dresden/Koenigsbruecker-Str-28/8674/", "addr:country": "DE", "check_date": "2024-04-12", "email": null, "payment:mastercard": null, "payment:visa": null, "payment:cash": null, "payment:girocard": null, "payment:maestro": null, "self_checkout": null, "ref:vatin": null, "payment:credit_cards": null, "operator:tax": null, "ref": null, "diet:halal": null, "diet:kosher": null, "lastcheck": null, "access": null, "entrance": null, "cash_withdrawal": null, "cash_withdrawal:purchase_minimum": null, "cash_withdrawal:purchase_required": null, "cash_withdrawal:type": null, "drink:bionade": null, "drink:bionade_mate": null, "drink:charitea_mate": null, "drink:club-mate": null, "drink:club-mate_icetea": null, "drink:fritz-kola": null, "drink:fritz-limo": null, "drink:fritz-mischmasch": null, "drink:kolle-kolla": null, "drink:kolle-zotrine": null, "drink:lemonaid": null, "drink:mio_mio_cola": null, "drink:mio_mio_mate": null, "drink:vita_cola": null, "organic": null, "payment:contactless": null, "stroller": null, "start_date": null, "old_name": null, "contact:website": null, "layer": null, "toilets:wheelchair": null, "source": "extrapolation", "payment:app": null, "payment:apple_pay": null, "payment:cards": null, "payment:coins": null, "payment:google_pay": null, "payment:visa_debit": null, "origin": null, "drink:charitea": null, "drink:kolle-jolle-mate": null, "drink:kolle-mate": null, "payment:debit_cards": null, "operator:wikidata": null, "drink:vita_limo": null, "contact:phone": null, "cash_withdrawal:limit": null, "post_office": null, "post_office:brand": null, "post_office:service_provider": null, "bulk_purchase": null, "dog": null, "air_conditioning": null, "payment:notes": null, "ref:rewe": null, "addr:suburb": null, "membership": null, "access:covid19": null, "alt_name": null, "delivery:covid19": null, "takeaway:covid19": null, "discount:students": null, "currency:EUR": null, "internet_access:password": null, "internet_access:ssid": null, "post_office:brand:wikidata": null, "post_office:brand:wikipedia": null, "ref:deutsche_post": null, "description": null, "payment:mastercard_contactless": null, "payment:sodexo": null, "payment:v_pay": null, "fax": null, "drink:club-mate_granat": null, "opening_date": null, "payment:account_cards": null, "payment:payback_app": null, "wheelchair:description:de": null, "note": null, "cuisine": null, "diet:vegan": null, "diet:vegetarian": null, "contact:email": null, "branch": null, "short_name": null, "drink:kolle-kilimo": null, "drink:kombucha": null, "drink:sake": null, "drinking_water:refill": null, "drinking_water:refill:network": null, "payment:vpay": null, "payment:american_express": null, "source:name": null, "toilets": null, "diet:gluten_free": null, "diet:lactose_free": null, "post_office:id_check": null, "post_office:oversized_item": null, "post_office:packaging": null, "post_office:parcel_from": null, "post_office:parcel_pickup": null, "post_office:parcel_to": null, "post_office:post_bank": null, "post_office:stamps": null, "payment:visa_electron": null, "fair_trade": null, "reusable_packaging:accept": null, "payment:cryptocurrencies": null, "building": null, "building:levels": null, "roof:shape": null, "vending": null, "building:roof": null, "roof:colour": null, "building:colour": null, "height": null, "roof:levels": null, "roof:height": null, "drink:coffee": null, "contact:facebook": null, "delivery": null, "contact:instagram": null, "payment:netto_app": null, "landuse": null, "indoor": null, "name:ru": null, "room": null }, "geometry": { "type": "Point", "coordinates": [ 13.7478211, 51.0675553 ] } },
{ "type": "Feature", "properties": { "element": "node", "id": 305976086, "addr:city": "Dresden", "addr:housenumber": "1", "addr:postcode": "01109", "addr:street": "Sagarder Weg", "brand": "Netto Marken-Discount", "brand:wikidata": "Q879858", "brand:wikipedia": "de:Netto Marken-Discount", "check_date:opening_hours": "2025-01-23", "level": null, "name": "Netto Marken-Discount", "opening_hours": "Mo-Sa 07:00-21:00", "shop": "supermarket", "wheelchair": "yes", "internet_access": "wlan", "internet_access:access": "customers", "internet_access:fee": "no", "operator": null, "phone": null, "website": "https://www.netto-online.de/filialen/Dresden/Sagarder-Weg-1/4998/", "addr:country": "DE", "check_date": null, "email": null, "payment:mastercard": null, "payment:visa": "yes", "payment:cash": "yes", "payment:girocard": "yes", "payment:maestro": null, "self_checkout": null, "ref:vatin": null, "payment:credit_cards": "yes", "operator:tax": null, "ref": null, "diet:halal": null, "diet:kosher": null, "lastcheck": null, "access": null, "entrance": null, "cash_withdrawal": null, "cash_withdrawal:purchase_minimum": null, "cash_withdrawal:purchase_required": null, "cash_withdrawal:type": null, "drink:bionade": null, "drink:bionade_mate": null, "drink:charitea_mate": null, "drink:club-mate": null, "drink:club-mate_icetea": null, "drink:fritz-kola": null, "drink:fritz-limo": null, "drink:fritz-mischmasch": null, "drink:kolle-kolla": null, "drink:kolle-zotrine": null, "drink:lemonaid": null, "drink:mio_mio_cola": null, "drink:mio_mio_mate": null, "drink:vita_cola": null, "organic": null, "payment:contactless": "yes", "stroller": null, "start_date": null, "old_name": null, "contact:website": null, "layer": null, "toilets:wheelchair": null, "source": null, "payment:app": "yes", "payment:apple_pay": "yes", "payment:cards": "yes", "payment:coins": "yes", "payment:google_pay": "yes", "payment:visa_debit": "yes", "origin": null, "drink:charitea": null, "drink:kolle-jolle-mate": null, "drink:kolle-mate": null, "payment:debit_cards": null, "operator:wikidata": null, "drink:vita_limo": null, "contact:phone": null, "cash_withdrawal:limit": null, "post_office": null, "post_office:brand": null, "post_office:service_provider": null, "bulk_purchase": null, "dog": null, "air_conditioning": null, "payment:notes": null, "ref:rewe": null, "addr:suburb": null, "membership": null, "access:covid19": null, "alt_name": null, "delivery:covid19": null, "takeaway:covid19": null, "discount:students": null, "currency:EUR": null, "internet_access:password": null, "internet_access:ssid": null, "post_office:brand:wikidata": null, "post_office:brand:wikipedia": null, "ref:deutsche_post": null, "description": null, "payment:mastercard_contactless": null, "payment:sodexo": null, "payment:v_pay": null, "fax": null, "drink:club-mate_granat": null, "opening_date": null, "payment:account_cards": null, "payment:payback_app": null, "wheelchair:description:de": null, "note": null, "cuisine": null, "diet:vegan": null, "diet:vegetarian": null, "contact:email": null, "branch": null, "short_name": null, "drink:kolle-kilimo": null, "drink:kombucha": null, "drink:sake": null, "drinking_water:refill": null, "drinking_water:refill:network": null, "payment:vpay": null, "payment:american_express": null, "source:name": null, "toilets": null, "diet:gluten_free": null, "diet:lactose_free": null, "post_office:id_check": null, "post_office:oversized_item": null, "post_office:packaging": null, "post_office:parcel_from": null, "post_office:parcel_pickup": null, "post_office:parcel_to": null, "post_office:post_bank": null, "post_office:stamps": null, "payment:visa_electron": null, "fair_trade": null, "reusable_packaging:accept": null, "payment:cryptocurrencies": null, "building": null, "building:levels": null, "roof:shape": null, "vending": null, "building:roof": null, "roof:colour": null, "building:colour": null, "height": null, "roof:levels": null, "roof:height": null, "drink:coffee": null, "contact:facebook": null, "delivery": null, "contact:instagram": null, "payment:netto_app": null, "landuse": null, "indoor": null, "name:ru": null, "room": null }, "geometry": { "type": "Point", "coordinates": [ 13.7850199, 51.1230276 ] } },
{ "type": "Feature", "properties": { "element": "node", "id": 307001005, "addr:city": "Dresden", "addr:housenumber": "7", "addr:postcode": "01067", "addr:street": "Gewandhausstraße", "brand": null, "brand:wikidata": null, "brand:wikipedia": null, "check_date:opening_hours": null, "level": null, "name": "Jasmina - Orientalische Lebensmittel", "opening_hours": null, "shop": "supermarket", "wheelchair": null, "internet_access": null, "internet_access:access": null, "internet_access:fee": null, "operator": null, "phone": null, "website": null, "addr:country": "DE", "check_date": null, "email": null, "payment:mastercard": null, "payment:visa": null, "payment:cash": null, "payment:girocard": null, "payment:maestro": null, "self_checkout": null, "ref:vatin": null, "payment:credit_cards": null, "operator:tax": null, "ref": null, "diet:halal": null, "diet:kosher": null, "lastcheck": null, "access": null, "entrance": null, "cash_withdrawal": null, "cash_withdrawal:purchase_minimum": null, "cash_withdrawal:purchase_required": null, "cash_withdrawal:type": null, "drink:bionade": null, "drink:bionade_mate": null, "drink:charitea_mate": null, "drink:club-mate": null, "drink:club-mate_icetea": null, "drink:fritz-kola": null, "drink:fritz-limo": null, "drink:fritz-mischmasch": null, "drink:kolle-kolla": null, "drink:kolle-zotrine": null, "drink:lemonaid": null, "drink:mio_mio_cola": null, "drink:mio_mio_mate": null, "drink:vita_cola": null, "organic": null, "payment:contactless": null, "stroller": null, "start_date": null, "old_name": null, "contact:website": null, "layer": null, "toilets:wheelchair": null, "source": null, "payment:app": null, "payment:apple_pay": null, "payment:cards": null, "payment:coins": null, "payment:google_pay": null, "payment:visa_debit": null, "origin": "oriental", "drink:charitea": null, "drink:kolle-jolle-mate": null, "drink:kolle-mate": null, "payment:debit_cards": null, "operator:wikidata": null, "drink:vita_limo": null, "contact:phone": null, "cash_withdrawal:limit": null, "post_office": null, "post_office:brand": null, "post_office:service_provider": null, "bulk_purchase": null, "dog": null, "air_conditioning": null, "payment:notes": null, "ref:rewe": null, "addr:suburb": null, "membership": null, "access:covid19": null, "alt_name": null, "delivery:covid19": null, "takeaway:covid19": null, "discount:students": null, "currency:EUR": null, "internet_access:password": null, "internet_access:ssid": null, "post_office:brand:wikidata": null, "post_office:brand:wikipedia": null, "ref:deutsche_post": null, "description": null, "payment:mastercard_contactless": null, "payment:sodexo": null, "payment:v_pay": null, "fax": null, "drink:club-mate_granat": null, "opening_date": null, "payment:account_cards": null, "payment:payback_app": null, "wheelchair:description:de": null, "note": null, "cuisine": null, "diet:vegan": null, "diet:vegetarian": null, "contact:email": null, "branch": null, "short_name": null, "drink:kolle-kilimo": null, "drink:kombucha": null, "drink:sake": null, "drinking_water:refill": null, "drinking_water:refill:network": null, "payment:vpay": null, "payment:american_express": null, "source:name": null, "toilets": null, "diet:gluten_free": null, "diet:lactose_free": null, "post_office:id_check": null, "post_office:oversized_item": null, "post_office:packaging": null, "post_office:parcel_from": null, "post_office:parcel_pickup": null, "post_office:parcel_to": null, "post_office:post_bank": null, "post_office:stamps": null, "payment:visa_electron": null, "fair_trade": null, "reusable_packaging:accept": null, "payment:cryptocurrencies": null, "building": null, "building:levels": null, "roof:shape": null, "vending": null, "building:roof": null, "roof:colour": null, "building:colour": null, "height": null, "roof:levels": null, "roof:height": null, "drink:coffee": null, "contact:facebook": null, "delivery": null, "contact:instagram": null, "payment:netto_app": null, "landuse": null, "indoor": null, "name:ru": null, "room": null }, "geometry": { "type": "Point", "coordinates": [ 13.7418205, 51.0489849 ] } },
{ "type": "Feature", "properties": { "element": "node", "id": 312903042, "addr:city": null, "addr:housenumber": null, "addr:postcode": null, "addr:street": null, "brand": "Norma", "brand:wikidata": "Q450180", "brand:wikipedia": "de:Norma (Supermarkt)", "check_date:opening_hours": "2025-02-18", "level": "-1", "name": "Norma", "opening_hours": "Mo-Sa 07:00-21:00", "shop": "supermarket", "wheelchair": "yes", "internet_access": null, "internet_access:access": null, "internet_access:fee": null, "operator": null, "phone": null, "website": null, "addr:country": null, "check_date": null, "email": null, "payment:mastercard": null, "payment:visa": null, "payment:cash": null, "payment:girocard": null, "payment:maestro": null, "self_checkout": null, "ref:vatin": null, "payment:credit_cards": "yes", "operator:tax": null, "ref": null, "diet:halal": null, "diet:kosher": null, "lastcheck": null, "access": null, "entrance": null, "cash_withdrawal": null, "cash_withdrawal:purchase_minimum": null, "cash_withdrawal:purchase_required": null, "cash_withdrawal:type": null, "drink:bionade": null, "drink:bionade_mate": null, "drink:charitea_mate": null, "drink:club-mate": null, "drink:club-mate_icetea": null, "drink:fritz-kola": null, "drink:fritz-limo": null, "drink:fritz-mischmasch": null, "drink:kolle-kolla": null, "drink:kolle-zotrine": null, "drink:lemonaid": null, "drink:mio_mio_cola": null, "drink:mio_mio_mate": null, "drink:vita_cola": null, "organic": "yes", "payment:contactless": null, "stroller": null, "start_date": null, "old_name": null, "contact:website": null, "layer": null, "toilets:wheelchair": null, "source": null, "payment:app": null, "payment:apple_pay": null, "payment:cards": null, "payment:coins": null, "payment:google_pay": null, "payment:visa_debit": null, "origin": null, "drink:charitea": null, "drink:kolle-jolle-mate": null, "drink:kolle-mate": null, "payment:debit_cards": null, "operator:wikidata": null, "drink:vita_limo": null, "contact:phone": null, "cash_withdrawal:limit": null, "post_office": null, "post_office:brand": null, "post_office:service_provider": null, "bulk_purchase": null, "dog": null, "air_conditioning": null, "payment:notes": null, "ref:rewe": null, "addr:suburb": null, "membership": null, "access:covid19": null, "alt_name": null, "delivery:covid19": null, "takeaway:covid19": null, "discount:students": null, "currency:EUR": null, "internet_access:password": null, "internet_access:ssid": null, "post_office:brand:wikidata": null, "post_office:brand:wikipedia": null, "ref:deutsche_post": null, "description": null, "payment:mastercard_contactless": null, "payment:sodexo": null, "payment:v_pay": null, "fax": null, "drink:club-mate_granat": null, "opening_date": null, "payment:account_cards": null, "payment:payback_app": null, "wheelchair:description:de": null, "note": null, "cuisine": null, "diet:vegan": null, "diet:vegetarian": null, "contact:email": null, "branch": null, "short_name": null, "drink:kolle-kilimo": null, "drink:kombucha": null, "drink:sake": null, "drinking_water:refill": null, "drinking_water:refill:network": null, "payment:vpay": null, "payment:american_express": null, "source:name": null, "toilets": null, "diet:gluten_free": null, "diet:lactose_free": null, "post_office:id_check": null, "post_office:oversized_item": null, "post_office:packaging": null, "post_office:parcel_from": null, "post_office:parcel_pickup": null, "post_office:parcel_to": null, "post_office:post_bank": null, "post_office:stamps": null, "payment:visa_electron": null, "fair_trade": null, "reusable_packaging:accept": null, "payment:cryptocurrencies": null, "building": null, "building:levels": null, "roof:shape": null, "vending": null, "building:roof": null, "roof:colour": null, "building:colour": null, "height": null, "roof:levels": null, "roof:height": null, "drink:coffee": null, "contact:facebook": null, "delivery": null, "contact:instagram": null, "payment:netto_app": null, "landuse": null, "indoor": null, "name:ru": null, "room": null }, "geometry": { "type": "Point", "coordinates": [ 13.7435568, 51.0239779 ] } },
{ "type": "Feature", "properties": { "element": "node", "id": 313743458, "addr:city": "Dresden", "addr:housenumber": "34", "addr:postcode": "01099", "addr:street": "Königsbrücker Straße", "brand": "Bio Company", "brand:wikidata": "Q864179", "brand:wikipedia": "de:Bio Company", "check_date:opening_hours": "2024-10-17", "level": "0", "name": "Bio Company", "opening_hours": "Mo-Sa 08:00-21:00", "shop": "supermarket", "wheelchair": "yes", "internet_access": null, "internet_access:access": null, "internet_access:fee": null, "operator": null, "phone": "+49 351 40754850", "website": "https://www.biocompany.de/", "addr:country": "DE", "check_date": "2024-10-17", "email": null, "payment:mastercard": null, "payment:visa": null, "payment:cash": "yes", "payment:girocard": null, "payment:maestro": null, "self_checkout": null, "ref:vatin": null, "payment:credit_cards": "yes", "operator:tax": null, "ref": null, "diet:halal": null, "diet:kosher": null, "lastcheck": null, "access": null, "entrance": null, "cash_withdrawal": null, "cash_withdrawal:purchase_minimum": null, "cash_withdrawal:purchase_required": null, "cash_withdrawal:type": null, "drink:bionade": null, "drink:bionade_mate": null, "drink:charitea_mate": null, "drink:club-mate": null, "drink:club-mate_icetea": null, "drink:fritz-kola": null, "drink:fritz-limo": null, "drink:fritz-mischmasch": null, "drink:kolle-kolla": null, "drink:kolle-zotrine": "bottled", "drink:lemonaid": "bottled", "drink:mio_mio_cola": null, "drink:mio_mio_mate": null, "drink:vita_cola": null, "organic": "only", "payment:contactless": null, "stroller": null, "start_date": null, "old_name": null, "contact:website": null, "layer": null, "toilets:wheelchair": null, "source": null, "payment:app": null, "payment:apple_pay": null, "payment:cards": null, "payment:coins": null, "payment:google_pay": null, "payment:visa_debit": null, "origin": null, "drink:charitea": "bottled", "drink:kolle-jolle-mate": "bottled", "drink:kolle-mate": "bottled", "payment:debit_cards": "yes", "operator:wikidata": null, "drink:vita_limo": null, "contact:phone": null, "cash_withdrawal:limit": null, "post_office": null, "post_office:brand": null, "post_office:service_provider": null, "bulk_purchase": null, "dog": null, "air_conditioning": null, "payment:notes": null, "ref:rewe": null, "addr:suburb": null, "membership": null, "access:covid19": null, "alt_name": null, "delivery:covid19": null, "takeaway:covid19": null, "discount:students": null, "currency:EUR": null, "internet_access:password": null, "internet_access:ssid": null, "post_office:brand:wikidata": null, "post_office:brand:wikipedia": null, "ref:deutsche_post": null, "description": null, "payment:mastercard_contactless": null, "payment:sodexo": null, "payment:v_pay": null, "fax": null, "drink:club-mate_granat": null, "opening_date": null, "payment:account_cards": null, "payment:payback_app": null, "wheelchair:description:de": null, "note": null, "cuisine": null, "diet:vegan": null, "diet:vegetarian": null, "contact:email": null, "branch": null, "short_name": null, "drink:kolle-kilimo": null, "drink:kombucha": null, "drink:sake": null, "drinking_water:refill": null, "drinking_water:refill:network": null, "payment:vpay": null, "payment:american_express": null, "source:name": null, "toilets": null, "diet:gluten_free": null, "diet:lactose_free": null, "post_office:id_check": null, "post_office:oversized_item": null, "post_office:packaging": null, "post_office:parcel_from": null, "post_office:parcel_pickup": null, "post_office:parcel_to": null, "post_office:post_bank": null, "post_office:stamps": null, "payment:visa_electron": null, "fair_trade": null, "reusable_packaging:accept": null, "payment:cryptocurrencies": null, "building": null, "building:levels": null, "roof:shape": null, "vending": null, "building:roof": null, "roof:colour": null, "building:colour": null, "height": null, "roof:levels": null, "roof:height": null, "drink:coffee": null, "contact:facebook": null, "delivery": null, "contact:instagram": null, "payment:netto_app": null, "landuse": null, "indoor": null, "name:ru": null, "room": null }, "geometry": { "type": "Point", "coordinates": [ 13.7480068, 51.0680778 ] } },
{ "type": "Feature", "properties": { "element": "node", "id": 314844764, "addr:city": null, "addr:housenumber": null, "addr:postcode": null, "addr:street": null, "brand": "Netto Marken-Discount", "brand:wikidata": "Q879858", "brand:wikipedia": "de:Netto Marken-Discount", "check_date:opening_hours": "2024-09-25", "level": null, "name": "Netto Marken-Discount", "opening_hours": "Mo-Sa 07:00-21:00", "shop": "supermarket", "wheelchair": "yes", "internet_access": "no", "internet_access:access": null, "internet_access:fee": null, "operator": "Netto Marken-Discount AG & Co. KG", "phone": null, "website": null, "addr:country": null, "check_date": "2024-09-25", "email": null, "payment:mastercard": "yes", "payment:visa": "yes", "payment:cash": null, "payment:girocard": null, "payment:maestro": "yes", "self_checkout": null, "ref:vatin": null, "payment:credit_cards": null, "operator:tax": null, "ref": null, "diet:halal": null, "diet:kosher": null, "lastcheck": null, "access": null, "entrance": null, "cash_withdrawal": null, "cash_withdrawal:purchase_minimum": null, "cash_withdrawal:purchase_required": null, "cash_withdrawal:type": null, "drink:bionade": null, "drink:bionade_mate": null, "drink:charitea_mate": null, "drink:club-mate": null, "drink:club-mate_icetea": null, "drink:fritz-kola": null, "drink:fritz-limo": null, "drink:fritz-mischmasch": null, "drink:kolle-kolla": null, "drink:kolle-zotrine": null, "drink:lemonaid": null, "drink:mio_mio_cola": null, "drink:mio_mio_mate": null, "drink:vita_cola": null, "organic": null, "payment:contactless": null, "stroller": null, "start_date": null, "old_name": null, "contact:website": "https://www.netto-online.de/filialen/Dresden-Loebtau/Luebecker-Str-20/4788/", "layer": null, "toilets:wheelchair": null, "source": null, "payment:app": null, "payment:apple_pay": null, "payment:cards": null, "payment:coins": null, "payment:google_pay": null, "payment:visa_debit": null, "origin": null, "drink:charitea": null, "drink:kolle-jolle-mate": null, "drink:kolle-mate": null, "payment:debit_cards": null, "operator:wikidata": null, "drink:vita_limo": null, "contact:phone": null, "cash_withdrawal:limit": null, "post_office": null, "post_office:brand": null, "post_office:service_provider": null, "bulk_purchase": null, "dog": null, "air_conditioning": null, "payment:notes": null, "ref:rewe": null, "addr:suburb": null, "membership": null, "access:covid19": null, "alt_name": null, "delivery:covid19": null, "takeaway:covid19": null, "discount:students": null, "currency:EUR": null, "internet_access:password": null, "internet_access:ssid": null, "post_office:brand:wikidata": null, "post_office:brand:wikipedia": null, "ref:deutsche_post": null, "description": null, "payment:mastercard_contactless": null, "payment:sodexo": null, "payment:v_pay": null, "fax": null, "drink:club-mate_granat": null, "opening_date": null, "payment:account_cards": null, "payment:payback_app": null, "wheelchair:description:de": null, "note": null, "cuisine": null, "diet:vegan": null, "diet:vegetarian": null, "contact:email": null, "branch": null, "short_name": null, "drink:kolle-kilimo": null, "drink:kombucha": null, "drink:sake": null, "drinking_water:refill": null, "drinking_water:refill:network": null, "payment:vpay": null, "payment:american_express": null, "source:name": null, "toilets": null, "diet:gluten_free": null, "diet:lactose_free": null, "post_office:id_check": null, "post_office:oversized_item": null, "post_office:packaging": null, "post_office:parcel_from": null, "post_office:parcel_pickup": null, "post_office:parcel_to": null, "post_office:post_bank": null, "post_office:stamps": null, "payment:visa_electron": null, "fair_trade": null, "reusable_packaging:accept": null, "payment:cryptocurrencies": null, "building": null, "building:levels": null, "roof:shape": null, "vending": null, "building:roof": null, "roof:colour": null, "building:colour": null, "height": null, "roof:levels": null, "roof:height": null, "drink:coffee": null, "contact:facebook": null, "delivery": null, "contact:instagram": null, "payment:netto_app": null, "landuse": null, "indoor": null, "name:ru": null, "room": null }, "geometry": { "type": "Point", "coordinates": [ 13.7019431, 51.0472929 ] } },
{ "type": "Feature", "properties": { "element": "node", "id": 320032769, "addr:city": "Dresden", "addr:housenumber": "33", "addr:postcode": "01139", "addr:street": "Peschelstraße", "brand": "Kaufland", "brand:wikidata": "Q685967", "brand:wikipedia": "en:Kaufland", "check_date:opening_hours": null, "level": "0", "name": "Kaufland", "opening_hours": "Mo-Th 07:00-22:00; Fr 07:00-22:00; Sa 07:00-22:00", "shop": "supermarket", "wheelchair": "yes", "internet_access": "wlan", "internet_access:access": null, "internet_access:fee": null, "operator": null, "phone": null, "website": null, "addr:country": null, "check_date": null, "email": null, "payment:mastercard": null, "payment:visa": null, "payment:cash": null, "payment:girocard": null, "payment:maestro": null, "self_checkout": null, "ref:vatin": null, "payment:credit_cards": null, "operator:tax": null, "ref": null, "diet:halal": null, "diet:kosher": null, "lastcheck": null, "access": null, "entrance": null, "cash_withdrawal": null, "cash_withdrawal:purchase_minimum": null, "cash_withdrawal:purchase_required": null, "cash_withdrawal:type": null, "drink:bionade": null, "drink:bionade_mate": null, "drink:charitea_mate": null, "drink:club-mate": null, "drink:club-mate_icetea": null, "drink:fritz-kola": null, "drink:fritz-limo": null, "drink:fritz-mischmasch": null, "drink:kolle-kolla": null, "drink:kolle-zotrine": null, "drink:lemonaid": null, "drink:mio_mio_cola": null, "drink:mio_mio_mate": null, "drink:vita_cola": null, "organic": null, "payment:contactless": null, "stroller": null, "start_date": null, "old_name": null, "contact:website": null, "layer": null, "toilets:wheelchair": null, "source": null, "payment:app": null, "payment:apple_pay": null, "payment:cards": null, "payment:coins": null, "payment:google_pay": null, "payment:visa_debit": null, "origin": null, "drink:charitea": null, "drink:kolle-jolle-mate": null, "drink:kolle-mate": null, "payment:debit_cards": null, "operator:wikidata": null, "drink:vita_limo": null, "contact:phone": null, "cash_withdrawal:limit": null, "post_office": null, "post_office:brand": null, "post_office:service_provider": null, "bulk_purchase": null, "dog": null, "air_conditioning": null, "payment:notes": null, "ref:rewe": null, "addr:suburb": null, "membership": null, "access:covid19": null, "alt_name": null, "delivery:covid19": null, "takeaway:covid19": null, "discount:students": null, "currency:EUR": null, "internet_access:password": null, "internet_access:ssid": null, "post_office:brand:wikidata": null, "post_office:brand:wikipedia": null, "ref:deutsche_post": null, "description": null, "payment:mastercard_contactless": null, "payment:sodexo": null, "payment:v_pay": null, "fax": null, "drink:club-mate_granat": null, "opening_date": null, "payment:account_cards": null, "payment:payback_app": null, "wheelchair:description:de": null, "note": null, "cuisine": null, "diet:vegan": null, "diet:vegetarian": null, "contact:email": null, "branch": null, "short_name": null, "drink:kolle-kilimo": null, "drink:kombucha": null, "drink:sake": null, "drinking_water:refill": null, "drinking_water:refill:network": null, "payment:vpay": null, "payment:american_express": null, "source:name": null, "toilets": null, "diet:gluten_free": null, "diet:lactose_free": null, "post_office:id_check": null, "post_office:oversized_item": null, "post_office:packaging": null, "post_office:parcel_from": null, "post_office:parcel_pickup": null, "post_office:parcel_to": null, "post_office:post_bank": null, "post_office:stamps": null, "payment:visa_electron": null, "fair_trade": null, "reusable_packaging:accept": null, "payment:cryptocurrencies": null, "building": null, "building:levels": null, "roof:shape": null, "vending": null, "building:roof": null, "roof:colour": null, "building:colour": null, "height": null, "roof:levels": null, "roof:height": null, "drink:coffee": null, "contact:facebook": null, "delivery": null, "contact:instagram": null, "payment:netto_app": null, "landuse": null, "indoor": null, "name:ru": null, "room": null }, "geometry": { "type": "Point", "coordinates": [ 13.6970004, 51.0850429 ] } },
{ "type": "Feature", "properties": { "element": "node", "id": 334618175, "addr:city": "Dresden", "addr:housenumber": "1", "addr:postcode": "01156", "addr:street": "Podemuser Ring", "brand": null, "brand:wikidata": null, "brand:wikipedia": null, "check_date:opening_hours": null, "level": null, "name": "Biomarkt Vorwerk Podemus", "opening_hours": "Mo-Fr 08:00-19:00; Sa 08:00-16:00; PH off", "shop": "supermarket", "wheelchair": "yes", "internet_access": null, "internet_access:access": null, "internet_access:fee": null, "operator": "Vorwerk Podemus", "phone": "+49 351 6587950", "website": "http://www.vorwerkpodemus.de/", "addr:country": "DE", "check_date": null, "email": "info@vorwerkpodemus.de", "payment:mastercard": null, "payment:visa": null, "payment:cash": null, "payment:girocard": null, "payment:maestro": null, "self_checkout": null, "ref:vatin": null, "payment:credit_cards": null, "operator:tax": null, "ref": null, "diet:halal": null, "diet:kosher": null, "lastcheck": null, "access": "yes", "entrance": "main", "cash_withdrawal": null, "cash_withdrawal:purchase_minimum": null, "cash_withdrawal:purchase_required": null, "cash_withdrawal:type": null, "drink:bionade": null, "drink:bionade_mate": null, "drink:charitea_mate": null, "drink:club-mate": null, "drink:club-mate_icetea": null, "drink:fritz-kola": null, "drink:fritz-limo": null, "drink:fritz-mischmasch": null, "drink:kolle-kolla": null, "drink:kolle-zotrine": null, "drink:lemonaid": null, "drink:mio_mio_cola": null, "drink:mio_mio_mate": null, "drink:vita_cola": null, "organic": "only", "payment:contactless": null, "stroller": null, "start_date": null, "old_name": null, "contact:website": null, "layer": null, "toilets:wheelchair": null, "source": null, "payment:app": null, "payment:apple_pay": null, "payment:cards": null, "payment:coins": null, "payment:google_pay": null, "payment:visa_debit": null, "origin": null, "drink:charitea": null, "drink:kolle-jolle-mate": null, "drink:kolle-mate": null, "payment:debit_cards": null, "operator:wikidata": "Q96402396", "drink:vita_limo": null, "contact:phone": null, "cash_withdrawal:limit": null, "post_office": null, "post_office:brand": null, "post_office:service_provider": null, "bulk_purchase": null, "dog": null, "air_conditioning": null, "payment:notes": null, "ref:rewe": null, "addr:suburb": null, "membership": null, "access:covid19": null, "alt_name": null, "delivery:covid19": null, "takeaway:covid19": null, "discount:students": null, "currency:EUR": null, "internet_access:password": null, "internet_access:ssid": null, "post_office:brand:wikidata": null, "post_office:brand:wikipedia": null, "ref:deutsche_post": null, "description": null, "payment:mastercard_contactless": null, "payment:sodexo": null, "payment:v_pay": null, "fax": null, "drink:club-mate_granat": null, "opening_date": null, "payment:account_cards": null, "payment:payback_app": null, "wheelchair:description:de": null, "note": null, "cuisine": null, "diet:vegan": null, "diet:vegetarian": null, "contact:email": null, "branch": null, "short_name": null, "drink:kolle-kilimo": null, "drink:kombucha": null, "drink:sake": null, "drinking_water:refill": null, "drinking_water:refill:network": null, "payment:vpay": null, "payment:american_express": null, "source:name": null, "toilets": null, "diet:gluten_free": null, "diet:lactose_free": null, "post_office:id_check": null, "post_office:oversized_item": null, "post_office:packaging": null, "post_office:parcel_from": null, "post_office:parcel_pickup": null, "post_office:parcel_to": null, "post_office:post_bank": null, "post_office:stamps": null, "payment:visa_electron": null, "fair_trade": null, "reusable_packaging:accept": null, "payment:cryptocurrencies": null, "building": null, "building:levels": null, "roof:shape": null, "vending": null, "building:roof": null, "roof:colour": null, "building:colour": null, "height": null, "roof:levels": null, "roof:height": null, "drink:coffee": null, "contact:facebook": null, "delivery": null, "contact:instagram": null, "payment:netto_app": null, "landuse": null, "indoor": null, "name:ru": null, "room": null }, "geometry": { "type": "Point", "coordinates": [ 13.6283487, 51.060515 ] } },
{ "type": "Feature", "properties": { "element": "node", "id": 345558967, "addr:city": null, "addr:housenumber": null, "addr:postcode": null, "addr:street": null, "brand": "Konsum Dresden", "brand:wikidata": "Q1618877", "brand:wikipedia": "de:Konsum Dresden", "check_date:opening_hours": null, "level": null, "name": "Konsum", "opening_hours": "Mo-Fr 07:00-19:00; Sa 07:00-16:00", "shop": "supermarket", "wheelchair": null, "internet_access": null, "internet_access:access": null, "internet_access:fee": null, "operator": null, "phone": "+49 351 31551808", "website": null, "addr:country": null, "check_date": null, "email": null, "payment:mastercard": null, "payment:visa": null, "payment:cash": null, "payment:girocard": "yes", "payment:maestro": null, "self_checkout": null, "ref:vatin": null, "payment:credit_cards": null, "operator:tax": null, "ref": null, "diet:halal": null, "diet:kosher": null, "lastcheck": null, "access": null, "entrance": null, "cash_withdrawal": null, "cash_withdrawal:purchase_minimum": null, "cash_withdrawal:purchase_required": null, "cash_withdrawal:type": null, "drink:bionade": null, "drink:bionade_mate": "bottled", "drink:charitea_mate": null, "drink:club-mate": "bottled", "drink:club-mate_icetea": "bottled", "drink:fritz-kola": "bottled", "drink:fritz-limo": "bottled", "drink:fritz-mischmasch": null, "drink:kolle-kolla": null, "drink:kolle-zotrine": null, "drink:lemonaid": null, "drink:mio_mio_cola": "bottled", "drink:mio_mio_mate": "bottled", "drink:vita_cola": "bottled", "organic": null, "payment:contactless": "yes", "stroller": null, "start_date": null, "old_name": null, "contact:website": null, "layer": null, "toilets:wheelchair": null, "source": null, "payment:app": null, "payment:apple_pay": null, "payment:cards": null, "payment:coins": null, "payment:google_pay": null, "payment:visa_debit": null, "origin": null, "drink:charitea": null, "drink:kolle-jolle-mate": null, "drink:kolle-mate": null, "payment:debit_cards": null, "operator:wikidata": null, "drink:vita_limo": "bottled", "contact:phone": null, "cash_withdrawal:limit": null, "post_office": null, "post_office:brand": null, "post_office:service_provider": null, "bulk_purchase": null, "dog": null, "air_conditioning": null, "payment:notes": null, "ref:rewe": null, "addr:suburb": null, "membership": null, "access:covid19": null, "alt_name": null, "delivery:covid19": null, "takeaway:covid19": null, "discount:students": null, "currency:EUR": null, "internet_access:password": null, "internet_access:ssid": null, "post_office:brand:wikidata": null, "post_office:brand:wikipedia": null, "ref:deutsche_post": null, "description": null, "payment:mastercard_contactless": null, "payment:sodexo": null, "payment:v_pay": null, "fax": null, "drink:club-mate_granat": null, "opening_date": null, "payment:account_cards": null, "payment:payback_app": null, "wheelchair:description:de": null, "note": null, "cuisine": null, "diet:vegan": null, "diet:vegetarian": null, "contact:email": null, "branch": null, "short_name": null, "drink:kolle-kilimo": null, "drink:kombucha": null, "drink:sake": null, "drinking_water:refill": null, "drinking_water:refill:network": null, "payment:vpay": null, "payment:american_express": null, "source:name": null, "toilets": null, "diet:gluten_free": null, "diet:lactose_free": null, "post_office:id_check": null, "post_office:oversized_item": null, "post_office:packaging": null, "post_office:parcel_from": null, "post_office:parcel_pickup": null, "post_office:parcel_to": null, "post_office:post_bank": null, "post_office:stamps": null, "payment:visa_electron": null, "fair_trade": null, "reusable_packaging:accept": null, "payment:cryptocurrencies": null, "building": null, "building:levels": null, "roof:shape": null, "vending": null, "building:roof": null, "roof:colour": null, "building:colour": null, "height": null, "roof:levels": null, "roof:height": null, "drink:coffee": null, "contact:facebook": null, "delivery": null, "contact:instagram": null, "payment:netto_app": null, "landuse": null, "indoor": null, "name:ru": null, "room": null }, "geometry": { "type": "Point", "coordinates": [ 13.7821456, 51.0531681 ] } },
{ "type": "Feature", "properties": { "element": "node", "id": 347645270, "addr:city": "Dresden", "addr:housenumber": "81", "addr:postcode": "01277", "addr:street": "Bodenbacher Straße", "brand": null, "brand:wikidata": null, "brand:wikipedia": null, "check_date:opening_hours": null, "level": null, "name": null, "opening_hours": null, "shop": "supermarket", "wheelchair": null, "internet_access": null, "internet_access:access": null, "internet_access:fee": null, "operator": null, "phone": null, "website": null, "addr:country": "DE", "check_date": null, "email": null, "payment:mastercard": null, "payment:visa": null, "payment:cash": null, "payment:girocard": null, "payment:maestro": null, "self_checkout": null, "ref:vatin": null, "payment:credit_cards": null, "operator:tax": null, "ref": null, "diet:halal": null, "diet:kosher": null, "lastcheck": null, "access": null, "entrance": null, "cash_withdrawal": null, "cash_withdrawal:purchase_minimum": null, "cash_withdrawal:purchase_required": null, "cash_withdrawal:type": null, "drink:bionade": null, "drink:bionade_mate": null, "drink:charitea_mate": null, "drink:club-mate": null, "drink:club-mate_icetea": null, "drink:fritz-kola": null, "drink:fritz-limo": null, "drink:fritz-mischmasch": null, "drink:kolle-kolla": null, "drink:kolle-zotrine": null, "drink:lemonaid": null, "drink:mio_mio_cola": null, "drink:mio_mio_mate": null, "drink:vita_cola": null, "organic": null, "payment:contactless": null, "stroller": null, "start_date": null, "old_name": null, "contact:website": null, "layer": null, "toilets:wheelchair": null, "source": null, "payment:app": null, "payment:apple_pay": null, "payment:cards": null, "payment:coins": null, "payment:google_pay": null, "payment:visa_debit": null, "origin": null, "drink:charitea": null, "drink:kolle-jolle-mate": null, "drink:kolle-mate": null, "payment:debit_cards": null, "operator:wikidata": null, "drink:vita_limo": null, "contact:phone": null, "cash_withdrawal:limit": null, "post_office": null, "post_office:brand": null, "post_office:service_provider": null, "bulk_purchase": null, "dog": null, "air_conditioning": null, "payment:notes": null, "ref:rewe": null, "addr:suburb": null, "membership": null, "access:covid19": null, "alt_name": null, "delivery:covid19": null, "takeaway:covid19": null, "discount:students": null, "currency:EUR": null, "internet_access:password": null, "internet_access:ssid": null, "post_office:brand:wikidata": null, "post_office:brand:wikipedia": null, "ref:deutsche_post": null, "description": null, "payment:mastercard_contactless": null, "payment:sodexo": null, "payment:v_pay": null, "fax": null, "drink:club-mate_granat": null, "opening_date": null, "payment:account_cards": null, "payment:payback_app": null, "wheelchair:description:de": null, "note": null, "cuisine": null, "diet:vegan": null, "diet:vegetarian": null, "contact:email": null, "branch": null, "short_name": null, "drink:kolle-kilimo": null, "drink:kombucha": null, "drink:sake": null, "drinking_water:refill": null, "drinking_water:refill:network": null, "payment:vpay": null, "payment:american_express": null, "source:name": null, "toilets": null, "diet:gluten_free": null, "diet:lactose_free": null, "post_office:id_check": null, "post_office:oversized_item": null, "post_office:packaging": null, "post_office:parcel_from": null, "post_office:parcel_pickup": null, "post_office:parcel_to": null, "post_office:post_bank": null, "post_office:stamps": null, "payment:visa_electron": null, "fair_trade": null, "reusable_packaging:accept": null, "payment:cryptocurrencies": null, "building": null, "building:levels": null, "roof:shape": null, "vending": null, "building:roof": null, "roof:colour": null, "building:colour": null, "height": null, "roof:levels": null, "roof:height": null, "drink:coffee": null, "contact:facebook": null, "delivery": null, "contact:instagram": null, "payment:netto_app": null, "landuse": null, "indoor": null, "name:ru": null, "room": null }, "geometry": { "type": "Point", "coordinates": [ 13.7971129, 51.0294125 ] } },
{ "type": "Feature", "properties": { "element": "node", "id": 354032930, "addr:city": "Dresden", "addr:housenumber": "42", "addr:postcode": "01277", "addr:street": "Zwinglistraße", "brand": "Netto Marken-Discount", "brand:wikidata": "Q879858", "brand:wikipedia": "de:Netto Marken-Discount", "check_date:opening_hours": "2024-03-29", "level": null, "name": "Netto Marken-Discount", "opening_hours": "Mo-Sa 07:00-22:00", "shop": "supermarket", "wheelchair": "yes", "internet_access": null, "internet_access:access": null, "internet_access:fee": null, "operator": null, "phone": null, "website": "https://www.netto-online.de/filialen/Dresden/Zwinglistr-42/8717/", "addr:country": "DE", "check_date": null, "email": null, "payment:mastercard": null, "payment:visa": null, "payment:cash": null, "payment:girocard": null, "payment:maestro": null, "self_checkout": null, "ref:vatin": null, "payment:credit_cards": null, "operator:tax": null, "ref": null, "diet:halal": null, "diet:kosher": null, "lastcheck": null, "access": null, "entrance": null, "cash_withdrawal": null, "cash_withdrawal:purchase_minimum": null, "cash_withdrawal:purchase_required": null, "cash_withdrawal:type": null, "drink:bionade": null, "drink:bionade_mate": null, "drink:charitea_mate": null, "drink:club-mate": null, "drink:club-mate_icetea": null, "drink:fritz-kola": null, "drink:fritz-limo": null, "drink:fritz-mischmasch": null, "drink:kolle-kolla": null, "drink:kolle-zotrine": null, "drink:lemonaid": null, "drink:mio_mio_cola": null, "drink:mio_mio_mate": null, "drink:vita_cola": null, "organic": null, "payment:contactless": null, "stroller": null, "start_date": null, "old_name": null, "contact:website": null, "layer": null, "toilets:wheelchair": null, "source": null, "payment:app": null, "payment:apple_pay": null, "payment:cards": null, "payment:coins": null, "payment:google_pay": null, "payment:visa_debit": null, "origin": null, "drink:charitea": null, "drink:kolle-jolle-mate": null, "drink:kolle-mate": null, "payment:debit_cards": null, "operator:wikidata": null, "drink:vita_limo": null, "contact:phone": "+49 351 2541300", "cash_withdrawal:limit": null, "post_office": null, "post_office:brand": null, "post_office:service_provider": null, "bulk_purchase": null, "dog": null, "air_conditioning": null, "payment:notes": null, "ref:rewe": null, "addr:suburb": null, "membership": null, "access:covid19": null, "alt_name": null, "delivery:covid19": null, "takeaway:covid19": null, "discount:students": null, "currency:EUR": null, "internet_access:password": null, "internet_access:ssid": null, "post_office:brand:wikidata": null, "post_office:brand:wikipedia": null, "ref:deutsche_post": null, "description": null, "payment:mastercard_contactless": null, "payment:sodexo": null, "payment:v_pay": null, "fax": null, "drink:club-mate_granat": null, "opening_date": null, "payment:account_cards": null, "payment:payback_app": null, "wheelchair:description:de": null, "note": null, "cuisine": null, "diet:vegan": null, "diet:vegetarian": null, "contact:email": null, "branch": null, "short_name": null, "drink:kolle-kilimo": null, "drink:kombucha": null, "drink:sake": null, "drinking_water:refill": null, "drinking_water:refill:network": null, "payment:vpay": null, "payment:american_express": null, "source:name": null, "toilets": null, "diet:gluten_free": null, "diet:lactose_free": null, "post_office:id_check": null, "post_office:oversized_item": null, "post_office:packaging": null, "post_office:parcel_from": null, "post_office:parcel_pickup": null, "post_office:parcel_to": null, "post_office:post_bank": null, "post_office:stamps": null, "payment:visa_electron": null, "fair_trade": null, "reusable_packaging:accept": null, "payment:cryptocurrencies": null, "building": null, "building:levels": null, "roof:shape": null, "vending": null, "building:roof": null, "roof:colour": null, "building:colour": null, "height": null, "roof:levels": null, "roof:height": null, "drink:coffee": null, "contact:facebook": null, "delivery": null, "contact:instagram": null, "payment:netto_app": null, "landuse": null, "indoor": null, "name:ru": null, "room": null }, "geometry": { "type": "Point", "coordinates": [ 13.7848029, 51.0351007 ] } },
{ "type": "Feature", "properties": { "element": "node", "id": 360207425, "addr:city": "Dresden", "addr:housenumber": "24", "addr:postcode": "01099", "addr:street": "Kamenzer Straße", "brand": "Netto Marken-Discount", "brand:wikidata": "Q879858", "brand:wikipedia": null, "check_date:opening_hours": "2023-08-24", "level": null, "name": "Netto Marken-Discount", "opening_hours": "Mo-Sa 07:00-22:00", "shop": "supermarket", "wheelchair": "yes", "internet_access": null, "internet_access:access": null, "internet_access:fee": null, "operator": null, "phone": null, "website": "https://www.netto-online.de/filialen/Dresden/Kamenzer-Str-24/4902/", "addr:country": "DE", "check_date": "2023-03-18", "email": null, "payment:mastercard": null, "payment:visa": null, "payment:cash": null, "payment:girocard": null, "payment:maestro": null, "self_checkout": null, "ref:vatin": null, "payment:credit_cards": null, "operator:tax": null, "ref": null, "diet:halal": "no", "diet:kosher": "no", "lastcheck": null, "access": null, "entrance": null, "cash_withdrawal": null, "cash_withdrawal:purchase_minimum": null, "cash_withdrawal:purchase_required": null, "cash_withdrawal:type": null, "drink:bionade": null, "drink:bionade_mate": null, "drink:charitea_mate": null, "drink:club-mate": null, "drink:club-mate_icetea": null, "drink:fritz-kola": null, "drink:fritz-limo": null, "drink:fritz-mischmasch": null, "drink:kolle-kolla": null, "drink:kolle-zotrine": null, "drink:lemonaid": null, "drink:mio_mio_cola": null, "drink:mio_mio_mate": null, "drink:vita_cola": null, "organic": null, "payment:contactless": null, "stroller": null, "start_date": null, "old_name": null, "contact:website": null, "layer": null, "toilets:wheelchair": null, "source": null, "payment:app": null, "payment:apple_pay": null, "payment:cards": null, "payment:coins": null, "payment:google_pay": null, "payment:visa_debit": null, "origin": null, "drink:charitea": null, "drink:kolle-jolle-mate": null, "drink:kolle-mate": null, "payment:debit_cards": null, "operator:wikidata": null, "drink:vita_limo": null, "contact:phone": null, "cash_withdrawal:limit": null, "post_office": null, "post_office:brand": null, "post_office:service_provider": null, "bulk_purchase": null, "dog": null, "air_conditioning": null, "payment:notes": null, "ref:rewe": null, "addr:suburb": null, "membership": null, "access:covid19": null, "alt_name": null, "delivery:covid19": null, "takeaway:covid19": null, "discount:students": null, "currency:EUR": null, "internet_access:password": null, "internet_access:ssid": null, "post_office:brand:wikidata": null, "post_office:brand:wikipedia": null, "ref:deutsche_post": null, "description": null, "payment:mastercard_contactless": null, "payment:sodexo": null, "payment:v_pay": null, "fax": null, "drink:club-mate_granat": null, "opening_date": null, "payment:account_cards": null, "payment:payback_app": null, "wheelchair:description:de": null, "note": null, "cuisine": null, "diet:vegan": null, "diet:vegetarian": null, "contact:email": null, "branch": null, "short_name": null, "drink:kolle-kilimo": null, "drink:kombucha": null, "drink:sake": null, "drinking_water:refill": null, "drinking_water:refill:network": null, "payment:vpay": null, "payment:american_express": null, "source:name": null, "toilets": null, "diet:gluten_free": null, "diet:lactose_free": null, "post_office:id_check": null, "post_office:oversized_item": null, "post_office:packaging": null, "post_office:parcel_from": null, "post_office:parcel_pickup": null, "post_office:parcel_to": null, "post_office:post_bank": null, "post_office:stamps": null, "payment:visa_electron": null, "fair_trade": null, "reusable_packaging:accept": null, "payment:cryptocurrencies": null, "building": null, "building:levels": null, "roof:shape": null, "vending": null, "building:roof": null, "roof:colour": null, "building:colour": null, "height": null, "roof:levels": null, "roof:height": null, "drink:coffee": null, "contact:facebook": null, "delivery": null, "contact:instagram": null, "payment:netto_app": null, "landuse": null, "indoor": null, "name:ru": null, "room": null }, "geometry": { "type": "Point", "coordinates": [ 13.7582198, 51.0673051 ] } },
{ "type": "Feature", "properties": { "element": "node", "id": 362322400, "addr:city": "Dresden", "addr:housenumber": "25", "addr:postcode": "01307", "addr:street": "Fetscherstraße", "brand": "Konsum Dresden", "brand:wikidata": "Q1618877", "brand:wikipedia": "de:Konsum Dresden", "check_date:opening_hours": "2024-08-31", "level": null, "name": "Konsum", "opening_hours": "Mo-Sa 08:00-20:00", "shop": "supermarket", "wheelchair": "yes", "internet_access": "wlan", "internet_access:access": "customers", "internet_access:fee": "no", "operator": "KONSUM DRESDEN eG", "phone": null, "website": "https://www.konsum.de/", "addr:country": "DE", "check_date": null, "email": null, "payment:mastercard": null, "payment:visa": null, "payment:cash": null, "payment:girocard": "yes", "payment:maestro": null, "self_checkout": null, "ref:vatin": null, "payment:credit_cards": null, "operator:tax": null, "ref": null, "diet:halal": "yes", "diet:kosher": "yes", "lastcheck": null, "access": null, "entrance": null, "cash_withdrawal": null, "cash_withdrawal:purchase_minimum": null, "cash_withdrawal:purchase_required": null, "cash_withdrawal:type": null, "drink:bionade": null, "drink:bionade_mate": null, "drink:charitea_mate": null, "drink:club-mate": null, "drink:club-mate_icetea": null, "drink:fritz-kola": null, "drink:fritz-limo": null, "drink:fritz-mischmasch": null, "drink:kolle-kolla": null, "drink:kolle-zotrine": null, "drink:lemonaid": null, "drink:mio_mio_cola": null, "drink:mio_mio_mate": null, "drink:vita_cola": null, "organic": null, "payment:contactless": null, "stroller": null, "start_date": null, "old_name": null, "contact:website": null, "layer": null, "toilets:wheelchair": null, "source": null, "payment:app": null, "payment:apple_pay": null, "payment:cards": null, "payment:coins": null, "payment:google_pay": null, "payment:visa_debit": null, "origin": null, "drink:charitea": null, "drink:kolle-jolle-mate": null, "drink:kolle-mate": null, "payment:debit_cards": null, "operator:wikidata": null, "drink:vita_limo": null, "contact:phone": null, "cash_withdrawal:limit": null, "post_office": null, "post_office:brand": null, "post_office:service_provider": null, "bulk_purchase": null, "dog": null, "air_conditioning": null, "payment:notes": null, "ref:rewe": null, "addr:suburb": null, "membership": null, "access:covid19": null, "alt_name": null, "delivery:covid19": null, "takeaway:covid19": null, "discount:students": null, "currency:EUR": null, "internet_access:password": null, "internet_access:ssid": null, "post_office:brand:wikidata": null, "post_office:brand:wikipedia": null, "ref:deutsche_post": null, "description": null, "payment:mastercard_contactless": null, "payment:sodexo": null, "payment:v_pay": null, "fax": null, "drink:club-mate_granat": null, "opening_date": null, "payment:account_cards": null, "payment:payback_app": null, "wheelchair:description:de": null, "note": null, "cuisine": null, "diet:vegan": null, "diet:vegetarian": null, "contact:email": null, "branch": null, "short_name": null, "drink:kolle-kilimo": null, "drink:kombucha": null, "drink:sake": null, "drinking_water:refill": null, "drinking_water:refill:network": null, "payment:vpay": null, "payment:american_express": null, "source:name": null, "toilets": null, "diet:gluten_free": null, "diet:lactose_free": null, "post_office:id_check": null, "post_office:oversized_item": null, "post_office:packaging": null, "post_office:parcel_from": null, "post_office:parcel_pickup": null, "post_office:parcel_to": null, "post_office:post_bank": null, "post_office:stamps": null, "payment:visa_electron": null, "fair_trade": null, "reusable_packaging:accept": null, "payment:cryptocurrencies": null, "building": null, "building:levels": null, "roof:shape": null, "vending": null, "building:roof": null, "roof:colour": null, "building:colour": null, "height": null, "roof:levels": null, "roof:height": null, "drink:coffee": null, "contact:facebook": null, "delivery": null, "contact:instagram": null, "payment:netto_app": null, "landuse": null, "indoor": null, "name:ru": null, "room": null }, "geometry": { "type": "Point", "coordinates": [ 13.770404, 51.045766 ] } },
{ "type": "Feature", "properties": { "element": "node", "id": 370038384, "addr:city": null, "addr:housenumber": null, "addr:postcode": null, "addr:street": null, "brand": null, "brand:wikidata": null, "brand:wikipedia": null, "check_date:opening_hours": "2024-10-15", "level": null, "name": "Rusmarkt", "opening_hours": "Mo-Sa 09:00-19:00", "shop": "supermarket", "wheelchair": "yes", "internet_access": null, "internet_access:access": null, "internet_access:fee": null, "operator": "Rusmarkt GmbH", "phone": null, "website": null, "addr:country": null, "check_date": "2024-10-15", "email": null, "payment:mastercard": null, "payment:visa": null, "payment:cash": null, "payment:girocard": null, "payment:maestro": null, "self_checkout": null, "ref:vatin": null, "payment:credit_cards": null, "operator:tax": null, "ref": null, "diet:halal": null, "diet:kosher": null, "lastcheck": null, "access": null, "entrance": null, "cash_withdrawal": null, "cash_withdrawal:purchase_minimum": null, "cash_withdrawal:purchase_required": null, "cash_withdrawal:type": null, "drink:bionade": null, "drink:bionade_mate": null, "drink:charitea_mate": null, "drink:club-mate": null, "drink:club-mate_icetea": null, "drink:fritz-kola": null, "drink:fritz-limo": null, "drink:fritz-mischmasch": null, "drink:kolle-kolla": null, "drink:kolle-zotrine": null, "drink:lemonaid": null, "drink:mio_mio_cola": null, "drink:mio_mio_mate": null, "drink:vita_cola": null, "organic": null, "payment:contactless": null, "stroller": null, "start_date": null, "old_name": null, "contact:website": "http://www.rusmarkt.info", "layer": null, "toilets:wheelchair": null, "source": null, "payment:app": null, "payment:apple_pay": null, "payment:cards": null, "payment:coins": null, "payment:google_pay": null, "payment:visa_debit": null, "origin": "russian", "drink:charitea": null, "drink:kolle-jolle-mate": null, "drink:kolle-mate": null, "payment:debit_cards": null, "operator:wikidata": null, "drink:vita_limo": null, "contact:phone": null, "cash_withdrawal:limit": null, "post_office": null, "post_office:brand": null, "post_office:service_provider": null, "bulk_purchase": null, "dog": null, "air_conditioning": null, "payment:notes": null, "ref:rewe": null, "addr:suburb": null, "membership": null, "access:covid19": null, "alt_name": null, "delivery:covid19": null, "takeaway:covid19": null, "discount:students": null, "currency:EUR": null, "internet_access:password": null, "internet_access:ssid": null, "post_office:brand:wikidata": null, "post_office:brand:wikipedia": null, "ref:deutsche_post": null, "description": null, "payment:mastercard_contactless": null, "payment:sodexo": null, "payment:v_pay": null, "fax": null, "drink:club-mate_granat": null, "opening_date": null, "payment:account_cards": null, "payment:payback_app": null, "wheelchair:description:de": null, "note": null, "cuisine": null, "diet:vegan": null, "diet:vegetarian": null, "contact:email": null, "branch": null, "short_name": null, "drink:kolle-kilimo": null, "drink:kombucha": null, "drink:sake": null, "drinking_water:refill": null, "drinking_water:refill:network": null, "payment:vpay": null, "payment:american_express": null, "source:name": null, "toilets": null, "diet:gluten_free": null, "diet:lactose_free": null, "post_office:id_check": null, "post_office:oversized_item": null, "post_office:packaging": null, "post_office:parcel_from": null, "post_office:parcel_pickup": null, "post_office:parcel_to": null, "post_office:post_bank": null, "post_office:stamps": null, "payment:visa_electron": null, "fair_trade": null, "reusable_packaging:accept": null, "payment:cryptocurrencies": null, "building": null, "building:levels": null, "roof:shape": null, "vending": null, "building:roof": null, "roof:colour": null, "building:colour": null, "height": null, "roof:levels": null, "roof:height": null, "drink:coffee": null, "contact:facebook": null, "delivery": null, "contact:instagram": null, "payment:netto_app": null, "landuse": null, "indoor": null, "name:ru": null, "room": null }, "geometry": { "type": "Point", "coordinates": [ 13.7701968, 51.0573552 ] } },
{ "type": "Feature", "properties": { "element": "node", "id": 370038410, "addr:city": "Dresden", "addr:housenumber": "64", "addr:postcode": "01307", "addr:street": "Pfotenhauerstraße", "brand": "diska", "brand:wikidata": "Q62390177", "brand:wikipedia": null, "check_date:opening_hours": "2024-03-30", "level": null, "name": "diska", "opening_hours": "Mo-Sa 07:00-20:00", "shop": "supermarket", "wheelchair": "yes", "internet_access": "wlan", "internet_access:access": null, "internet_access:fee": "no", "operator": null, "phone": null, "website": null, "addr:country": "DE", "check_date": "2024-05-02", "email": null, "payment:mastercard": "yes", "payment:visa": "yes", "payment:cash": "yes", "payment:girocard": "yes", "payment:maestro": "yes", "self_checkout": "no", "ref:vatin": null, "payment:credit_cards": null, "operator:tax": null, "ref": null, "diet:halal": null, "diet:kosher": null, "lastcheck": null, "access": null, "entrance": null, "cash_withdrawal": "yes", "cash_withdrawal:purchase_minimum": "5", "cash_withdrawal:purchase_required": "yes", "cash_withdrawal:type": "checkout", "drink:bionade": null, "drink:bionade_mate": null, "drink:charitea_mate": null, "drink:club-mate": "bottled", "drink:club-mate_icetea": null, "drink:fritz-kola": null, "drink:fritz-limo": null, "drink:fritz-mischmasch": null, "drink:kolle-kolla": null, "drink:kolle-zotrine": null, "drink:lemonaid": null, "drink:mio_mio_cola": null, "drink:mio_mio_mate": "bottled", "drink:vita_cola": null, "organic": null, "payment:contactless": "yes", "stroller": null, "start_date": null, "old_name": null, "contact:website": null, "layer": null, "toilets:wheelchair": null, "source": null, "payment:app": null, "payment:apple_pay": null, "payment:cards": null, "payment:coins": null, "payment:google_pay": null, "payment:visa_debit": null, "origin": null, "drink:charitea": null, "drink:kolle-jolle-mate": null, "drink:kolle-mate": null, "payment:debit_cards": null, "operator:wikidata": null, "drink:vita_limo": null, "contact:phone": "+49 351 4469361", "cash_withdrawal:limit": "200", "post_office": "post_partner", "post_office:brand": "DPD", "post_office:service_provider": "DPD", "bulk_purchase": null, "dog": null, "air_conditioning": null, "payment:notes": null, "ref:rewe": null, "addr:suburb": null, "membership": null, "access:covid19": null, "alt_name": null, "delivery:covid19": null, "takeaway:covid19": null, "discount:students": null, "currency:EUR": null, "internet_access:password": null, "internet_access:ssid": null, "post_office:brand:wikidata": null, "post_office:brand:wikipedia": null, "ref:deutsche_post": null, "description": null, "payment:mastercard_contactless": null, "payment:sodexo": null, "payment:v_pay": null, "fax": null, "drink:club-mate_granat": null, "opening_date": null, "payment:account_cards": null, "payment:payback_app": null, "wheelchair:description:de": null, "note": null, "cuisine": null, "diet:vegan": null, "diet:vegetarian": null, "contact:email": null, "branch": null, "short_name": null, "drink:kolle-kilimo": null, "drink:kombucha": null, "drink:sake": null, "drinking_water:refill": null, "drinking_water:refill:network": null, "payment:vpay": null, "payment:american_express": null, "source:name": null, "toilets": null, "diet:gluten_free": null, "diet:lactose_free": null, "post_office:id_check": null, "post_office:oversized_item": null, "post_office:packaging": null, "post_office:parcel_from": null, "post_office:parcel_pickup": null, "post_office:parcel_to": null, "post_office:post_bank": null, "post_office:stamps": null, "payment:visa_electron": null, "fair_trade": null, "reusable_packaging:accept": null, "payment:cryptocurrencies": null, "building": null, "building:levels": null, "roof:shape": null, "vending": null, "building:roof": null, "roof:colour": null, "building:colour": null, "height": null, "roof:levels": null, "roof:height": null, "drink:coffee": null, "contact:facebook": null, "delivery": null, "contact:instagram": null, "payment:netto_app": null, "landuse": null, "indoor": null, "name:ru": null, "room": null }, "geometry": { "type": "Point", "coordinates": [ 13.7720097, 51.0569244 ] } },
{ "type": "Feature", "properties": { "element": "node", "id": 373089481, "addr:city": "Dresden", "addr:housenumber": "5a", "addr:postcode": "01067", "addr:street": "Jahnstraße", "brand": null, "brand:wikidata": null, "brand:wikipedia": null, "check_date:opening_hours": "2022-08-09", "level": null, "name": "VG Bio-Markt", "opening_hours": "Mo-Fr 09:00-20:00, Sa 09:00-14:00, PH off", "shop": "supermarket", "wheelchair": "limited", "internet_access": null, "internet_access:access": null, "internet_access:fee": null, "operator": null, "phone": "+49 351 4843768", "website": "https://www.vg-dresden.de/dd-mitte.html", "addr:country": null, "check_date": "2025-01-14", "email": null, "payment:mastercard": null, "payment:visa": null, "payment:cash": null, "payment:girocard": null, "payment:maestro": null, "self_checkout": null, "ref:vatin": null, "payment:credit_cards": null, "operator:tax": null, "ref": null, "diet:halal": null, "diet:kosher": null, "lastcheck": null, "access": null, "entrance": null, "cash_withdrawal": null, "cash_withdrawal:purchase_minimum": null, "cash_withdrawal:purchase_required": null, "cash_withdrawal:type": null, "drink:bionade": null, "drink:bionade_mate": null, "drink:charitea_mate": null, "drink:club-mate": null, "drink:club-mate_icetea": null, "drink:fritz-kola": null, "drink:fritz-limo": null, "drink:fritz-mischmasch": null, "drink:kolle-kolla": null, "drink:kolle-zotrine": null, "drink:lemonaid": null, "drink:mio_mio_cola": null, "drink:mio_mio_mate": null, "drink:vita_cola": null, "organic": "only", "payment:contactless": null, "stroller": null, "start_date": null, "old_name": null, "contact:website": null, "layer": null, "toilets:wheelchair": null, "source": null, "payment:app": null, "payment:apple_pay": null, "payment:cards": null, "payment:coins": null, "payment:google_pay": null, "payment:visa_debit": null, "origin": null, "drink:charitea": null, "drink:kolle-jolle-mate": null, "drink:kolle-mate": null, "payment:debit_cards": null, "operator:wikidata": null, "drink:vita_limo": null, "contact:phone": null, "cash_withdrawal:limit": null, "post_office": null, "post_office:brand": null, "post_office:service_provider": null, "bulk_purchase": "yes", "dog": null, "air_conditioning": null, "payment:notes": null, "ref:rewe": null, "addr:suburb": null, "membership": null, "access:covid19": null, "alt_name": null, "delivery:covid19": null, "takeaway:covid19": null, "discount:students": null, "currency:EUR": null, "internet_access:password": null, "internet_access:ssid": null, "post_office:brand:wikidata": null, "post_office:brand:wikipedia": null, "ref:deutsche_post": null, "description": null, "payment:mastercard_contactless": null, "payment:sodexo": null, "payment:v_pay": null, "fax": null, "drink:club-mate_granat": null, "opening_date": null, "payment:account_cards": null, "payment:payback_app": null, "wheelchair:description:de": null, "note": null, "cuisine": null, "diet:vegan": null, "diet:vegetarian": null, "contact:email": null, "branch": null, "short_name": null, "drink:kolle-kilimo": null, "drink:kombucha": null, "drink:sake": null, "drinking_water:refill": null, "drinking_water:refill:network": null, "payment:vpay": null, "payment:american_express": null, "source:name": null, "toilets": null, "diet:gluten_free": null, "diet:lactose_free": null, "post_office:id_check": null, "post_office:oversized_item": null, "post_office:packaging": null, "post_office:parcel_from": null, "post_office:parcel_pickup": null, "post_office:parcel_to": null, "post_office:post_bank": null, "post_office:stamps": null, "payment:visa_electron": null, "fair_trade": null, "reusable_packaging:accept": null, "payment:cryptocurrencies": null, "building": null, "building:levels": null, "roof:shape": null, "vending": null, "building:roof": null, "roof:colour": null, "building:colour": null, "height": null, "roof:levels": null, "roof:height": null, "drink:coffee": null, "contact:facebook": null, "delivery": null, "contact:instagram": null, "payment:netto_app": null, "landuse": null, "indoor": null, "name:ru": null, "room": null }, "geometry": { "type": "Point", "coordinates": [ 13.723512, 51.0543408 ] } },
{ "type": "Feature", "properties": { "element": "node", "id": 373090456, "addr:city": "Dresden", "addr:housenumber": "34", "addr:postcode": "01309", "addr:street": "Schandauer Straße", "brand": null, "brand:wikidata": null, "brand:wikipedia": null, "check_date:opening_hours": "2024-04-18", "level": null, "name": "VG Bio-Markt", "opening_hours": "Sa 09:00-14:00; Mo-Fr 09:00-20:00", "shop": "supermarket", "wheelchair": "yes", "internet_access": null, "internet_access:access": null, "internet_access:fee": null, "operator": null, "phone": "+49 351 27091220", "website": "https://www.vg-dresden.de/", "addr:country": null, "check_date": null, "email": "naturkost.reicker@vg-dresden.de", "payment:mastercard": null, "payment:visa": null, "payment:cash": null, "payment:girocard": null, "payment:maestro": null, "self_checkout": null, "ref:vatin": null, "payment:credit_cards": null, "operator:tax": null, "ref": null, "diet:halal": "yes", "diet:kosher": "yes", "lastcheck": null, "access": null, "entrance": null, "cash_withdrawal": null, "cash_withdrawal:purchase_minimum": null, "cash_withdrawal:purchase_required": null, "cash_withdrawal:type": null, "drink:bionade": null, "drink:bionade_mate": null, "drink:charitea_mate": null, "drink:club-mate": null, "drink:club-mate_icetea": null, "drink:fritz-kola": null, "drink:fritz-limo": null, "drink:fritz-mischmasch": null, "drink:kolle-kolla": null, "drink:kolle-zotrine": null, "drink:lemonaid": null, "drink:mio_mio_cola": null, "drink:mio_mio_mate": null, "drink:vita_cola": null, "organic": "only", "payment:contactless": null, "stroller": null, "start_date": null, "old_name": null, "contact:website": null, "layer": null, "toilets:wheelchair": null, "source": null, "payment:app": null, "payment:apple_pay": null, "payment:cards": null, "payment:coins": null, "payment:google_pay": null, "payment:visa_debit": null, "origin": null, "drink:charitea": null, "drink:kolle-jolle-mate": null, "drink:kolle-mate": null, "payment:debit_cards": null, "operator:wikidata": null, "drink:vita_limo": null, "contact:phone": null, "cash_withdrawal:limit": null, "post_office": null, "post_office:brand": null, "post_office:service_provider": null, "bulk_purchase": null, "dog": null, "air_conditioning": null, "payment:notes": null, "ref:rewe": null, "addr:suburb": null, "membership": null, "access:covid19": null, "alt_name": null, "delivery:covid19": null, "takeaway:covid19": null, "discount:students": null, "currency:EUR": null, "internet_access:password": null, "internet_access:ssid": null, "post_office:brand:wikidata": null, "post_office:brand:wikipedia": null, "ref:deutsche_post": null, "description": null, "payment:mastercard_contactless": null, "payment:sodexo": null, "payment:v_pay": null, "fax": null, "drink:club-mate_granat": null, "opening_date": null, "payment:account_cards": null, "payment:payback_app": null, "wheelchair:description:de": null, "note": null, "cuisine": null, "diet:vegan": null, "diet:vegetarian": null, "contact:email": null, "branch": null, "short_name": null, "drink:kolle-kilimo": null, "drink:kombucha": null, "drink:sake": null, "drinking_water:refill": null, "drinking_water:refill:network": null, "payment:vpay": null, "payment:american_express": null, "source:name": null, "toilets": null, "diet:gluten_free": null, "diet:lactose_free": null, "post_office:id_check": null, "post_office:oversized_item": null, "post_office:packaging": null, "post_office:parcel_from": null, "post_office:parcel_pickup": null, "post_office:parcel_to": null, "post_office:post_bank": null, "post_office:stamps": null, "payment:visa_electron": null, "fair_trade": null, "reusable_packaging:accept": null, "payment:cryptocurrencies": null, "building": null, "building:levels": null, "roof:shape": null, "vending": null, "building:roof": null, "roof:colour": null, "building:colour": null, "height": null, "roof:levels": null, "roof:height": null, "drink:coffee": null, "contact:facebook": null, "delivery": null, "contact:instagram": null, "payment:netto_app": null, "landuse": null, "indoor": null, "name:ru": null, "room": null }, "geometry": { "type": "Point", "coordinates": [ 13.7930602, 51.0426764 ] } },
{ "type": "Feature", "properties": { "element": "node", "id": 391057029, "addr:city": "Dresden", "addr:housenumber": "28", "addr:postcode": "01187", "addr:street": "Nürnberger Straße", "brand": "Konsum Dresden", "brand:wikidata": "Q1618877", "brand:wikipedia": null, "check_date:opening_hours": "2024-12-06", "level": null, "name": "Konsum", "opening_hours": "Mo-Fr 08:00-20:00", "shop": "supermarket", "wheelchair": "yes", "internet_access": "wlan", "internet_access:access": "customers", "internet_access:fee": "no", "operator": "KONSUM DRESDEN eG", "phone": null, "website": "https://www.konsum.de/", "addr:country": "DE", "check_date": null, "email": null, "payment:mastercard": null, "payment:visa": null, "payment:cash": null, "payment:girocard": null, "payment:maestro": null, "self_checkout": null, "ref:vatin": null, "payment:credit_cards": null, "operator:tax": null, "ref": null, "diet:halal": null, "diet:kosher": "no", "lastcheck": null, "access": null, "entrance": null, "cash_withdrawal": null, "cash_withdrawal:purchase_minimum": null, "cash_withdrawal:purchase_required": null, "cash_withdrawal:type": null, "drink:bionade": null, "drink:bionade_mate": null, "drink:charitea_mate": null, "drink:club-mate": null, "drink:club-mate_icetea": null, "drink:fritz-kola": null, "drink:fritz-limo": null, "drink:fritz-mischmasch": null, "drink:kolle-kolla": null, "drink:kolle-zotrine": null, "drink:lemonaid": null, "drink:mio_mio_cola": null, "drink:mio_mio_mate": null, "drink:vita_cola": null, "organic": null, "payment:contactless": null, "stroller": null, "start_date": null, "old_name": null, "contact:website": null, "layer": null, "toilets:wheelchair": null, "source": null, "payment:app": null, "payment:apple_pay": null, "payment:cards": null, "payment:coins": null, "payment:google_pay": null, "payment:visa_debit": null, "origin": null, "drink:charitea": null, "drink:kolle-jolle-mate": null, "drink:kolle-mate": null, "payment:debit_cards": null, "operator:wikidata": null, "drink:vita_limo": null, "contact:phone": null, "cash_withdrawal:limit": null, "post_office": null, "post_office:brand": null, "post_office:service_provider": null, "bulk_purchase": null, "dog": null, "air_conditioning": null, "payment:notes": null, "ref:rewe": null, "addr:suburb": null, "membership": null, "access:covid19": null, "alt_name": null, "delivery:covid19": null, "takeaway:covid19": null, "discount:students": null, "currency:EUR": null, "internet_access:password": null, "internet_access:ssid": null, "post_office:brand:wikidata": null, "post_office:brand:wikipedia": null, "ref:deutsche_post": null, "description": null, "payment:mastercard_contactless": null, "payment:sodexo": null, "payment:v_pay": null, "fax": null, "drink:club-mate_granat": null, "opening_date": null, "payment:account_cards": null, "payment:payback_app": null, "wheelchair:description:de": null, "note": null, "cuisine": null, "diet:vegan": null, "diet:vegetarian": null, "contact:email": null, "branch": null, "short_name": null, "drink:kolle-kilimo": null, "drink:kombucha": null, "drink:sake": null, "drinking_water:refill": null, "drinking_water:refill:network": null, "payment:vpay": null, "payment:american_express": null, "source:name": null, "toilets": null, "diet:gluten_free": null, "diet:lactose_free": null, "post_office:id_check": null, "post_office:oversized_item": null, "post_office:packaging": null, "post_office:parcel_from": null, "post_office:parcel_pickup": null, "post_office:parcel_to": null, "post_office:post_bank": null, "post_office:stamps": null, "payment:visa_electron": null, "fair_trade": null, "reusable_packaging:accept": null, "payment:cryptocurrencies": null, "building": null, "building:levels": null, "roof:shape": null, "vending": null, "building:roof": null, "roof:colour": null, "building:colour": null, "height": null, "roof:levels": null, "roof:height": null, "drink:coffee": null, "contact:facebook": null, "delivery": null, "contact:instagram": null, "payment:netto_app": null, "landuse": null, "indoor": null, "name:ru": null, "room": null }, "geometry": { "type": "Point", "coordinates": [ 13.7210213, 51.0341601 ] } },
{ "type": "Feature", "properties": { "element": "node", "id": 420080441, "addr:city": "Dresden", "addr:housenumber": "76", "addr:postcode": "01099", "addr:street": "Königsbrücker Straße", "brand": "Denns BioMarkt", "brand:wikidata": "Q48883773", "brand:wikipedia": null, "check_date:opening_hours": "2025-01-04", "level": null, "name": "Denns BioMarkt", "opening_hours": "Mo-Sa 08:00-21:00", "shop": "supermarket", "wheelchair": "yes", "internet_access": null, "internet_access:access": null, "internet_access:fee": null, "operator": "Dennree GmbH", "phone": "+49 351 8044466", "website": "https://www.denns-biomarkt.de", "addr:country": null, "check_date": "2025-01-04", "email": null, "payment:mastercard": null, "payment:visa": null, "payment:cash": null, "payment:girocard": null, "payment:maestro": null, "self_checkout": null, "ref:vatin": null, "payment:credit_cards": null, "operator:tax": null, "ref": null, "diet:halal": null, "diet:kosher": null, "lastcheck": null, "access": null, "entrance": null, "cash_withdrawal": null, "cash_withdrawal:purchase_minimum": null, "cash_withdrawal:purchase_required": null, "cash_withdrawal:type": null, "drink:bionade": null, "drink:bionade_mate": null, "drink:charitea_mate": null, "drink:club-mate": null, "drink:club-mate_icetea": null, "drink:fritz-kola": null, "drink:fritz-limo": null, "drink:fritz-mischmasch": null, "drink:kolle-kolla": null, "drink:kolle-zotrine": null, "drink:lemonaid": "bottled", "drink:mio_mio_cola": null, "drink:mio_mio_mate": null, "drink:vita_cola": null, "organic": "only", "payment:contactless": null, "stroller": null, "start_date": null, "old_name": null, "contact:website": null, "layer": null, "toilets:wheelchair": null, "source": null, "payment:app": null, "payment:apple_pay": null, "payment:cards": null, "payment:coins": null, "payment:google_pay": null, "payment:visa_debit": null, "origin": null, "drink:charitea": "bottled", "drink:kolle-jolle-mate": null, "drink:kolle-mate": null, "payment:debit_cards": null, "operator:wikidata": "Q1189641", "drink:vita_limo": null, "contact:phone": null, "cash_withdrawal:limit": null, "post_office": null, "post_office:brand": null, "post_office:service_provider": null, "bulk_purchase": null, "dog": "no", "air_conditioning": null, "payment:notes": null, "ref:rewe": null, "addr:suburb": null, "membership": null, "access:covid19": null, "alt_name": null, "delivery:covid19": null, "takeaway:covid19": null, "discount:students": null, "currency:EUR": null, "internet_access:password": null, "internet_access:ssid": null, "post_office:brand:wikidata": null, "post_office:brand:wikipedia": null, "ref:deutsche_post": null, "description": null, "payment:mastercard_contactless": null, "payment:sodexo": null, "payment:v_pay": null, "fax": null, "drink:club-mate_granat": null, "opening_date": null, "payment:account_cards": null, "payment:payback_app": null, "wheelchair:description:de": null, "note": null, "cuisine": null, "diet:vegan": null, "diet:vegetarian": null, "contact:email": null, "branch": null, "short_name": null, "drink:kolle-kilimo": null, "drink:kombucha": null, "drink:sake": null, "drinking_water:refill": null, "drinking_water:refill:network": null, "payment:vpay": null, "payment:american_express": null, "source:name": null, "toilets": null, "diet:gluten_free": null, "diet:lactose_free": null, "post_office:id_check": null, "post_office:oversized_item": null, "post_office:packaging": null, "post_office:parcel_from": null, "post_office:parcel_pickup": null, "post_office:parcel_to": null, "post_office:post_bank": null, "post_office:stamps": null, "payment:visa_electron": null, "fair_trade": null, "reusable_packaging:accept": null, "payment:cryptocurrencies": null, "building": null, "building:levels": null, "roof:shape": null, "vending": null, "building:roof": null, "roof:colour": null, "building:colour": null, "height": null, "roof:levels": null, "roof:height": null, "drink:coffee": null, "contact:facebook": null, "delivery": null, "contact:instagram": null, "payment:netto_app": null, "landuse": null, "indoor": null, "name:ru": null, "room": null }, "geometry": { "type": "Point", "coordinates": [ 13.7513418, 51.071274 ] } },
{ "type": "Feature", "properties": { "element": "node", "id": 430671142, "addr:city": "Dresden", "addr:housenumber": "21", "addr:postcode": "01099", "addr:street": "Alaunstraße", "brand": "Konsum Dresden", "brand:wikidata": "Q1618877", "brand:wikipedia": null, "check_date:opening_hours": "2024-10-27", "level": null, "name": "Konsum", "opening_hours": "Su off; Mo-Sa 08:00-20:00", "shop": "supermarket", "wheelchair": "yes", "internet_access": "wlan", "internet_access:access": "customers", "internet_access:fee": "no", "operator": "KONSUM DRESDEN eG", "phone": null, "website": "https://www.konsum.de/", "addr:country": "DE", "check_date": null, "email": null, "payment:mastercard": null, "payment:visa": null, "payment:cash": null, "payment:girocard": null, "payment:maestro": null, "self_checkout": null, "ref:vatin": null, "payment:credit_cards": null, "operator:tax": null, "ref": null, "diet:halal": null, "diet:kosher": null, "lastcheck": null, "access": null, "entrance": null, "cash_withdrawal": null, "cash_withdrawal:purchase_minimum": null, "cash_withdrawal:purchase_required": null, "cash_withdrawal:type": null, "drink:bionade": null, "drink:bionade_mate": null, "drink:charitea_mate": null, "drink:club-mate": null, "drink:club-mate_icetea": null, "drink:fritz-kola": null, "drink:fritz-limo": null, "drink:fritz-mischmasch": null, "drink:kolle-kolla": null, "drink:kolle-zotrine": null, "drink:lemonaid": null, "drink:mio_mio_cola": null, "drink:mio_mio_mate": null, "drink:vita_cola": null, "organic": null, "payment:contactless": null, "stroller": null, "start_date": null, "old_name": null, "contact:website": null, "layer": null, "toilets:wheelchair": null, "source": null, "payment:app": null, "payment:apple_pay": null, "payment:cards": null, "payment:coins": null, "payment:google_pay": null, "payment:visa_debit": null, "origin": null, "drink:charitea": null, "drink:kolle-jolle-mate": null, "drink:kolle-mate": null, "payment:debit_cards": null, "operator:wikidata": null, "drink:vita_limo": null, "contact:phone": "+49 351 8026506", "cash_withdrawal:limit": null, "post_office": null, "post_office:brand": null, "post_office:service_provider": null, "bulk_purchase": null, "dog": null, "air_conditioning": null, "payment:notes": null, "ref:rewe": null, "addr:suburb": null, "membership": null, "access:covid19": null, "alt_name": null, "delivery:covid19": null, "takeaway:covid19": null, "discount:students": null, "currency:EUR": null, "internet_access:password": null, "internet_access:ssid": null, "post_office:brand:wikidata": null, "post_office:brand:wikipedia": null, "ref:deutsche_post": null, "description": null, "payment:mastercard_contactless": null, "payment:sodexo": null, "payment:v_pay": null, "fax": null, "drink:club-mate_granat": null, "opening_date": null, "payment:account_cards": null, "payment:payback_app": null, "wheelchair:description:de": null, "note": null, "cuisine": null, "diet:vegan": null, "diet:vegetarian": null, "contact:email": null, "branch": null, "short_name": null, "drink:kolle-kilimo": null, "drink:kombucha": null, "drink:sake": null, "drinking_water:refill": null, "drinking_water:refill:network": null, "payment:vpay": null, "payment:american_express": null, "source:name": null, "toilets": null, "diet:gluten_free": null, "diet:lactose_free": null, "post_office:id_check": null, "post_office:oversized_item": null, "post_office:packaging": null, "post_office:parcel_from": null, "post_office:parcel_pickup": null, "post_office:parcel_to": null, "post_office:post_bank": null, "post_office:stamps": null, "payment:visa_electron": null, "fair_trade": null, "reusable_packaging:accept": null, "payment:cryptocurrencies": null, "building": null, "building:levels": null, "roof:shape": null, "vending": null, "building:roof": null, "roof:colour": null, "building:colour": null, "height": null, "roof:levels": null, "roof:height": null, "drink:coffee": null, "contact:facebook": null, "delivery": null, "contact:instagram": null, "payment:netto_app": null, "landuse": null, "indoor": null, "name:ru": null, "room": null }, "geometry": { "type": "Point", "coordinates": [ 13.7495017, 51.064964 ] } },
{ "type": "Feature", "properties": { "element": "node", "id": 440891315, "addr:city": null, "addr:housenumber": null, "addr:postcode": null, "addr:street": null, "brand": "REWE", "brand:wikidata": "Q16968817", "brand:wikipedia": "en:REWE", "check_date:opening_hours": "2023-10-21", "level": null, "name": "REWE", "opening_hours": "Mo-Sa 07:00-22:00", "shop": "supermarket", "wheelchair": "yes", "internet_access": null, "internet_access:access": null, "internet_access:fee": null, "operator": null, "phone": null, "website": null, "addr:country": null, "check_date": null, "email": null, "payment:mastercard": null, "payment:visa": null, "payment:cash": null, "payment:girocard": null, "payment:maestro": null, "self_checkout": null, "ref:vatin": null, "payment:credit_cards": null, "operator:tax": null, "ref": null, "diet:halal": null, "diet:kosher": null, "lastcheck": null, "access": null, "entrance": null, "cash_withdrawal": null, "cash_withdrawal:purchase_minimum": null, "cash_withdrawal:purchase_required": null, "cash_withdrawal:type": null, "drink:bionade": null, "drink:bionade_mate": null, "drink:charitea_mate": null, "drink:club-mate": null, "drink:club-mate_icetea": null, "drink:fritz-kola": null, "drink:fritz-limo": null, "drink:fritz-mischmasch": null, "drink:kolle-kolla": null, "drink:kolle-zotrine": null, "drink:lemonaid": null, "drink:mio_mio_cola": null, "drink:mio_mio_mate": null, "drink:vita_cola": null, "organic": null, "payment:contactless": null, "stroller": null, "start_date": null, "old_name": null, "contact:website": null, "layer": null, "toilets:wheelchair": null, "source": null, "payment:app": null, "payment:apple_pay": null, "payment:cards": null, "payment:coins": null, "payment:google_pay": null, "payment:visa_debit": null, "origin": null, "drink:charitea": null, "drink:kolle-jolle-mate": null, "drink:kolle-mate": null, "payment:debit_cards": null, "operator:wikidata": null, "drink:vita_limo": null, "contact:phone": null, "cash_withdrawal:limit": null, "post_office": null, "post_office:brand": null, "post_office:service_provider": null, "bulk_purchase": null, "dog": null, "air_conditioning": null, "payment:notes": null, "ref:rewe": null, "addr:suburb": null, "membership": null, "access:covid19": null, "alt_name": null, "delivery:covid19": null, "takeaway:covid19": null, "discount:students": null, "currency:EUR": null, "internet_access:password": null, "internet_access:ssid": null, "post_office:brand:wikidata": null, "post_office:brand:wikipedia": null, "ref:deutsche_post": null, "description": null, "payment:mastercard_contactless": null, "payment:sodexo": null, "payment:v_pay": null, "fax": null, "drink:club-mate_granat": null, "opening_date": null, "payment:account_cards": null, "payment:payback_app": null, "wheelchair:description:de": null, "note": null, "cuisine": null, "diet:vegan": null, "diet:vegetarian": null, "contact:email": null, "branch": null, "short_name": null, "drink:kolle-kilimo": null, "drink:kombucha": null, "drink:sake": null, "drinking_water:refill": null, "drinking_water:refill:network": null, "payment:vpay": null, "payment:american_express": null, "source:name": null, "toilets": null, "diet:gluten_free": null, "diet:lactose_free": null, "post_office:id_check": null, "post_office:oversized_item": null, "post_office:packaging": null, "post_office:parcel_from": null, "post_office:parcel_pickup": null, "post_office:parcel_to": null, "post_office:post_bank": null, "post_office:stamps": null, "payment:visa_electron": null, "fair_trade": null, "reusable_packaging:accept": null, "payment:cryptocurrencies": null, "building": null, "building:levels": null, "roof:shape": null, "vending": null, "building:roof": null, "roof:colour": null, "building:colour": null, "height": null, "roof:levels": null, "roof:height": null, "drink:coffee": null, "contact:facebook": null, "delivery": null, "contact:instagram": null, "payment:netto_app": null, "landuse": null, "indoor": null, "name:ru": null, "room": null }, "geometry": { "type": "Point", "coordinates": [ 13.82882, 51.0113789 ] } },
{ "type": "Feature", "properties": { "element": "node", "id": 458106198, "addr:city": null, "addr:housenumber": null, "addr:postcode": null, "addr:street": null, "brand": null, "brand:wikidata": null, "brand:wikipedia": null, "check_date:opening_hours": null, "level": null, "name": "Vorwerk Podemus", "opening_hours": "Mo-Fr 08:00-19:00; Sa 08:00-14:00", "shop": "supermarket", "wheelchair": "yes", "internet_access": null, "internet_access:access": null, "internet_access:fee": null, "operator": "Vorwerk Podemus", "phone": null, "website": null, "addr:country": null, "check_date": "2024-12-20", "email": null, "payment:mastercard": null, "payment:visa": null, "payment:cash": null, "payment:girocard": null, "payment:maestro": null, "self_checkout": null, "ref:vatin": null, "payment:credit_cards": null, "operator:tax": null, "ref": null, "diet:halal": "yes", "diet:kosher": "yes", "lastcheck": null, "access": null, "entrance": null, "cash_withdrawal": null, "cash_withdrawal:purchase_minimum": null, "cash_withdrawal:purchase_required": null, "cash_withdrawal:type": null, "drink:bionade": null, "drink:bionade_mate": null, "drink:charitea_mate": null, "drink:club-mate": null, "drink:club-mate_icetea": null, "drink:fritz-kola": null, "drink:fritz-limo": null, "drink:fritz-mischmasch": null, "drink:kolle-kolla": null, "drink:kolle-zotrine": null, "drink:lemonaid": null, "drink:mio_mio_cola": null, "drink:mio_mio_mate": null, "drink:vita_cola": null, "organic": "only", "payment:contactless": null, "stroller": "yes", "start_date": null, "old_name": null, "contact:website": null, "layer": null, "toilets:wheelchair": null, "source": null, "payment:app": null, "payment:apple_pay": null, "payment:cards": null, "payment:coins": null, "payment:google_pay": null, "payment:visa_debit": null, "origin": null, "drink:charitea": null, "drink:kolle-jolle-mate": null, "drink:kolle-mate": null, "payment:debit_cards": null, "operator:wikidata": "Q96402396", "drink:vita_limo": null, "contact:phone": null, "cash_withdrawal:limit": null, "post_office": null, "post_office:brand": null, "post_office:service_provider": null, "bulk_purchase": null, "dog": null, "air_conditioning": null, "payment:notes": null, "ref:rewe": null, "addr:suburb": null, "membership": null, "access:covid19": null, "alt_name": null, "delivery:covid19": null, "takeaway:covid19": null, "discount:students": null, "currency:EUR": null, "internet_access:password": null, "internet_access:ssid": null, "post_office:brand:wikidata": null, "post_office:brand:wikipedia": null, "ref:deutsche_post": null, "description": null, "payment:mastercard_contactless": null, "payment:sodexo": null, "payment:v_pay": null, "fax": null, "drink:club-mate_granat": null, "opening_date": null, "payment:account_cards": null, "payment:payback_app": null, "wheelchair:description:de": null, "note": null, "cuisine": null, "diet:vegan": null, "diet:vegetarian": null, "contact:email": null, "branch": null, "short_name": null, "drink:kolle-kilimo": null, "drink:kombucha": null, "drink:sake": null, "drinking_water:refill": null, "drinking_water:refill:network": null, "payment:vpay": null, "payment:american_express": null, "source:name": null, "toilets": null, "diet:gluten_free": null, "diet:lactose_free": null, "post_office:id_check": null, "post_office:oversized_item": null, "post_office:packaging": null, "post_office:parcel_from": null, "post_office:parcel_pickup": null, "post_office:parcel_to": null, "post_office:post_bank": null, "post_office:stamps": null, "payment:visa_electron": null, "fair_trade": null, "reusable_packaging:accept": null, "payment:cryptocurrencies": null, "building": null, "building:levels": null, "roof:shape": null, "vending": null, "building:roof": null, "roof:colour": null, "building:colour": null, "height": null, "roof:levels": null, "roof:height": null, "drink:coffee": null, "contact:facebook": null, "delivery": null, "contact:instagram": null, "payment:netto_app": null, "landuse": null, "indoor": null, "name:ru": null, "room": null }, "geometry": { "type": "Point", "coordinates": [ 13.8063432, 51.0518139 ] } },
{ "type": "Feature", "properties": { "element": "node", "id": 493586061, "addr:city": "Dresden", "addr:housenumber": "60", "addr:postcode": "01219", "addr:street": "Reicker Straße", "brand": "Kaufland", "brand:wikidata": "Q685967", "brand:wikipedia": "en:Kaufland", "check_date:opening_hours": "2024-03-03", "level": "0", "name": "Kaufland", "opening_hours": "Mo-Sa 07:00-22:00; PH off", "shop": "supermarket", "wheelchair": "yes", "internet_access": null, "internet_access:access": null, "internet_access:fee": null, "operator": null, "phone": "+49 351 287940", "website": null, "addr:country": "DE", "check_date": null, "email": null, "payment:mastercard": null, "payment:visa": null, "payment:cash": null, "payment:girocard": null, "payment:maestro": null, "self_checkout": null, "ref:vatin": null, "payment:credit_cards": null, "operator:tax": null, "ref": null, "diet:halal": null, "diet:kosher": null, "lastcheck": null, "access": null, "entrance": null, "cash_withdrawal": null, "cash_withdrawal:purchase_minimum": null, "cash_withdrawal:purchase_required": null, "cash_withdrawal:type": null, "drink:bionade": null, "drink:bionade_mate": null, "drink:charitea_mate": null, "drink:club-mate": null, "drink:club-mate_icetea": null, "drink:fritz-kola": null, "drink:fritz-limo": null, "drink:fritz-mischmasch": null, "drink:kolle-kolla": null, "drink:kolle-zotrine": null, "drink:lemonaid": null, "drink:mio_mio_cola": null, "drink:mio_mio_mate": null, "drink:vita_cola": null, "organic": null, "payment:contactless": null, "stroller": null, "start_date": null, "old_name": null, "contact:website": null, "layer": null, "toilets:wheelchair": null, "source": null, "payment:app": null, "payment:apple_pay": null, "payment:cards": null, "payment:coins": null, "payment:google_pay": null, "payment:visa_debit": null, "origin": null, "drink:charitea": null, "drink:kolle-jolle-mate": null, "drink:kolle-mate": null, "payment:debit_cards": null, "operator:wikidata": null, "drink:vita_limo": null, "contact:phone": null, "cash_withdrawal:limit": null, "post_office": null, "post_office:brand": null, "post_office:service_provider": null, "bulk_purchase": null, "dog": null, "air_conditioning": null, "payment:notes": null, "ref:rewe": null, "addr:suburb": null, "membership": null, "access:covid19": null, "alt_name": null, "delivery:covid19": null, "takeaway:covid19": null, "discount:students": null, "currency:EUR": null, "internet_access:password": null, "internet_access:ssid": null, "post_office:brand:wikidata": null, "post_office:brand:wikipedia": null, "ref:deutsche_post": null, "description": null, "payment:mastercard_contactless": null, "payment:sodexo": null, "payment:v_pay": null, "fax": null, "drink:club-mate_granat": null, "opening_date": null, "payment:account_cards": null, "payment:payback_app": null, "wheelchair:description:de": null, "note": null, "cuisine": null, "diet:vegan": null, "diet:vegetarian": null, "contact:email": null, "branch": null, "short_name": null, "drink:kolle-kilimo": null, "drink:kombucha": null, "drink:sake": null, "drinking_water:refill": null, "drinking_water:refill:network": null, "payment:vpay": null, "payment:american_express": null, "source:name": null, "toilets": null, "diet:gluten_free": null, "diet:lactose_free": null, "post_office:id_check": null, "post_office:oversized_item": null, "post_office:packaging": null, "post_office:parcel_from": null, "post_office:parcel_pickup": null, "post_office:parcel_to": null, "post_office:post_bank": null, "post_office:stamps": null, "payment:visa_electron": null, "fair_trade": null, "reusable_packaging:accept": null, "payment:cryptocurrencies": null, "building": null, "building:levels": null, "roof:shape": null, "vending": null, "building:roof": null, "roof:colour": null, "building:colour": null, "height": null, "roof:levels": null, "roof:height": null, "drink:coffee": null, "contact:facebook": null, "delivery": null, "contact:instagram": null, "payment:netto_app": null, "landuse": null, "indoor": null, "name:ru": null, "room": null }, "geometry": { "type": "Point", "coordinates": [ 13.7795475, 51.0193554 ] } },
{ "type": "Feature", "properties": { "element": "node", "id": 504487990, "addr:city": "Dresden", "addr:housenumber": "3", "addr:postcode": "01328", "addr:street": "An der Prießnitzaue", "brand": "Kaufland", "brand:wikidata": "Q685967", "brand:wikipedia": "en:Kaufland", "check_date:opening_hours": "2024-07-10", "level": null, "name": "Kaufland", "opening_hours": "Mo-Sa 07:00-22:00", "shop": "supermarket", "wheelchair": "yes", "internet_access": "wlan", "internet_access:access": null, "internet_access:fee": "no", "operator": "Kaufland", "phone": null, "website": null, "addr:country": null, "check_date": null, "email": null, "payment:mastercard": "yes", "payment:visa": "yes", "payment:cash": null, "payment:girocard": null, "payment:maestro": null, "self_checkout": null, "ref:vatin": null, "payment:credit_cards": null, "operator:tax": null, "ref": null, "diet:halal": null, "diet:kosher": null, "lastcheck": null, "access": null, "entrance": null, "cash_withdrawal": null, "cash_withdrawal:purchase_minimum": null, "cash_withdrawal:purchase_required": null, "cash_withdrawal:type": null, "drink:bionade": null, "drink:bionade_mate": null, "drink:charitea_mate": null, "drink:club-mate": null, "drink:club-mate_icetea": null, "drink:fritz-kola": null, "drink:fritz-limo": null, "drink:fritz-mischmasch": null, "drink:kolle-kolla": null, "drink:kolle-zotrine": null, "drink:lemonaid": null, "drink:mio_mio_cola": null, "drink:mio_mio_mate": null, "drink:vita_cola": null, "organic": null, "payment:contactless": null, "stroller": null, "start_date": null, "old_name": null, "contact:website": null, "layer": null, "toilets:wheelchair": null, "source": null, "payment:app": null, "payment:apple_pay": null, "payment:cards": null, "payment:coins": "yes", "payment:google_pay": null, "payment:visa_debit": null, "origin": null, "drink:charitea": null, "drink:kolle-jolle-mate": null, "drink:kolle-mate": null, "payment:debit_cards": null, "operator:wikidata": null, "drink:vita_limo": null, "contact:phone": null, "cash_withdrawal:limit": null, "post_office": null, "post_office:brand": null, "post_office:service_provider": null, "bulk_purchase": null, "dog": null, "air_conditioning": "yes", "payment:notes": "yes", "ref:rewe": null, "addr:suburb": null, "membership": null, "access:covid19": null, "alt_name": null, "delivery:covid19": null, "takeaway:covid19": null, "discount:students": null, "currency:EUR": null, "internet_access:password": null, "internet_access:ssid": null, "post_office:brand:wikidata": null, "post_office:brand:wikipedia": null, "ref:deutsche_post": null, "description": null, "payment:mastercard_contactless": null, "payment:sodexo": null, "payment:v_pay": null, "fax": null, "drink:club-mate_granat": null, "opening_date": null, "payment:account_cards": null, "payment:payback_app": null, "wheelchair:description:de": null, "note": null, "cuisine": null, "diet:vegan": null, "diet:vegetarian": null, "contact:email": null, "branch": null, "short_name": null, "drink:kolle-kilimo": null, "drink:kombucha": null, "drink:sake": null, "drinking_water:refill": null, "drinking_water:refill:network": null, "payment:vpay": null, "payment:american_express": null, "source:name": null, "toilets": null, "diet:gluten_free": null, "diet:lactose_free": null, "post_office:id_check": null, "post_office:oversized_item": null, "post_office:packaging": null, "post_office:parcel_from": null, "post_office:parcel_pickup": null, "post_office:parcel_to": null, "post_office:post_bank": null, "post_office:stamps": null, "payment:visa_electron": null, "fair_trade": null, "reusable_packaging:accept": null, "payment:cryptocurrencies": null, "building": null, "building:levels": null, "roof:shape": null, "vending": null, "building:roof": null, "roof:colour": null, "building:colour": null, "height": null, "roof:levels": null, "roof:height": null, "drink:coffee": null, "contact:facebook": null, "delivery": null, "contact:instagram": null, "payment:netto_app": null, "landuse": null, "indoor": null, "name:ru": null, "room": null }, "geometry": { "type": "Point", "coordinates": [ 13.8939893, 51.0664751 ] } },
{ "type": "Feature", "properties": { "element": "node", "id": 518356874, "addr:city": null, "addr:housenumber": null, "addr:postcode": null, "addr:street": null, "brand": "Norma", "brand:wikidata": "Q450180", "brand:wikipedia": null, "check_date:opening_hours": "2022-10-22", "level": null, "name": "Norma", "opening_hours": "Mo-Sa 07:00-20:00", "shop": "supermarket", "wheelchair": "yes", "internet_access": null, "internet_access:access": null, "internet_access:fee": null, "operator": "Norma", "phone": null, "website": null, "addr:country": null, "check_date": null, "email": null, "payment:mastercard": null, "payment:visa": null, "payment:cash": null, "payment:girocard": null, "payment:maestro": null, "self_checkout": null, "ref:vatin": null, "payment:credit_cards": null, "operator:tax": null, "ref": null, "diet:halal": null, "diet:kosher": null, "lastcheck": null, "access": null, "entrance": null, "cash_withdrawal": null, "cash_withdrawal:purchase_minimum": null, "cash_withdrawal:purchase_required": null, "cash_withdrawal:type": null, "drink:bionade": null, "drink:bionade_mate": null, "drink:charitea_mate": null, "drink:club-mate": null, "drink:club-mate_icetea": null, "drink:fritz-kola": null, "drink:fritz-limo": null, "drink:fritz-mischmasch": null, "drink:kolle-kolla": null, "drink:kolle-zotrine": null, "drink:lemonaid": null, "drink:mio_mio_cola": null, "drink:mio_mio_mate": null, "drink:vita_cola": null, "organic": null, "payment:contactless": null, "stroller": null, "start_date": null, "old_name": null, "contact:website": null, "layer": null, "toilets:wheelchair": null, "source": null, "payment:app": null, "payment:apple_pay": null, "payment:cards": null, "payment:coins": null, "payment:google_pay": null, "payment:visa_debit": null, "origin": null, "drink:charitea": null, "drink:kolle-jolle-mate": null, "drink:kolle-mate": null, "payment:debit_cards": null, "operator:wikidata": null, "drink:vita_limo": null, "contact:phone": null, "cash_withdrawal:limit": null, "post_office": null, "post_office:brand": null, "post_office:service_provider": null, "bulk_purchase": null, "dog": null, "air_conditioning": null, "payment:notes": null, "ref:rewe": null, "addr:suburb": null, "membership": null, "access:covid19": null, "alt_name": null, "delivery:covid19": null, "takeaway:covid19": null, "discount:students": null, "currency:EUR": null, "internet_access:password": null, "internet_access:ssid": null, "post_office:brand:wikidata": null, "post_office:brand:wikipedia": null, "ref:deutsche_post": null, "description": null, "payment:mastercard_contactless": null, "payment:sodexo": null, "payment:v_pay": null, "fax": null, "drink:club-mate_granat": null, "opening_date": null, "payment:account_cards": null, "payment:payback_app": null, "wheelchair:description:de": null, "note": null, "cuisine": null, "diet:vegan": null, "diet:vegetarian": null, "contact:email": null, "branch": null, "short_name": null, "drink:kolle-kilimo": null, "drink:kombucha": null, "drink:sake": null, "drinking_water:refill": null, "drinking_water:refill:network": null, "payment:vpay": null, "payment:american_express": null, "source:name": null, "toilets": null, "diet:gluten_free": null, "diet:lactose_free": null, "post_office:id_check": null, "post_office:oversized_item": null, "post_office:packaging": null, "post_office:parcel_from": null, "post_office:parcel_pickup": null, "post_office:parcel_to": null, "post_office:post_bank": null, "post_office:stamps": null, "payment:visa_electron": null, "fair_trade": null, "reusable_packaging:accept": null, "payment:cryptocurrencies": null, "building": null, "building:levels": null, "roof:shape": null, "vending": null, "building:roof": null, "roof:colour": null, "building:colour": null, "height": null, "roof:levels": null, "roof:height": null, "drink:coffee": null, "contact:facebook": null, "delivery": null, "contact:instagram": null, "payment:netto_app": null, "landuse": null, "indoor": null, "name:ru": null, "room": null }, "geometry": { "type": "Point", "coordinates": [ 13.8315813, 51.0178492 ] } },
{ "type": "Feature", "properties": { "element": "node", "id": 559876407, "addr:city": "Dresden", "addr:housenumber": null, "addr:postcode": null, "addr:street": "Johannes-Paul-Thilman-Straße", "brand": "Netto Marken-Discount", "brand:wikidata": "Q879858", "brand:wikipedia": "de:Netto Marken-Discount", "check_date:opening_hours": null, "level": null, "name": "Netto Marken-Discount", "opening_hours": "Mo-Sa 07:00-20:00", "shop": "supermarket", "wheelchair": "yes", "internet_access": null, "internet_access:access": null, "internet_access:fee": null, "operator": "Netto Marken-Discount AG & Co. KG", "phone": null, "website": null, "addr:country": null, "check_date": "2024-07-24", "email": null, "payment:mastercard": null, "payment:visa": null, "payment:cash": "yes", "payment:girocard": null, "payment:maestro": null, "self_checkout": null, "ref:vatin": null, "payment:credit_cards": "yes", "operator:tax": null, "ref": null, "diet:halal": null, "diet:kosher": null, "lastcheck": null, "access": null, "entrance": null, "cash_withdrawal": null, "cash_withdrawal:purchase_minimum": null, "cash_withdrawal:purchase_required": null, "cash_withdrawal:type": null, "drink:bionade": null, "drink:bionade_mate": null, "drink:charitea_mate": null, "drink:club-mate": null, "drink:club-mate_icetea": null, "drink:fritz-kola": null, "drink:fritz-limo": null, "drink:fritz-mischmasch": null, "drink:kolle-kolla": null, "drink:kolle-zotrine": null, "drink:lemonaid": null, "drink:mio_mio_cola": null, "drink:mio_mio_mate": null, "drink:vita_cola": null, "organic": null, "payment:contactless": null, "stroller": null, "start_date": null, "old_name": null, "contact:website": "https://www.netto-online.de/filialen/Dresden-Leubnitz-Neuostra/Johannes-Paul-Thilman-Str-3/4695/", "layer": null, "toilets:wheelchair": null, "source": null, "payment:app": null, "payment:apple_pay": null, "payment:cards": null, "payment:coins": null, "payment:google_pay": null, "payment:visa_debit": null, "origin": null, "drink:charitea": null, "drink:kolle-jolle-mate": null, "drink:kolle-mate": null, "payment:debit_cards": "yes", "operator:wikidata": null, "drink:vita_limo": null, "contact:phone": null, "cash_withdrawal:limit": null, "post_office": null, "post_office:brand": null, "post_office:service_provider": null, "bulk_purchase": null, "dog": null, "air_conditioning": null, "payment:notes": null, "ref:rewe": null, "addr:suburb": null, "membership": null, "access:covid19": null, "alt_name": null, "delivery:covid19": null, "takeaway:covid19": null, "discount:students": null, "currency:EUR": null, "internet_access:password": null, "internet_access:ssid": null, "post_office:brand:wikidata": null, "post_office:brand:wikipedia": null, "ref:deutsche_post": null, "description": null, "payment:mastercard_contactless": null, "payment:sodexo": null, "payment:v_pay": null, "fax": null, "drink:club-mate_granat": null, "opening_date": null, "payment:account_cards": null, "payment:payback_app": null, "wheelchair:description:de": null, "note": null, "cuisine": null, "diet:vegan": null, "diet:vegetarian": null, "contact:email": null, "branch": null, "short_name": null, "drink:kolle-kilimo": null, "drink:kombucha": null, "drink:sake": null, "drinking_water:refill": null, "drinking_water:refill:network": null, "payment:vpay": null, "payment:american_express": null, "source:name": null, "toilets": null, "diet:gluten_free": null, "diet:lactose_free": null, "post_office:id_check": null, "post_office:oversized_item": null, "post_office:packaging": null, "post_office:parcel_from": null, "post_office:parcel_pickup": null, "post_office:parcel_to": null, "post_office:post_bank": null, "post_office:stamps": null, "payment:visa_electron": null, "fair_trade": null, "reusable_packaging:accept": null, "payment:cryptocurrencies": null, "building": null, "building:levels": null, "roof:shape": null, "vending": null, "building:roof": null, "roof:colour": null, "building:colour": null, "height": null, "roof:levels": null, "roof:height": null, "drink:coffee": null, "contact:facebook": null, "delivery": null, "contact:instagram": null, "payment:netto_app": null, "landuse": null, "indoor": null, "name:ru": null, "room": null }, "geometry": { "type": "Point", "coordinates": [ 13.7767054, 51.0127984 ] } },
{ "type": "Feature", "properties": { "element": "node", "id": 646942120, "addr:city": "Dresden", "addr:housenumber": "62", "addr:postcode": "01099", "addr:street": "Königsbrücker Straße", "brand": "REWE", "brand:wikidata": "Q16968817", "brand:wikipedia": null, "check_date:opening_hours": "2024-08-05", "level": null, "name": "REWE City", "opening_hours": "Mo-Sa 07:00-22:00", "shop": "supermarket", "wheelchair": "yes", "internet_access": null, "internet_access:access": null, "internet_access:fee": null, "operator": "REWE Nicole Labudde oHG", "phone": "+49 351 2105858", "website": null, "addr:country": "DE", "check_date": "2025-01-04", "email": null, "payment:mastercard": null, "payment:visa": null, "payment:cash": "yes", "payment:girocard": null, "payment:maestro": null, "self_checkout": null, "ref:vatin": "DE280669171", "payment:credit_cards": "yes", "operator:tax": null, "ref": null, "diet:halal": null, "diet:kosher": null, "lastcheck": null, "access": null, "entrance": null, "cash_withdrawal": null, "cash_withdrawal:purchase_minimum": null, "cash_withdrawal:purchase_required": null, "cash_withdrawal:type": null, "drink:bionade": null, "drink:bionade_mate": null, "drink:charitea_mate": null, "drink:club-mate": "yes", "drink:club-mate_icetea": null, "drink:fritz-kola": null, "drink:fritz-limo": null, "drink:fritz-mischmasch": null, "drink:kolle-kolla": null, "drink:kolle-zotrine": null, "drink:lemonaid": null, "drink:mio_mio_cola": null, "drink:mio_mio_mate": null, "drink:vita_cola": null, "organic": null, "payment:contactless": null, "stroller": "yes", "start_date": null, "old_name": null, "contact:website": null, "layer": null, "toilets:wheelchair": null, "source": null, "payment:app": null, "payment:apple_pay": null, "payment:cards": null, "payment:coins": null, "payment:google_pay": null, "payment:visa_debit": null, "origin": null, "drink:charitea": null, "drink:kolle-jolle-mate": null, "drink:kolle-mate": null, "payment:debit_cards": "yes", "operator:wikidata": null, "drink:vita_limo": null, "contact:phone": null, "cash_withdrawal:limit": null, "post_office": null, "post_office:brand": null, "post_office:service_provider": null, "bulk_purchase": null, "dog": "no", "air_conditioning": null, "payment:notes": null, "ref:rewe": "5151", "addr:suburb": null, "membership": null, "access:covid19": null, "alt_name": null, "delivery:covid19": null, "takeaway:covid19": null, "discount:students": null, "currency:EUR": null, "internet_access:password": null, "internet_access:ssid": null, "post_office:brand:wikidata": null, "post_office:brand:wikipedia": null, "ref:deutsche_post": null, "description": null, "payment:mastercard_contactless": null, "payment:sodexo": null, "payment:v_pay": null, "fax": null, "drink:club-mate_granat": null, "opening_date": null, "payment:account_cards": null, "payment:payback_app": null, "wheelchair:description:de": null, "note": null, "cuisine": null, "diet:vegan": null, "diet:vegetarian": null, "contact:email": null, "branch": null, "short_name": null, "drink:kolle-kilimo": null, "drink:kombucha": null, "drink:sake": null, "drinking_water:refill": null, "drinking_water:refill:network": null, "payment:vpay": null, "payment:american_express": null, "source:name": null, "toilets": null, "diet:gluten_free": null, "diet:lactose_free": null, "post_office:id_check": null, "post_office:oversized_item": null, "post_office:packaging": null, "post_office:parcel_from": null, "post_office:parcel_pickup": null, "post_office:parcel_to": null, "post_office:post_bank": null, "post_office:stamps": null, "payment:visa_electron": null, "fair_trade": null, "reusable_packaging:accept": null, "payment:cryptocurrencies": null, "building": null, "building:levels": null, "roof:shape": null, "vending": null, "building:roof": null, "roof:colour": null, "building:colour": null, "height": null, "roof:levels": null, "roof:height": null, "drink:coffee": null, "contact:facebook": null, "delivery": null, "contact:instagram": null, "payment:netto_app": null, "landuse": null, "indoor": null, "name:ru": null, "room": null }, "geometry": { "type": "Point", "coordinates": [ 13.7500037, 51.0703365 ] } },
{ "type": "Feature", "properties": { "element": "node", "id": 692769067, "addr:city": "Dresden", "addr:housenumber": "1", "addr:postcode": "01328", "addr:street": "An der Prießnitzaue", "brand": null, "brand:wikidata": null, "brand:wikipedia": null, "check_date:opening_hours": "2024-07-13", "level": "0", "name": "Biowelt", "opening_hours": "Mo-Fr 09:00-20:00; Sa 09:00-18:00; PH closed", "shop": "supermarket", "wheelchair": "yes", "internet_access": null, "internet_access:access": null, "internet_access:fee": null, "operator": null, "phone": null, "website": "https://www.biowelt-kaufmann.de/", "addr:country": "DE", "check_date": null, "email": null, "payment:mastercard": null, "payment:visa": null, "payment:cash": null, "payment:girocard": null, "payment:maestro": null, "self_checkout": null, "ref:vatin": null, "payment:credit_cards": null, "operator:tax": null, "ref": null, "diet:halal": null, "diet:kosher": null, "lastcheck": null, "access": null, "entrance": null, "cash_withdrawal": null, "cash_withdrawal:purchase_minimum": null, "cash_withdrawal:purchase_required": null, "cash_withdrawal:type": null, "drink:bionade": null, "drink:bionade_mate": null, "drink:charitea_mate": null, "drink:club-mate": null, "drink:club-mate_icetea": null, "drink:fritz-kola": null, "drink:fritz-limo": null, "drink:fritz-mischmasch": null, "drink:kolle-kolla": null, "drink:kolle-zotrine": null, "drink:lemonaid": null, "drink:mio_mio_cola": null, "drink:mio_mio_mate": null, "drink:vita_cola": null, "organic": "only", "payment:contactless": null, "stroller": null, "start_date": null, "old_name": null, "contact:website": null, "layer": null, "toilets:wheelchair": null, "source": null, "payment:app": null, "payment:apple_pay": null, "payment:cards": null, "payment:coins": null, "payment:google_pay": null, "payment:visa_debit": null, "origin": null, "drink:charitea": null, "drink:kolle-jolle-mate": null, "drink:kolle-mate": null, "payment:debit_cards": null, "operator:wikidata": null, "drink:vita_limo": null, "contact:phone": null, "cash_withdrawal:limit": null, "post_office": null, "post_office:brand": null, "post_office:service_provider": null, "bulk_purchase": null, "dog": null, "air_conditioning": null, "payment:notes": null, "ref:rewe": null, "addr:suburb": "Weißig", "membership": null, "access:covid19": null, "alt_name": null, "delivery:covid19": null, "takeaway:covid19": null, "discount:students": null, "currency:EUR": null, "internet_access:password": null, "internet_access:ssid": null, "post_office:brand:wikidata": null, "post_office:brand:wikipedia": null, "ref:deutsche_post": null, "description": null, "payment:mastercard_contactless": null, "payment:sodexo": null, "payment:v_pay": null, "fax": null, "drink:club-mate_granat": null, "opening_date": null, "payment:account_cards": null, "payment:payback_app": null, "wheelchair:description:de": null, "note": null, "cuisine": null, "diet:vegan": null, "diet:vegetarian": null, "contact:email": null, "branch": null, "short_name": null, "drink:kolle-kilimo": null, "drink:kombucha": null, "drink:sake": null, "drinking_water:refill": null, "drinking_water:refill:network": null, "payment:vpay": null, "payment:american_express": null, "source:name": null, "toilets": null, "diet:gluten_free": null, "diet:lactose_free": null, "post_office:id_check": null, "post_office:oversized_item": null, "post_office:packaging": null, "post_office:parcel_from": null, "post_office:parcel_pickup": null, "post_office:parcel_to": null, "post_office:post_bank": null, "post_office:stamps": null, "payment:visa_electron": null, "fair_trade": null, "reusable_packaging:accept": null, "payment:cryptocurrencies": null, "building": null, "building:levels": null, "roof:shape": null, "vending": null, "building:roof": null, "roof:colour": null, "building:colour": null, "height": null, "roof:levels": null, "roof:height": null, "drink:coffee": null, "contact:facebook": null, "delivery": null, "contact:instagram": null, "payment:netto_app": null, "landuse": null, "indoor": null, "name:ru": null, "room": null }, "geometry": { "type": "Point", "coordinates": [ 13.8931091, 51.0658863 ] } },
{ "type": "Feature", "properties": { "element": "node", "id": 694575719, "addr:city": "Dresden", "addr:housenumber": "32", "addr:postcode": "01097", "addr:street": "Fritz-Reuter-Straße", "brand": null, "brand:wikidata": null, "brand:wikipedia": null, "check_date:opening_hours": null, "level": null, "name": "VG Bio-Markt", "opening_hours": "Mo-Fr 09:00-20:00; Sa 09:00-18:00", "shop": "supermarket", "wheelchair": "yes", "internet_access": null, "internet_access:access": null, "internet_access:fee": null, "operator": null, "phone": "+49 351 4278147", "website": "https://www.vg-dresden.de/", "addr:country": "DE", "check_date": null, "email": "naturkost.reuter@vg-dresden.de", "payment:mastercard": null, "payment:visa": null, "payment:cash": null, "payment:girocard": null, "payment:maestro": null, "self_checkout": null, "ref:vatin": null, "payment:credit_cards": null, "operator:tax": null, "ref": null, "diet:halal": null, "diet:kosher": null, "lastcheck": null, "access": null, "entrance": "yes", "cash_withdrawal": null, "cash_withdrawal:purchase_minimum": null, "cash_withdrawal:purchase_required": null, "cash_withdrawal:type": null, "drink:bionade": null, "drink:bionade_mate": null, "drink:charitea_mate": null, "drink:club-mate": null, "drink:club-mate_icetea": null, "drink:fritz-kola": null, "drink:fritz-limo": null, "drink:fritz-mischmasch": null, "drink:kolle-kolla": null, "drink:kolle-zotrine": null, "drink:lemonaid": null, "drink:mio_mio_cola": null, "drink:mio_mio_mate": null, "drink:vita_cola": null, "organic": "yes", "payment:contactless": null, "stroller": null, "start_date": null, "old_name": null, "contact:website": null, "layer": null, "toilets:wheelchair": null, "source": null, "payment:app": null, "payment:apple_pay": null, "payment:cards": null, "payment:coins": null, "payment:google_pay": null, "payment:visa_debit": null, "origin": null, "drink:charitea": null, "drink:kolle-jolle-mate": null, "drink:kolle-mate": null, "payment:debit_cards": null, "operator:wikidata": null, "drink:vita_limo": null, "contact:phone": null, "cash_withdrawal:limit": null, "post_office": null, "post_office:brand": null, "post_office:service_provider": null, "bulk_purchase": null, "dog": null, "air_conditioning": null, "payment:notes": null, "ref:rewe": null, "addr:suburb": null, "membership": "yes", "access:covid19": null, "alt_name": null, "delivery:covid19": null, "takeaway:covid19": null, "discount:students": null, "currency:EUR": null, "internet_access:password": null, "internet_access:ssid": null, "post_office:brand:wikidata": null, "post_office:brand:wikipedia": null, "ref:deutsche_post": null, "description": null, "payment:mastercard_contactless": null, "payment:sodexo": null, "payment:v_pay": null, "fax": null, "drink:club-mate_granat": null, "opening_date": null, "payment:account_cards": null, "payment:payback_app": null, "wheelchair:description:de": null, "note": null, "cuisine": null, "diet:vegan": null, "diet:vegetarian": null, "contact:email": null, "branch": null, "short_name": null, "drink:kolle-kilimo": null, "drink:kombucha": null, "drink:sake": null, "drinking_water:refill": null, "drinking_water:refill:network": null, "payment:vpay": null, "payment:american_express": null, "source:name": null, "toilets": null, "diet:gluten_free": null, "diet:lactose_free": null, "post_office:id_check": null, "post_office:oversized_item": null, "post_office:packaging": null, "post_office:parcel_from": null, "post_office:parcel_pickup": null, "post_office:parcel_to": null, "post_office:post_bank": null, "post_office:stamps": null, "payment:visa_electron": null, "fair_trade": null, "reusable_packaging:accept": null, "payment:cryptocurrencies": null, "building": null, "building:levels": null, "roof:shape": null, "vending": null, "building:roof": null, "roof:colour": null, "building:colour": null, "height": null, "roof:levels": null, "roof:height": null, "drink:coffee": null, "contact:facebook": null, "delivery": null, "contact:instagram": null, "payment:netto_app": null, "landuse": null, "indoor": null, "name:ru": null, "room": null }, "geometry": { "type": "Point", "coordinates": [ 13.738384, 51.0749754 ] } },
{ "type": "Feature", "properties": { "element": "node", "id": 725613848, "addr:city": null, "addr:housenumber": null, "addr:postcode": null, "addr:street": null, "brand": "ALDI Nord", "brand:wikidata": "Q41171373", "brand:wikipedia": null, "check_date:opening_hours": null, "level": "0", "name": "ALDI", "opening_hours": "Mo-Sa 08:00-20:00; Su off", "shop": "supermarket", "wheelchair": "yes", "internet_access": null, "internet_access:access": null, "internet_access:fee": null, "operator": null, "phone": null, "website": null, "addr:country": null, "check_date": "2023-10-14", "email": null, "payment:mastercard": null, "payment:visa": null, "payment:cash": "yes", "payment:girocard": null, "payment:maestro": null, "self_checkout": null, "ref:vatin": null, "payment:credit_cards": "yes", "operator:tax": null, "ref": null, "diet:halal": null, "diet:kosher": null, "lastcheck": null, "access": null, "entrance": null, "cash_withdrawal": null, "cash_withdrawal:purchase_minimum": null, "cash_withdrawal:purchase_required": null, "cash_withdrawal:type": null, "drink:bionade": null, "drink:bionade_mate": null, "drink:charitea_mate": null, "drink:club-mate": null, "drink:club-mate_icetea": null, "drink:fritz-kola": null, "drink:fritz-limo": null, "drink:fritz-mischmasch": null, "drink:kolle-kolla": null, "drink:kolle-zotrine": null, "drink:lemonaid": null, "drink:mio_mio_cola": null, "drink:mio_mio_mate": null, "drink:vita_cola": null, "organic": null, "payment:contactless": null, "stroller": null, "start_date": null, "old_name": null, "contact:website": null, "layer": null, "toilets:wheelchair": null, "source": null, "payment:app": null, "payment:apple_pay": null, "payment:cards": null, "payment:coins": null, "payment:google_pay": null, "payment:visa_debit": null, "origin": null, "drink:charitea": null, "drink:kolle-jolle-mate": null, "drink:kolle-mate": null, "payment:debit_cards": "yes", "operator:wikidata": null, "drink:vita_limo": null, "contact:phone": null, "cash_withdrawal:limit": null, "post_office": null, "post_office:brand": null, "post_office:service_provider": null, "bulk_purchase": null, "dog": null, "air_conditioning": null, "payment:notes": null, "ref:rewe": null, "addr:suburb": null, "membership": null, "access:covid19": null, "alt_name": null, "delivery:covid19": null, "takeaway:covid19": null, "discount:students": null, "currency:EUR": null, "internet_access:password": null, "internet_access:ssid": null, "post_office:brand:wikidata": null, "post_office:brand:wikipedia": null, "ref:deutsche_post": null, "description": null, "payment:mastercard_contactless": null, "payment:sodexo": null, "payment:v_pay": null, "fax": null, "drink:club-mate_granat": null, "opening_date": null, "payment:account_cards": null, "payment:payback_app": null, "wheelchair:description:de": null, "note": null, "cuisine": null, "diet:vegan": null, "diet:vegetarian": null, "contact:email": null, "branch": null, "short_name": null, "drink:kolle-kilimo": null, "drink:kombucha": null, "drink:sake": null, "drinking_water:refill": null, "drinking_water:refill:network": null, "payment:vpay": null, "payment:american_express": null, "source:name": null, "toilets": null, "diet:gluten_free": null, "diet:lactose_free": null, "post_office:id_check": null, "post_office:oversized_item": null, "post_office:packaging": null, "post_office:parcel_from": null, "post_office:parcel_pickup": null, "post_office:parcel_to": null, "post_office:post_bank": null, "post_office:stamps": null, "payment:visa_electron": null, "fair_trade": null, "reusable_packaging:accept": null, "payment:cryptocurrencies": null, "building": null, "building:levels": null, "roof:shape": null, "vending": null, "building:roof": null, "roof:colour": null, "building:colour": null, "height": null, "roof:levels": null, "roof:height": null, "drink:coffee": null, "contact:facebook": null, "delivery": null, "contact:instagram": null, "payment:netto_app": null, "landuse": null, "indoor": null, "name:ru": null, "room": null }, "geometry": { "type": "Point", "coordinates": [ 13.735348, 51.0446008 ] } },
{ "type": "Feature", "properties": { "element": "node", "id": 766770876, "addr:city": "Dresden", "addr:housenumber": "71", "addr:postcode": "01109", "addr:street": "Boltenhagener Straße", "brand": "Konsum Dresden", "brand:wikidata": "Q1618877", "brand:wikipedia": null, "check_date:opening_hours": "2024-08-03", "level": null, "name": "Konsum", "opening_hours": "Mo-Sa 08:00-20:00", "shop": "supermarket", "wheelchair": "yes", "internet_access": "wlan", "internet_access:access": "customers", "internet_access:fee": "no", "operator": "KONSUM DRESDEN eG", "phone": "+49 351 8881405", "website": "https://www.konsum.de/", "addr:country": "DE", "check_date": null, "email": null, "payment:mastercard": null, "payment:visa": null, "payment:cash": null, "payment:girocard": null, "payment:maestro": null, "self_checkout": null, "ref:vatin": null, "payment:credit_cards": null, "operator:tax": null, "ref": null, "diet:halal": null, "diet:kosher": null, "lastcheck": null, "access": null, "entrance": null, "cash_withdrawal": null, "cash_withdrawal:purchase_minimum": null, "cash_withdrawal:purchase_required": null, "cash_withdrawal:type": null, "drink:bionade": null, "drink:bionade_mate": null, "drink:charitea_mate": null, "drink:club-mate": null, "drink:club-mate_icetea": null, "drink:fritz-kola": null, "drink:fritz-limo": null, "drink:fritz-mischmasch": null, "drink:kolle-kolla": null, "drink:kolle-zotrine": null, "drink:lemonaid": null, "drink:mio_mio_cola": null, "drink:mio_mio_mate": null, "drink:vita_cola": null, "organic": null, "payment:contactless": null, "stroller": null, "start_date": null, "old_name": null, "contact:website": null, "layer": null, "toilets:wheelchair": null, "source": null, "payment:app": null, "payment:apple_pay": null, "payment:cards": null, "payment:coins": null, "payment:google_pay": null, "payment:visa_debit": null, "origin": null, "drink:charitea": null, "drink:kolle-jolle-mate": null, "drink:kolle-mate": null, "payment:debit_cards": null, "operator:wikidata": null, "drink:vita_limo": null, "contact:phone": null, "cash_withdrawal:limit": null, "post_office": "post_partner", "post_office:brand": null, "post_office:service_provider": null, "bulk_purchase": null, "dog": null, "air_conditioning": null, "payment:notes": null, "ref:rewe": null, "addr:suburb": null, "membership": null, "access:covid19": null, "alt_name": null, "delivery:covid19": null, "takeaway:covid19": null, "discount:students": null, "currency:EUR": null, "internet_access:password": null, "internet_access:ssid": null, "post_office:brand:wikidata": null, "post_office:brand:wikipedia": null, "ref:deutsche_post": null, "description": null, "payment:mastercard_contactless": null, "payment:sodexo": null, "payment:v_pay": null, "fax": null, "drink:club-mate_granat": null, "opening_date": null, "payment:account_cards": null, "payment:payback_app": null, "wheelchair:description:de": null, "note": null, "cuisine": null, "diet:vegan": null, "diet:vegetarian": null, "contact:email": null, "branch": null, "short_name": null, "drink:kolle-kilimo": null, "drink:kombucha": null, "drink:sake": null, "drinking_water:refill": null, "drinking_water:refill:network": null, "payment:vpay": null, "payment:american_express": null, "source:name": null, "toilets": null, "diet:gluten_free": null, "diet:lactose_free": null, "post_office:id_check": null, "post_office:oversized_item": null, "post_office:packaging": null, "post_office:parcel_from": null, "post_office:parcel_pickup": null, "post_office:parcel_to": null, "post_office:post_bank": null, "post_office:stamps": null, "payment:visa_electron": null, "fair_trade": null, "reusable_packaging:accept": null, "payment:cryptocurrencies": null, "building": null, "building:levels": null, "roof:shape": null, "vending": null, "building:roof": null, "roof:colour": null, "building:colour": null, "height": null, "roof:levels": null, "roof:height": null, "drink:coffee": null, "contact:facebook": null, "delivery": null, "contact:instagram": null, "payment:netto_app": null, "landuse": null, "indoor": null, "name:ru": null, "room": null }, "geometry": { "type": "Point", "coordinates": [ 13.767657, 51.118454 ] } },
{ "type": "Feature", "properties": { "element": "node", "id": 857474570, "addr:city": "Dresden", "addr:housenumber": "15", "addr:postcode": "01219", "addr:street": "Lockwitzer Straße", "brand": null, "brand:wikidata": null, "brand:wikipedia": null, "check_date:opening_hours": "2024-01-11", "level": "0", "name": "Frida", "opening_hours": "Mo-Sa 07:00-20:00", "shop": "supermarket", "wheelchair": "yes", "internet_access": "wlan", "internet_access:access": "customers", "internet_access:fee": "no", "operator": "KONSUM DRESDEN eG", "phone": null, "website": null, "addr:country": "DE", "check_date": null, "email": null, "payment:mastercard": null, "payment:visa": null, "payment:cash": null, "payment:girocard": null, "payment:maestro": null, "self_checkout": null, "ref:vatin": null, "payment:credit_cards": null, "operator:tax": null, "ref": null, "diet:halal": null, "diet:kosher": null, "lastcheck": null, "access": null, "entrance": null, "cash_withdrawal": null, "cash_withdrawal:purchase_minimum": null, "cash_withdrawal:purchase_required": null, "cash_withdrawal:type": null, "drink:bionade": null, "drink:bionade_mate": null, "drink:charitea_mate": null, "drink:club-mate": null, "drink:club-mate_icetea": null, "drink:fritz-kola": null, "drink:fritz-limo": null, "drink:fritz-mischmasch": null, "drink:kolle-kolla": null, "drink:kolle-zotrine": null, "drink:lemonaid": null, "drink:mio_mio_cola": null, "drink:mio_mio_mate": null, "drink:vita_cola": null, "organic": null, "payment:contactless": null, "stroller": null, "start_date": null, "old_name": null, "contact:website": "https://www.konsum.de/", "layer": null, "toilets:wheelchair": null, "source": null, "payment:app": null, "payment:apple_pay": null, "payment:cards": null, "payment:coins": null, "payment:google_pay": null, "payment:visa_debit": null, "origin": null, "drink:charitea": null, "drink:kolle-jolle-mate": null, "drink:kolle-mate": null, "payment:debit_cards": null, "operator:wikidata": null, "drink:vita_limo": null, "contact:phone": null, "cash_withdrawal:limit": null, "post_office": null, "post_office:brand": null, "post_office:service_provider": null, "bulk_purchase": null, "dog": null, "air_conditioning": null, "payment:notes": null, "ref:rewe": null, "addr:suburb": null, "membership": null, "access:covid19": null, "alt_name": null, "delivery:covid19": null, "takeaway:covid19": null, "discount:students": null, "currency:EUR": null, "internet_access:password": null, "internet_access:ssid": null, "post_office:brand:wikidata": null, "post_office:brand:wikipedia": null, "ref:deutsche_post": null, "description": null, "payment:mastercard_contactless": null, "payment:sodexo": null, "payment:v_pay": null, "fax": null, "drink:club-mate_granat": null, "opening_date": null, "payment:account_cards": null, "payment:payback_app": null, "wheelchair:description:de": null, "note": null, "cuisine": null, "diet:vegan": null, "diet:vegetarian": null, "contact:email": null, "branch": null, "short_name": null, "drink:kolle-kilimo": null, "drink:kombucha": null, "drink:sake": null, "drinking_water:refill": null, "drinking_water:refill:network": null, "payment:vpay": null, "payment:american_express": null, "source:name": null, "toilets": null, "diet:gluten_free": null, "diet:lactose_free": null, "post_office:id_check": null, "post_office:oversized_item": null, "post_office:packaging": null, "post_office:parcel_from": null, "post_office:parcel_pickup": null, "post_office:parcel_to": null, "post_office:post_bank": null, "post_office:stamps": null, "payment:visa_electron": null, "fair_trade": null, "reusable_packaging:accept": null, "payment:cryptocurrencies": null, "building": null, "building:levels": null, "roof:shape": null, "vending": null, "building:roof": null, "roof:colour": null, "building:colour": null, "height": null, "roof:levels": null, "roof:height": null, "drink:coffee": null, "contact:facebook": null, "delivery": null, "contact:instagram": null, "payment:netto_app": null, "landuse": null, "indoor": null, "name:ru": null, "room": null }, "geometry": { "type": "Point", "coordinates": [ 13.761583, 51.025582 ] } },
{ "type": "Feature", "properties": { "element": "node", "id": 879002295, "addr:city": "Dresden", "addr:housenumber": "8", "addr:postcode": "01309", "addr:street": "Hüblerstraße", "brand": "Konsum Dresden", "brand:wikidata": "Q1618877", "brand:wikipedia": null, "check_date:opening_hours": "2024-12-18", "level": "-1", "name": "Konsum", "opening_hours": "Mo-Sa 08:00-20:00", "shop": "supermarket", "wheelchair": "yes", "internet_access": "wlan", "internet_access:access": "customers", "internet_access:fee": "no", "operator": "KONSUM DRESDEN eG", "phone": null, "website": "https://www.konsum.de/", "addr:country": "DE", "check_date": null, "email": null, "payment:mastercard": null, "payment:visa": null, "payment:cash": null, "payment:girocard": null, "payment:maestro": null, "self_checkout": null, "ref:vatin": null, "payment:credit_cards": null, "operator:tax": null, "ref": null, "diet:halal": "yes", "diet:kosher": "yes", "lastcheck": null, "access": null, "entrance": null, "cash_withdrawal": null, "cash_withdrawal:purchase_minimum": null, "cash_withdrawal:purchase_required": null, "cash_withdrawal:type": null, "drink:bionade": null, "drink:bionade_mate": null, "drink:charitea_mate": null, "drink:club-mate": null, "drink:club-mate_icetea": null, "drink:fritz-kola": null, "drink:fritz-limo": null, "drink:fritz-mischmasch": null, "drink:kolle-kolla": null, "drink:kolle-zotrine": null, "drink:lemonaid": null, "drink:mio_mio_cola": null, "drink:mio_mio_mate": null, "drink:vita_cola": null, "organic": null, "payment:contactless": null, "stroller": null, "start_date": null, "old_name": null, "contact:website": null, "layer": null, "toilets:wheelchair": null, "source": null, "payment:app": null, "payment:apple_pay": null, "payment:cards": null, "payment:coins": null, "payment:google_pay": null, "payment:visa_debit": null, "origin": null, "drink:charitea": null, "drink:kolle-jolle-mate": null, "drink:kolle-mate": null, "payment:debit_cards": null, "operator:wikidata": null, "drink:vita_limo": null, "contact:phone": null, "cash_withdrawal:limit": null, "post_office": null, "post_office:brand": null, "post_office:service_provider": null, "bulk_purchase": null, "dog": null, "air_conditioning": null, "payment:notes": null, "ref:rewe": null, "addr:suburb": null, "membership": null, "access:covid19": null, "alt_name": null, "delivery:covid19": null, "takeaway:covid19": null, "discount:students": null, "currency:EUR": null, "internet_access:password": null, "internet_access:ssid": null, "post_office:brand:wikidata": null, "post_office:brand:wikipedia": null, "ref:deutsche_post": null, "description": null, "payment:mastercard_contactless": null, "payment:sodexo": null, "payment:v_pay": null, "fax": null, "drink:club-mate_granat": null, "opening_date": null, "payment:account_cards": null, "payment:payback_app": null, "wheelchair:description:de": null, "note": null, "cuisine": null, "diet:vegan": null, "diet:vegetarian": null, "contact:email": null, "branch": null, "short_name": null, "drink:kolle-kilimo": null, "drink:kombucha": null, "drink:sake": null, "drinking_water:refill": null, "drinking_water:refill:network": null, "payment:vpay": null, "payment:american_express": null, "source:name": null, "toilets": null, "diet:gluten_free": null, "diet:lactose_free": null, "post_office:id_check": null, "post_office:oversized_item": null, "post_office:packaging": null, "post_office:parcel_from": null, "post_office:parcel_pickup": null, "post_office:parcel_to": null, "post_office:post_bank": null, "post_office:stamps": null, "payment:visa_electron": null, "fair_trade": null, "reusable_packaging:accept": null, "payment:cryptocurrencies": null, "building": null, "building:levels": null, "roof:shape": null, "vending": null, "building:roof": null, "roof:colour": null, "building:colour": null, "height": null, "roof:levels": null, "roof:height": null, "drink:coffee": null, "contact:facebook": null, "delivery": null, "contact:instagram": null, "payment:netto_app": null, "landuse": null, "indoor": null, "name:ru": null, "room": null }, "geometry": { "type": "Point", "coordinates": [ 13.8046736, 51.051683 ] } },
{ "type": "Feature", "properties": { "element": "node", "id": 894535337, "addr:city": "Dresden", "addr:housenumber": "34", "addr:postcode": "01309", "addr:street": "Schandauer Straße", "brand": "NORMA", "brand:wikidata": "Q450180", "brand:wikipedia": "de:Norma (Supermarkt)", "check_date:opening_hours": "2024-04-18", "level": null, "name": "NORMA", "opening_hours": "Mo-Sa 08:00-20:00", "shop": "supermarket", "wheelchair": "yes", "internet_access": null, "internet_access:access": null, "internet_access:fee": null, "operator": null, "phone": null, "website": null, "addr:country": null, "check_date": null, "email": null, "payment:mastercard": null, "payment:visa": null, "payment:cash": null, "payment:girocard": null, "payment:maestro": null, "self_checkout": null, "ref:vatin": null, "payment:credit_cards": null, "operator:tax": null, "ref": null, "diet:halal": "yes", "diet:kosher": "yes", "lastcheck": null, "access": null, "entrance": null, "cash_withdrawal": null, "cash_withdrawal:purchase_minimum": null, "cash_withdrawal:purchase_required": null, "cash_withdrawal:type": null, "drink:bionade": null, "drink:bionade_mate": null, "drink:charitea_mate": null, "drink:club-mate": null, "drink:club-mate_icetea": null, "drink:fritz-kola": null, "drink:fritz-limo": null, "drink:fritz-mischmasch": null, "drink:kolle-kolla": null, "drink:kolle-zotrine": null, "drink:lemonaid": null, "drink:mio_mio_cola": null, "drink:mio_mio_mate": null, "drink:vita_cola": null, "organic": null, "payment:contactless": null, "stroller": null, "start_date": null, "old_name": null, "contact:website": null, "layer": null, "toilets:wheelchair": null, "source": null, "payment:app": null, "payment:apple_pay": null, "payment:cards": null, "payment:coins": null, "payment:google_pay": null, "payment:visa_debit": null, "origin": null, "drink:charitea": null, "drink:kolle-jolle-mate": null, "drink:kolle-mate": null, "payment:debit_cards": null, "operator:wikidata": null, "drink:vita_limo": null, "contact:phone": null, "cash_withdrawal:limit": null, "post_office": null, "post_office:brand": null, "post_office:service_provider": null, "bulk_purchase": null, "dog": null, "air_conditioning": null, "payment:notes": null, "ref:rewe": null, "addr:suburb": null, "membership": null, "access:covid19": null, "alt_name": null, "delivery:covid19": null, "takeaway:covid19": null, "discount:students": null, "currency:EUR": null, "internet_access:password": null, "internet_access:ssid": null, "post_office:brand:wikidata": null, "post_office:brand:wikipedia": null, "ref:deutsche_post": null, "description": null, "payment:mastercard_contactless": null, "payment:sodexo": null, "payment:v_pay": null, "fax": null, "drink:club-mate_granat": null, "opening_date": null, "payment:account_cards": null, "payment:payback_app": null, "wheelchair:description:de": null, "note": null, "cuisine": null, "diet:vegan": null, "diet:vegetarian": null, "contact:email": null, "branch": null, "short_name": null, "drink:kolle-kilimo": null, "drink:kombucha": null, "drink:sake": null, "drinking_water:refill": null, "drinking_water:refill:network": null, "payment:vpay": null, "payment:american_express": null, "source:name": null, "toilets": null, "diet:gluten_free": null, "diet:lactose_free": null, "post_office:id_check": null, "post_office:oversized_item": null, "post_office:packaging": null, "post_office:parcel_from": null, "post_office:parcel_pickup": null, "post_office:parcel_to": null, "post_office:post_bank": null, "post_office:stamps": null, "payment:visa_electron": null, "fair_trade": null, "reusable_packaging:accept": null, "payment:cryptocurrencies": null, "building": null, "building:levels": null, "roof:shape": null, "vending": null, "building:roof": null, "roof:colour": null, "building:colour": null, "height": null, "roof:levels": null, "roof:height": null, "drink:coffee": null, "contact:facebook": null, "delivery": null, "contact:instagram": null, "payment:netto_app": null, "landuse": null, "indoor": null, "name:ru": null, "room": null }, "geometry": { "type": "Point", "coordinates": [ 13.7927834, 51.0427189 ] } },
{ "type": "Feature", "properties": { "element": "node", "id": 918172017, "addr:city": "Dresden", "addr:housenumber": "19a", "addr:postcode": "01324", "addr:street": "Lahmannring", "brand": "Konsum Dresden", "brand:wikidata": "Q1618877", "brand:wikipedia": null, "check_date:opening_hours": "2021-05-11", "level": null, "name": "Konsum", "opening_hours": "Mo-Sa 08:00-21:00", "shop": "supermarket", "wheelchair": "yes", "internet_access": "wlan", "internet_access:access": "customers", "internet_access:fee": "no", "operator": "KONSUM DRESDEN eG", "phone": null, "website": "https://www.konsum.de/", "addr:country": "DE", "check_date": null, "email": null, "payment:mastercard": null, "payment:visa": null, "payment:cash": null, "payment:girocard": null, "payment:maestro": null, "self_checkout": null, "ref:vatin": null, "payment:credit_cards": null, "operator:tax": null, "ref": null, "diet:halal": null, "diet:kosher": null, "lastcheck": null, "access": null, "entrance": null, "cash_withdrawal": null, "cash_withdrawal:purchase_minimum": null, "cash_withdrawal:purchase_required": null, "cash_withdrawal:type": null, "drink:bionade": null, "drink:bionade_mate": null, "drink:charitea_mate": null, "drink:club-mate": null, "drink:club-mate_icetea": null, "drink:fritz-kola": null, "drink:fritz-limo": null, "drink:fritz-mischmasch": null, "drink:kolle-kolla": null, "drink:kolle-zotrine": null, "drink:lemonaid": null, "drink:mio_mio_cola": null, "drink:mio_mio_mate": null, "drink:vita_cola": null, "organic": null, "payment:contactless": null, "stroller": null, "start_date": null, "old_name": null, "contact:website": null, "layer": null, "toilets:wheelchair": null, "source": null, "payment:app": null, "payment:apple_pay": null, "payment:cards": null, "payment:coins": null, "payment:google_pay": null, "payment:visa_debit": null, "origin": null, "drink:charitea": null, "drink:kolle-jolle-mate": null, "drink:kolle-mate": null, "payment:debit_cards": null, "operator:wikidata": null, "drink:vita_limo": null, "contact:phone": null, "cash_withdrawal:limit": null, "post_office": null, "post_office:brand": null, "post_office:service_provider": null, "bulk_purchase": null, "dog": null, "air_conditioning": null, "payment:notes": null, "ref:rewe": null, "addr:suburb": null, "membership": null, "access:covid19": "yes", "alt_name": "Konsum", "delivery:covid19": "yes", "takeaway:covid19": "yes", "discount:students": null, "currency:EUR": null, "internet_access:password": null, "internet_access:ssid": null, "post_office:brand:wikidata": null, "post_office:brand:wikipedia": null, "ref:deutsche_post": null, "description": null, "payment:mastercard_contactless": null, "payment:sodexo": null, "payment:v_pay": null, "fax": null, "drink:club-mate_granat": null, "opening_date": null, "payment:account_cards": null, "payment:payback_app": null, "wheelchair:description:de": null, "note": null, "cuisine": null, "diet:vegan": null, "diet:vegetarian": null, "contact:email": null, "branch": null, "short_name": null, "drink:kolle-kilimo": null, "drink:kombucha": null, "drink:sake": null, "drinking_water:refill": null, "drinking_water:refill:network": null, "payment:vpay": null, "payment:american_express": null, "source:name": null, "toilets": null, "diet:gluten_free": null, "diet:lactose_free": null, "post_office:id_check": null, "post_office:oversized_item": null, "post_office:packaging": null, "post_office:parcel_from": null, "post_office:parcel_pickup": null, "post_office:parcel_to": null, "post_office:post_bank": null, "post_office:stamps": null, "payment:visa_electron": null, "fair_trade": null, "reusable_packaging:accept": null, "payment:cryptocurrencies": null, "building": null, "building:levels": null, "roof:shape": null, "vending": null, "building:roof": null, "roof:colour": null, "building:colour": null, "height": null, "roof:levels": null, "roof:height": null, "drink:coffee": null, "contact:facebook": null, "delivery": null, "contact:instagram": null, "payment:netto_app": null, "landuse": null, "indoor": null, "name:ru": null, "room": null }, "geometry": { "type": "Point", "coordinates": [ 13.8217344, 51.0629332 ] } },
{ "type": "Feature", "properties": { "element": "node", "id": 968177458, "addr:city": null, "addr:housenumber": null, "addr:postcode": null, "addr:street": null, "brand": "Netto Marken-Discount", "brand:wikidata": "Q879858", "brand:wikipedia": "de:Netto Marken-Discount", "check_date:opening_hours": "2024-02-08", "level": null, "name": "Netto Marken-Discount", "opening_hours": "Mo-Sa 07:00-22:00", "shop": "supermarket", "wheelchair": "yes", "internet_access": null, "internet_access:access": null, "internet_access:fee": null, "operator": null, "phone": null, "website": "https://www.netto-online.de/filialen/Dresden/Gerichtsstr-1/4929/", "addr:country": null, "check_date": null, "email": null, "payment:mastercard": null, "payment:visa": null, "payment:cash": null, "payment:girocard": null, "payment:maestro": null, "self_checkout": null, "ref:vatin": null, "payment:credit_cards": null, "operator:tax": null, "ref": null, "diet:halal": "yes", "diet:kosher": "no", "lastcheck": null, "access": null, "entrance": null, "cash_withdrawal": null, "cash_withdrawal:purchase_minimum": null, "cash_withdrawal:purchase_required": null, "cash_withdrawal:type": null, "drink:bionade": null, "drink:bionade_mate": null, "drink:charitea_mate": null, "drink:club-mate": null, "drink:club-mate_icetea": null, "drink:fritz-kola": null, "drink:fritz-limo": null, "drink:fritz-mischmasch": null, "drink:kolle-kolla": null, "drink:kolle-zotrine": null, "drink:lemonaid": null, "drink:mio_mio_cola": null, "drink:mio_mio_mate": null, "drink:vita_cola": null, "organic": null, "payment:contactless": null, "stroller": null, "start_date": null, "old_name": null, "contact:website": null, "layer": null, "toilets:wheelchair": null, "source": null, "payment:app": null, "payment:apple_pay": null, "payment:cards": null, "payment:coins": null, "payment:google_pay": null, "payment:visa_debit": null, "origin": null, "drink:charitea": null, "drink:kolle-jolle-mate": null, "drink:kolle-mate": null, "payment:debit_cards": null, "operator:wikidata": null, "drink:vita_limo": null, "contact:phone": null, "cash_withdrawal:limit": null, "post_office": null, "post_office:brand": null, "post_office:service_provider": null, "bulk_purchase": null, "dog": null, "air_conditioning": null, "payment:notes": null, "ref:rewe": null, "addr:suburb": null, "membership": null, "access:covid19": null, "alt_name": null, "delivery:covid19": null, "takeaway:covid19": null, "discount:students": null, "currency:EUR": null, "internet_access:password": null, "internet_access:ssid": null, "post_office:brand:wikidata": null, "post_office:brand:wikipedia": null, "ref:deutsche_post": null, "description": null, "payment:mastercard_contactless": null, "payment:sodexo": null, "payment:v_pay": null, "fax": null, "drink:club-mate_granat": null, "opening_date": null, "payment:account_cards": null, "payment:payback_app": null, "wheelchair:description:de": null, "note": null, "cuisine": null, "diet:vegan": null, "diet:vegetarian": null, "contact:email": null, "branch": null, "short_name": null, "drink:kolle-kilimo": null, "drink:kombucha": null, "drink:sake": null, "drinking_water:refill": null, "drinking_water:refill:network": null, "payment:vpay": null, "payment:american_express": null, "source:name": null, "toilets": null, "diet:gluten_free": null, "diet:lactose_free": null, "post_office:id_check": null, "post_office:oversized_item": null, "post_office:packaging": null, "post_office:parcel_from": null, "post_office:parcel_pickup": null, "post_office:parcel_to": null, "post_office:post_bank": null, "post_office:stamps": null, "payment:visa_electron": null, "fair_trade": null, "reusable_packaging:accept": null, "payment:cryptocurrencies": null, "building": null, "building:levels": null, "roof:shape": null, "vending": null, "building:roof": null, "roof:colour": null, "building:colour": null, "height": null, "roof:levels": null, "roof:height": null, "drink:coffee": null, "contact:facebook": null, "delivery": null, "contact:instagram": null, "payment:netto_app": null, "landuse": null, "indoor": null, "name:ru": null, "room": null }, "geometry": { "type": "Point", "coordinates": [ 13.7509958, 51.0515302 ] } },
{ "type": "Feature", "properties": { "element": "node", "id": 1115480834, "addr:city": "Dresden", "addr:housenumber": "3", "addr:postcode": "01069", "addr:street": "Prager Straße", "brand": "Go Asia", "brand:wikidata": "Q102381911", "brand:wikipedia": null, "check_date:opening_hours": null, "level": "-1", "name": "Go Asia", "opening_hours": "Mo-Sa 09:00-20:00", "shop": "supermarket", "wheelchair": "yes", "internet_access": null, "internet_access:access": null, "internet_access:fee": null, "operator": null, "phone": null, "website": null, "addr:country": null, "check_date": "2024-08-07", "email": null, "payment:mastercard": "yes", "payment:visa": "yes", "payment:cash": "yes", "payment:girocard": null, "payment:maestro": null, "self_checkout": null, "ref:vatin": null, "payment:credit_cards": null, "operator:tax": null, "ref": null, "diet:halal": null, "diet:kosher": null, "lastcheck": null, "access": null, "entrance": null, "cash_withdrawal": null, "cash_withdrawal:purchase_minimum": null, "cash_withdrawal:purchase_required": null, "cash_withdrawal:type": null, "drink:bionade": null, "drink:bionade_mate": null, "drink:charitea_mate": null, "drink:club-mate": null, "drink:club-mate_icetea": null, "drink:fritz-kola": null, "drink:fritz-limo": null, "drink:fritz-mischmasch": null, "drink:kolle-kolla": null, "drink:kolle-zotrine": null, "drink:lemonaid": null, "drink:mio_mio_cola": null, "drink:mio_mio_mate": null, "drink:vita_cola": null, "organic": null, "payment:contactless": null, "stroller": null, "start_date": null, "old_name": null, "contact:website": "https://www.goasia.net", "layer": null, "toilets:wheelchair": null, "source": null, "payment:app": null, "payment:apple_pay": null, "payment:cards": null, "payment:coins": null, "payment:google_pay": null, "payment:visa_debit": null, "origin": "asian", "drink:charitea": null, "drink:kolle-jolle-mate": null, "drink:kolle-mate": null, "payment:debit_cards": null, "operator:wikidata": null, "drink:vita_limo": null, "contact:phone": null, "cash_withdrawal:limit": null, "post_office": null, "post_office:brand": null, "post_office:service_provider": null, "bulk_purchase": null, "dog": null, "air_conditioning": null, "payment:notes": null, "ref:rewe": null, "addr:suburb": null, "membership": null, "access:covid19": null, "alt_name": null, "delivery:covid19": null, "takeaway:covid19": null, "discount:students": "yes", "currency:EUR": null, "internet_access:password": null, "internet_access:ssid": null, "post_office:brand:wikidata": null, "post_office:brand:wikipedia": null, "ref:deutsche_post": null, "description": null, "payment:mastercard_contactless": null, "payment:sodexo": null, "payment:v_pay": null, "fax": null, "drink:club-mate_granat": null, "opening_date": null, "payment:account_cards": null, "payment:payback_app": null, "wheelchair:description:de": null, "note": null, "cuisine": null, "diet:vegan": null, "diet:vegetarian": null, "contact:email": null, "branch": null, "short_name": null, "drink:kolle-kilimo": null, "drink:kombucha": null, "drink:sake": null, "drinking_water:refill": null, "drinking_water:refill:network": null, "payment:vpay": null, "payment:american_express": null, "source:name": null, "toilets": null, "diet:gluten_free": null, "diet:lactose_free": null, "post_office:id_check": null, "post_office:oversized_item": null, "post_office:packaging": null, "post_office:parcel_from": null, "post_office:parcel_pickup": null, "post_office:parcel_to": null, "post_office:post_bank": null, "post_office:stamps": null, "payment:visa_electron": null, "fair_trade": null, "reusable_packaging:accept": null, "payment:cryptocurrencies": null, "building": null, "building:levels": null, "roof:shape": null, "vending": null, "building:roof": null, "roof:colour": null, "building:colour": null, "height": null, "roof:levels": null, "roof:height": null, "drink:coffee": null, "contact:facebook": null, "delivery": null, "contact:instagram": null, "payment:netto_app": null, "landuse": null, "indoor": null, "name:ru": null, "room": null }, "geometry": { "type": "Point", "coordinates": [ 13.7345986, 51.0423347 ] } },
{ "type": "Feature", "properties": { "element": "node", "id": 1325067768, "addr:city": "Dresden", "addr:housenumber": "34a", "addr:postcode": "01326", "addr:street": "Pillnitzer Landstraße", "brand": "Konsum Dresden", "brand:wikidata": "Q1618877", "brand:wikipedia": null, "check_date:opening_hours": null, "level": null, "name": "Konsum", "opening_hours": "Mo-Sa 08:00-20:00", "shop": "supermarket", "wheelchair": "yes", "internet_access": "wlan", "internet_access:access": null, "internet_access:fee": "no", "operator": null, "phone": null, "website": null, "addr:country": "DE", "check_date": null, "email": null, "payment:mastercard": null, "payment:visa": null, "payment:cash": null, "payment:girocard": null, "payment:maestro": null, "self_checkout": null, "ref:vatin": null, "payment:credit_cards": "yes", "operator:tax": null, "ref": null, "diet:halal": "no", "diet:kosher": "no", "lastcheck": null, "access": null, "entrance": null, "cash_withdrawal": null, "cash_withdrawal:purchase_minimum": null, "cash_withdrawal:purchase_required": null, "cash_withdrawal:type": null, "drink:bionade": null, "drink:bionade_mate": null, "drink:charitea_mate": null, "drink:club-mate": null, "drink:club-mate_icetea": null, "drink:fritz-kola": null, "drink:fritz-limo": null, "drink:fritz-mischmasch": null, "drink:kolle-kolla": null, "drink:kolle-zotrine": null, "drink:lemonaid": null, "drink:mio_mio_cola": null, "drink:mio_mio_mate": null, "drink:vita_cola": null, "organic": null, "payment:contactless": null, "stroller": null, "start_date": null, "old_name": null, "contact:website": null, "layer": null, "toilets:wheelchair": null, "source": null, "payment:app": null, "payment:apple_pay": null, "payment:cards": null, "payment:coins": null, "payment:google_pay": null, "payment:visa_debit": null, "origin": null, "drink:charitea": null, "drink:kolle-jolle-mate": null, "drink:kolle-mate": null, "payment:debit_cards": null, "operator:wikidata": null, "drink:vita_limo": null, "contact:phone": "+49 351 2682650", "cash_withdrawal:limit": null, "post_office": null, "post_office:brand": null, "post_office:service_provider": null, "bulk_purchase": null, "dog": null, "air_conditioning": null, "payment:notes": null, "ref:rewe": null, "addr:suburb": null, "membership": null, "access:covid19": null, "alt_name": null, "delivery:covid19": null, "takeaway:covid19": null, "discount:students": null, "currency:EUR": null, "internet_access:password": null, "internet_access:ssid": null, "post_office:brand:wikidata": null, "post_office:brand:wikipedia": null, "ref:deutsche_post": null, "description": null, "payment:mastercard_contactless": null, "payment:sodexo": null, "payment:v_pay": null, "fax": null, "drink:club-mate_granat": null, "opening_date": null, "payment:account_cards": null, "payment:payback_app": null, "wheelchair:description:de": null, "note": null, "cuisine": null, "diet:vegan": null, "diet:vegetarian": null, "contact:email": null, "branch": null, "short_name": null, "drink:kolle-kilimo": null, "drink:kombucha": null, "drink:sake": null, "drinking_water:refill": null, "drinking_water:refill:network": null, "payment:vpay": null, "payment:american_express": null, "source:name": null, "toilets": null, "diet:gluten_free": null, "diet:lactose_free": null, "post_office:id_check": null, "post_office:oversized_item": null, "post_office:packaging": null, "post_office:parcel_from": null, "post_office:parcel_pickup": null, "post_office:parcel_to": null, "post_office:post_bank": null, "post_office:stamps": null, "payment:visa_electron": null, "fair_trade": null, "reusable_packaging:accept": null, "payment:cryptocurrencies": null, "building": null, "building:levels": null, "roof:shape": null, "vending": null, "building:roof": null, "roof:colour": null, "building:colour": null, "height": null, "roof:levels": null, "roof:height": null, "drink:coffee": null, "contact:facebook": null, "delivery": null, "contact:instagram": null, "payment:netto_app": null, "landuse": null, "indoor": null, "name:ru": null, "room": null }, "geometry": { "type": "Point", "coordinates": [ 13.8187364, 51.0510534 ] } },
{ "type": "Feature", "properties": { "element": "node", "id": 1417145242, "addr:city": "Dresden", "addr:housenumber": "2", "addr:postcode": "01279", "addr:street": "Österreicher Straße", "brand": "Lidl", "brand:wikidata": "Q151954", "brand:wikipedia": "en:Lidl", "check_date:opening_hours": "2025-01-28", "level": "0", "name": "Lidl", "opening_hours": "Mo-Sa 07:00-21:00", "shop": "supermarket", "wheelchair": "yes", "internet_access": "wlan", "internet_access:access": null, "internet_access:fee": "no", "operator": null, "phone": null, "website": null, "addr:country": "DE", "check_date": null, "email": null, "payment:mastercard": null, "payment:visa": null, "payment:cash": null, "payment:girocard": null, "payment:maestro": null, "self_checkout": null, "ref:vatin": null, "payment:credit_cards": null, "operator:tax": null, "ref": null, "diet:halal": null, "diet:kosher": null, "lastcheck": null, "access": null, "entrance": null, "cash_withdrawal": null, "cash_withdrawal:purchase_minimum": null, "cash_withdrawal:purchase_required": null, "cash_withdrawal:type": null, "drink:bionade": null, "drink:bionade_mate": null, "drink:charitea_mate": null, "drink:club-mate": null, "drink:club-mate_icetea": null, "drink:fritz-kola": null, "drink:fritz-limo": null, "drink:fritz-mischmasch": null, "drink:kolle-kolla": null, "drink:kolle-zotrine": null, "drink:lemonaid": null, "drink:mio_mio_cola": null, "drink:mio_mio_mate": null, "drink:vita_cola": null, "organic": null, "payment:contactless": null, "stroller": null, "start_date": null, "old_name": null, "contact:website": null, "layer": null, "toilets:wheelchair": null, "source": null, "payment:app": null, "payment:apple_pay": null, "payment:cards": null, "payment:coins": null, "payment:google_pay": null, "payment:visa_debit": null, "origin": null, "drink:charitea": null, "drink:kolle-jolle-mate": null, "drink:kolle-mate": null, "payment:debit_cards": null, "operator:wikidata": null, "drink:vita_limo": null, "contact:phone": null, "cash_withdrawal:limit": null, "post_office": null, "post_office:brand": null, "post_office:service_provider": null, "bulk_purchase": null, "dog": null, "air_conditioning": null, "payment:notes": null, "ref:rewe": null, "addr:suburb": null, "membership": null, "access:covid19": null, "alt_name": null, "delivery:covid19": null, "takeaway:covid19": null, "discount:students": null, "currency:EUR": "yes", "internet_access:password": "no", "internet_access:ssid": "LidlPlusWlan", "post_office:brand:wikidata": null, "post_office:brand:wikipedia": null, "ref:deutsche_post": null, "description": null, "payment:mastercard_contactless": null, "payment:sodexo": null, "payment:v_pay": null, "fax": null, "drink:club-mate_granat": null, "opening_date": null, "payment:account_cards": null, "payment:payback_app": null, "wheelchair:description:de": null, "note": null, "cuisine": null, "diet:vegan": null, "diet:vegetarian": null, "contact:email": null, "branch": null, "short_name": null, "drink:kolle-kilimo": null, "drink:kombucha": null, "drink:sake": null, "drinking_water:refill": null, "drinking_water:refill:network": null, "payment:vpay": null, "payment:american_express": null, "source:name": null, "toilets": null, "diet:gluten_free": null, "diet:lactose_free": null, "post_office:id_check": null, "post_office:oversized_item": null, "post_office:packaging": null, "post_office:parcel_from": null, "post_office:parcel_pickup": null, "post_office:parcel_to": null, "post_office:post_bank": null, "post_office:stamps": null, "payment:visa_electron": null, "fair_trade": null, "reusable_packaging:accept": null, "payment:cryptocurrencies": null, "building": null, "building:levels": null, "roof:shape": null, "vending": null, "building:roof": null, "roof:colour": null, "building:colour": null, "height": null, "roof:levels": null, "roof:height": null, "drink:coffee": null, "contact:facebook": null, "delivery": null, "contact:instagram": null, "payment:netto_app": null, "landuse": null, "indoor": null, "name:ru": null, "room": null }, "geometry": { "type": "Point", "coordinates": [ 13.8314123, 51.0294884 ] } },
{ "type": "Feature", "properties": { "element": "node", "id": 1542050686, "addr:city": "Dresden", "addr:housenumber": "74", "addr:postcode": "01277", "addr:street": "Schandauer Straße", "brand": "EDEKA", "brand:wikidata": "Q701755", "brand:wikipedia": null, "check_date:opening_hours": "2024-10-25", "level": null, "name": "EDEKA", "opening_hours": "Mo-Sa 07:00-21:00", "shop": "supermarket", "wheelchair": "yes", "internet_access": null, "internet_access:access": null, "internet_access:fee": null, "operator": null, "phone": "+49 351 31438300", "website": null, "addr:country": "DE", "check_date": null, "email": null, "payment:mastercard": null, "payment:visa": null, "payment:cash": null, "payment:girocard": null, "payment:maestro": null, "self_checkout": null, "ref:vatin": null, "payment:credit_cards": null, "operator:tax": null, "ref": null, "diet:halal": null, "diet:kosher": null, "lastcheck": null, "access": null, "entrance": null, "cash_withdrawal": null, "cash_withdrawal:purchase_minimum": null, "cash_withdrawal:purchase_required": null, "cash_withdrawal:type": null, "drink:bionade": null, "drink:bionade_mate": null, "drink:charitea_mate": null, "drink:club-mate": null, "drink:club-mate_icetea": null, "drink:fritz-kola": null, "drink:fritz-limo": null, "drink:fritz-mischmasch": null, "drink:kolle-kolla": null, "drink:kolle-zotrine": null, "drink:lemonaid": null, "drink:mio_mio_cola": null, "drink:mio_mio_mate": null, "drink:vita_cola": null, "organic": null, "payment:contactless": null, "stroller": null, "start_date": null, "old_name": null, "contact:website": null, "layer": null, "toilets:wheelchair": null, "source": null, "payment:app": null, "payment:apple_pay": null, "payment:cards": null, "payment:coins": null, "payment:google_pay": null, "payment:visa_debit": null, "origin": null, "drink:charitea": null, "drink:kolle-jolle-mate": null, "drink:kolle-mate": null, "payment:debit_cards": null, "operator:wikidata": null, "drink:vita_limo": null, "contact:phone": null, "cash_withdrawal:limit": null, "post_office": null, "post_office:brand": null, "post_office:service_provider": null, "bulk_purchase": null, "dog": null, "air_conditioning": null, "payment:notes": null, "ref:rewe": null, "addr:suburb": null, "membership": null, "access:covid19": null, "alt_name": null, "delivery:covid19": null, "takeaway:covid19": null, "discount:students": null, "currency:EUR": null, "internet_access:password": null, "internet_access:ssid": null, "post_office:brand:wikidata": null, "post_office:brand:wikipedia": null, "ref:deutsche_post": null, "description": null, "payment:mastercard_contactless": null, "payment:sodexo": null, "payment:v_pay": null, "fax": null, "drink:club-mate_granat": null, "opening_date": null, "payment:account_cards": null, "payment:payback_app": null, "wheelchair:description:de": null, "note": null, "cuisine": null, "diet:vegan": null, "diet:vegetarian": null, "contact:email": null, "branch": null, "short_name": null, "drink:kolle-kilimo": null, "drink:kombucha": null, "drink:sake": null, "drinking_water:refill": null, "drinking_water:refill:network": null, "payment:vpay": null, "payment:american_express": null, "source:name": null, "toilets": null, "diet:gluten_free": null, "diet:lactose_free": null, "post_office:id_check": null, "post_office:oversized_item": null, "post_office:packaging": null, "post_office:parcel_from": null, "post_office:parcel_pickup": null, "post_office:parcel_to": null, "post_office:post_bank": null, "post_office:stamps": null, "payment:visa_electron": null, "fair_trade": null, "reusable_packaging:accept": null, "payment:cryptocurrencies": null, "building": null, "building:levels": null, "roof:shape": null, "vending": null, "building:roof": null, "roof:colour": null, "building:colour": null, "height": null, "roof:levels": null, "roof:height": null, "drink:coffee": null, "contact:facebook": null, "delivery": null, "contact:instagram": null, "payment:netto_app": null, "landuse": null, "indoor": null, "name:ru": null, "room": null }, "geometry": { "type": "Point", "coordinates": [ 13.8044633, 51.0396445 ] } },
{ "type": "Feature", "properties": { "element": "node", "id": 1621456864, "addr:city": "Dresden", "addr:housenumber": "303", "addr:postcode": "01108", "addr:street": "Königsbrücker Landstraße", "brand": "Lidl", "brand:wikidata": "Q151954", "brand:wikipedia": "en:Lidl", "check_date:opening_hours": null, "level": null, "name": "Lidl", "opening_hours": "Mo-Sa 07:00-21:00", "shop": "supermarket", "wheelchair": "yes", "internet_access": null, "internet_access:access": null, "internet_access:fee": null, "operator": null, "phone": null, "website": null, "addr:country": "DE", "check_date": null, "email": null, "payment:mastercard": null, "payment:visa": null, "payment:cash": null, "payment:girocard": null, "payment:maestro": null, "self_checkout": null, "ref:vatin": null, "payment:credit_cards": null, "operator:tax": null, "ref": null, "diet:halal": null, "diet:kosher": null, "lastcheck": null, "access": null, "entrance": null, "cash_withdrawal": null, "cash_withdrawal:purchase_minimum": null, "cash_withdrawal:purchase_required": null, "cash_withdrawal:type": null, "drink:bionade": null, "drink:bionade_mate": null, "drink:charitea_mate": null, "drink:club-mate": null, "drink:club-mate_icetea": null, "drink:fritz-kola": null, "drink:fritz-limo": null, "drink:fritz-mischmasch": null, "drink:kolle-kolla": null, "drink:kolle-zotrine": null, "drink:lemonaid": null, "drink:mio_mio_cola": null, "drink:mio_mio_mate": null, "drink:vita_cola": null, "organic": null, "payment:contactless": null, "stroller": null, "start_date": null, "old_name": null, "contact:website": null, "layer": null, "toilets:wheelchair": null, "source": null, "payment:app": null, "payment:apple_pay": null, "payment:cards": null, "payment:coins": null, "payment:google_pay": null, "payment:visa_debit": null, "origin": null, "drink:charitea": null, "drink:kolle-jolle-mate": null, "drink:kolle-mate": null, "payment:debit_cards": null, "operator:wikidata": null, "drink:vita_limo": null, "contact:phone": null, "cash_withdrawal:limit": null, "post_office": null, "post_office:brand": null, "post_office:service_provider": null, "bulk_purchase": null, "dog": null, "air_conditioning": null, "payment:notes": null, "ref:rewe": null, "addr:suburb": null, "membership": null, "access:covid19": null, "alt_name": null, "delivery:covid19": null, "takeaway:covid19": null, "discount:students": null, "currency:EUR": null, "internet_access:password": null, "internet_access:ssid": null, "post_office:brand:wikidata": null, "post_office:brand:wikipedia": null, "ref:deutsche_post": null, "description": null, "payment:mastercard_contactless": null, "payment:sodexo": null, "payment:v_pay": null, "fax": null, "drink:club-mate_granat": null, "opening_date": null, "payment:account_cards": null, "payment:payback_app": null, "wheelchair:description:de": null, "note": null, "cuisine": null, "diet:vegan": null, "diet:vegetarian": null, "contact:email": null, "branch": null, "short_name": null, "drink:kolle-kilimo": null, "drink:kombucha": null, "drink:sake": null, "drinking_water:refill": null, "drinking_water:refill:network": null, "payment:vpay": null, "payment:american_express": null, "source:name": null, "toilets": null, "diet:gluten_free": null, "diet:lactose_free": null, "post_office:id_check": null, "post_office:oversized_item": null, "post_office:packaging": null, "post_office:parcel_from": null, "post_office:parcel_pickup": null, "post_office:parcel_to": null, "post_office:post_bank": null, "post_office:stamps": null, "payment:visa_electron": null, "fair_trade": null, "reusable_packaging:accept": null, "payment:cryptocurrencies": null, "building": null, "building:levels": null, "roof:shape": null, "vending": null, "building:roof": null, "roof:colour": null, "building:colour": null, "height": null, "roof:levels": null, "roof:height": null, "drink:coffee": null, "contact:facebook": null, "delivery": null, "contact:instagram": null, "payment:netto_app": null, "landuse": null, "indoor": null, "name:ru": null, "room": null }, "geometry": { "type": "Point", "coordinates": [ 13.799761, 51.1461311 ] } },
{ "type": "Feature", "properties": { "element": "node", "id": 1639974449, "addr:city": null, "addr:housenumber": null, "addr:postcode": null, "addr:street": null, "brand": "ALDI Nord", "brand:wikidata": "Q41171373", "brand:wikipedia": "en:Aldi", "check_date:opening_hours": "2024-10-14", "level": null, "name": "Aldi", "opening_hours": "Mo-Sa 07:00-21:00; Su,PH off", "shop": "supermarket", "wheelchair": "yes", "internet_access": null, "internet_access:access": null, "internet_access:fee": null, "operator": null, "phone": null, "website": null, "addr:country": null, "check_date": null, "email": null, "payment:mastercard": null, "payment:visa": null, "payment:cash": null, "payment:girocard": null, "payment:maestro": null, "self_checkout": null, "ref:vatin": null, "payment:credit_cards": null, "operator:tax": null, "ref": null, "diet:halal": null, "diet:kosher": null, "lastcheck": null, "access": null, "entrance": null, "cash_withdrawal": null, "cash_withdrawal:purchase_minimum": null, "cash_withdrawal:purchase_required": null, "cash_withdrawal:type": null, "drink:bionade": null, "drink:bionade_mate": null, "drink:charitea_mate": null, "drink:club-mate": null, "drink:club-mate_icetea": null, "drink:fritz-kola": null, "drink:fritz-limo": null, "drink:fritz-mischmasch": null, "drink:kolle-kolla": null, "drink:kolle-zotrine": null, "drink:lemonaid": null, "drink:mio_mio_cola": null, "drink:mio_mio_mate": null, "drink:vita_cola": null, "organic": null, "payment:contactless": null, "stroller": null, "start_date": null, "old_name": null, "contact:website": null, "layer": null, "toilets:wheelchair": null, "source": null, "payment:app": null, "payment:apple_pay": null, "payment:cards": null, "payment:coins": null, "payment:google_pay": null, "payment:visa_debit": null, "origin": null, "drink:charitea": null, "drink:kolle-jolle-mate": null, "drink:kolle-mate": null, "payment:debit_cards": null, "operator:wikidata": null, "drink:vita_limo": null, "contact:phone": null, "cash_withdrawal:limit": null, "post_office": null, "post_office:brand": null, "post_office:service_provider": null, "bulk_purchase": null, "dog": null, "air_conditioning": null, "payment:notes": null, "ref:rewe": null, "addr:suburb": null, "membership": null, "access:covid19": null, "alt_name": null, "delivery:covid19": null, "takeaway:covid19": null, "discount:students": null, "currency:EUR": null, "internet_access:password": null, "internet_access:ssid": null, "post_office:brand:wikidata": null, "post_office:brand:wikipedia": null, "ref:deutsche_post": null, "description": null, "payment:mastercard_contactless": null, "payment:sodexo": null, "payment:v_pay": null, "fax": null, "drink:club-mate_granat": null, "opening_date": null, "payment:account_cards": null, "payment:payback_app": null, "wheelchair:description:de": null, "note": null, "cuisine": null, "diet:vegan": null, "diet:vegetarian": null, "contact:email": null, "branch": null, "short_name": null, "drink:kolle-kilimo": null, "drink:kombucha": null, "drink:sake": null, "drinking_water:refill": null, "drinking_water:refill:network": null, "payment:vpay": null, "payment:american_express": null, "source:name": null, "toilets": null, "diet:gluten_free": null, "diet:lactose_free": null, "post_office:id_check": null, "post_office:oversized_item": null, "post_office:packaging": null, "post_office:parcel_from": null, "post_office:parcel_pickup": null, "post_office:parcel_to": null, "post_office:post_bank": null, "post_office:stamps": null, "payment:visa_electron": null, "fair_trade": null, "reusable_packaging:accept": null, "payment:cryptocurrencies": null, "building": null, "building:levels": null, "roof:shape": null, "vending": null, "building:roof": null, "roof:colour": null, "building:colour": null, "height": null, "roof:levels": null, "roof:height": null, "drink:coffee": null, "contact:facebook": null, "delivery": null, "contact:instagram": null, "payment:netto_app": null, "landuse": null, "indoor": null, "name:ru": null, "room": null }, "geometry": { "type": "Point", "coordinates": [ 13.7126014, 51.0800732 ] } },
{ "type": "Feature", "properties": { "element": "node", "id": 1639974468, "addr:city": "Dresden", "addr:housenumber": "2A", "addr:postcode": "01139", "addr:street": "Sternstraße", "brand": "REWE", "brand:wikidata": "Q16968817", "brand:wikipedia": "de:Rewe", "check_date:opening_hours": "2024-10-14", "level": null, "name": "REWE", "opening_hours": "Mo-Sa 06:00-22:00; Su,PH off", "shop": "supermarket", "wheelchair": "yes", "internet_access": "wlan", "internet_access:access": null, "internet_access:fee": null, "operator": "REWE Enrico Weinert oHG", "phone": null, "website": null, "addr:country": "DE", "check_date": "2024-10-14", "email": null, "payment:mastercard": null, "payment:visa": null, "payment:cash": null, "payment:girocard": null, "payment:maestro": null, "self_checkout": null, "ref:vatin": null, "payment:credit_cards": null, "operator:tax": null, "ref": null, "diet:halal": null, "diet:kosher": null, "lastcheck": null, "access": null, "entrance": null, "cash_withdrawal": null, "cash_withdrawal:purchase_minimum": null, "cash_withdrawal:purchase_required": null, "cash_withdrawal:type": null, "drink:bionade": null, "drink:bionade_mate": null, "drink:charitea_mate": null, "drink:club-mate": null, "drink:club-mate_icetea": null, "drink:fritz-kola": null, "drink:fritz-limo": null, "drink:fritz-mischmasch": null, "drink:kolle-kolla": null, "drink:kolle-zotrine": null, "drink:lemonaid": null, "drink:mio_mio_cola": null, "drink:mio_mio_mate": null, "drink:vita_cola": null, "organic": null, "payment:contactless": null, "stroller": null, "start_date": null, "old_name": null, "contact:website": "https://www.rewe.de/marktseite/dresden-mickten/4040710/rewe-markt-sternstrasse-2a/", "layer": null, "toilets:wheelchair": null, "source": null, "payment:app": null, "payment:apple_pay": null, "payment:cards": null, "payment:coins": null, "payment:google_pay": null, "payment:visa_debit": null, "origin": null, "drink:charitea": null, "drink:kolle-jolle-mate": null, "drink:kolle-mate": null, "payment:debit_cards": null, "operator:wikidata": null, "drink:vita_limo": null, "contact:phone": "+49 351 4278355", "cash_withdrawal:limit": null, "post_office": "post_partner", "post_office:brand": "DHL Paketshop", "post_office:service_provider": "Deutsche Post", "bulk_purchase": null, "dog": null, "air_conditioning": null, "payment:notes": null, "ref:rewe": null, "addr:suburb": null, "membership": null, "access:covid19": null, "alt_name": null, "delivery:covid19": null, "takeaway:covid19": null, "discount:students": null, "currency:EUR": null, "internet_access:password": null, "internet_access:ssid": null, "post_office:brand:wikidata": "Q113529068", "post_office:brand:wikipedia": "de:Deutsche Post", "ref:deutsche_post": "476", "description": null, "payment:mastercard_contactless": null, "payment:sodexo": null, "payment:v_pay": null, "fax": null, "drink:club-mate_granat": null, "opening_date": null, "payment:account_cards": null, "payment:payback_app": null, "wheelchair:description:de": null, "note": null, "cuisine": null, "diet:vegan": null, "diet:vegetarian": null, "contact:email": null, "branch": null, "short_name": null, "drink:kolle-kilimo": null, "drink:kombucha": null, "drink:sake": null, "drinking_water:refill": null, "drinking_water:refill:network": null, "payment:vpay": null, "payment:american_express": null, "source:name": null, "toilets": null, "diet:gluten_free": null, "diet:lactose_free": null, "post_office:id_check": null, "post_office:oversized_item": null, "post_office:packaging": null, "post_office:parcel_from": null, "post_office:parcel_pickup": null, "post_office:parcel_to": null, "post_office:post_bank": null, "post_office:stamps": null, "payment:visa_electron": null, "fair_trade": null, "reusable_packaging:accept": null, "payment:cryptocurrencies": null, "building": null, "building:levels": null, "roof:shape": null, "vending": null, "building:roof": null, "roof:colour": null, "building:colour": null, "height": null, "roof:levels": null, "roof:height": null, "drink:coffee": null, "contact:facebook": null, "delivery": null, "contact:instagram": null, "payment:netto_app": null, "landuse": null, "indoor": null, "name:ru": null, "room": null }, "geometry": { "type": "Point", "coordinates": [ 13.7128052, 51.0797607 ] } },
{ "type": "Feature", "properties": { "element": "node", "id": 1643223276, "addr:city": "Dresden", "addr:housenumber": "31a", "addr:postcode": "01277", "addr:street": "Winterbergstraße", "brand": null, "brand:wikidata": null, "brand:wikipedia": null, "check_date:opening_hours": null, "level": null, "name": "Vorwerk Podemus", "opening_hours": "Mo-Fr 08:00-19:00; Sa 08:00-14:00", "shop": "supermarket", "wheelchair": "yes", "internet_access": null, "internet_access:access": null, "internet_access:fee": null, "operator": "Vorwerk Podemus", "phone": null, "website": null, "addr:country": "DE", "check_date": "2024-12-20", "email": null, "payment:mastercard": null, "payment:visa": null, "payment:cash": null, "payment:girocard": null, "payment:maestro": null, "self_checkout": null, "ref:vatin": null, "payment:credit_cards": null, "operator:tax": null, "ref": null, "diet:halal": null, "diet:kosher": null, "lastcheck": null, "access": null, "entrance": null, "cash_withdrawal": null, "cash_withdrawal:purchase_minimum": null, "cash_withdrawal:purchase_required": null, "cash_withdrawal:type": null, "drink:bionade": null, "drink:bionade_mate": null, "drink:charitea_mate": null, "drink:club-mate": null, "drink:club-mate_icetea": null, "drink:fritz-kola": null, "drink:fritz-limo": null, "drink:fritz-mischmasch": null, "drink:kolle-kolla": null, "drink:kolle-zotrine": null, "drink:lemonaid": null, "drink:mio_mio_cola": null, "drink:mio_mio_mate": null, "drink:vita_cola": null, "organic": "only", "payment:contactless": null, "stroller": null, "start_date": null, "old_name": null, "contact:website": null, "layer": null, "toilets:wheelchair": null, "source": "survey", "payment:app": null, "payment:apple_pay": null, "payment:cards": null, "payment:coins": null, "payment:google_pay": null, "payment:visa_debit": null, "origin": null, "drink:charitea": null, "drink:kolle-jolle-mate": null, "drink:kolle-mate": null, "payment:debit_cards": null, "operator:wikidata": "Q96402396", "drink:vita_limo": null, "contact:phone": null, "cash_withdrawal:limit": null, "post_office": null, "post_office:brand": null, "post_office:service_provider": null, "bulk_purchase": null, "dog": null, "air_conditioning": null, "payment:notes": null, "ref:rewe": null, "addr:suburb": null, "membership": null, "access:covid19": null, "alt_name": null, "delivery:covid19": null, "takeaway:covid19": null, "discount:students": null, "currency:EUR": null, "internet_access:password": null, "internet_access:ssid": null, "post_office:brand:wikidata": null, "post_office:brand:wikipedia": null, "ref:deutsche_post": null, "description": null, "payment:mastercard_contactless": null, "payment:sodexo": null, "payment:v_pay": null, "fax": null, "drink:club-mate_granat": null, "opening_date": null, "payment:account_cards": null, "payment:payback_app": null, "wheelchair:description:de": null, "note": null, "cuisine": null, "diet:vegan": null, "diet:vegetarian": null, "contact:email": null, "branch": null, "short_name": null, "drink:kolle-kilimo": null, "drink:kombucha": null, "drink:sake": null, "drinking_water:refill": null, "drinking_water:refill:network": null, "payment:vpay": null, "payment:american_express": null, "source:name": null, "toilets": null, "diet:gluten_free": null, "diet:lactose_free": null, "post_office:id_check": null, "post_office:oversized_item": null, "post_office:packaging": null, "post_office:parcel_from": null, "post_office:parcel_pickup": null, "post_office:parcel_to": null, "post_office:post_bank": null, "post_office:stamps": null, "payment:visa_electron": null, "fair_trade": null, "reusable_packaging:accept": null, "payment:cryptocurrencies": null, "building": null, "building:levels": null, "roof:shape": null, "vending": null, "building:roof": null, "roof:colour": null, "building:colour": null, "height": null, "roof:levels": null, "roof:height": null, "drink:coffee": null, "contact:facebook": null, "delivery": null, "contact:instagram": null, "payment:netto_app": null, "landuse": null, "indoor": null, "name:ru": null, "room": null }, "geometry": { "type": "Point", "coordinates": [ 13.7828928, 51.0304484 ] } },
{ "type": "Feature", "properties": { "element": "node", "id": 1675888232, "addr:city": null, "addr:housenumber": null, "addr:postcode": null, "addr:street": null, "brand": "Konsum Dresden", "brand:wikidata": "Q1618877", "brand:wikipedia": "de:Konsum Dresden", "check_date:opening_hours": null, "level": "0", "name": "Konsum", "opening_hours": "Mo-Sa 08:00-20:00", "shop": "supermarket", "wheelchair": "yes", "internet_access": "wlan", "internet_access:access": "customers", "internet_access:fee": "no", "operator": "KONSUM DRESDEN eG", "phone": null, "website": "https://www.konsum.de/", "addr:country": null, "check_date": null, "email": null, "payment:mastercard": null, "payment:visa": null, "payment:cash": null, "payment:girocard": null, "payment:maestro": null, "self_checkout": null, "ref:vatin": null, "payment:credit_cards": null, "operator:tax": null, "ref": null, "diet:halal": null, "diet:kosher": null, "lastcheck": null, "access": null, "entrance": null, "cash_withdrawal": null, "cash_withdrawal:purchase_minimum": null, "cash_withdrawal:purchase_required": null, "cash_withdrawal:type": null, "drink:bionade": null, "drink:bionade_mate": null, "drink:charitea_mate": null, "drink:club-mate": null, "drink:club-mate_icetea": null, "drink:fritz-kola": null, "drink:fritz-limo": null, "drink:fritz-mischmasch": null, "drink:kolle-kolla": null, "drink:kolle-zotrine": null, "drink:lemonaid": null, "drink:mio_mio_cola": null, "drink:mio_mio_mate": null, "drink:vita_cola": null, "organic": null, "payment:contactless": null, "stroller": null, "start_date": null, "old_name": null, "contact:website": null, "layer": null, "toilets:wheelchair": null, "source": null, "payment:app": null, "payment:apple_pay": null, "payment:cards": null, "payment:coins": null, "payment:google_pay": null, "payment:visa_debit": null, "origin": null, "drink:charitea": null, "drink:kolle-jolle-mate": null, "drink:kolle-mate": null, "payment:debit_cards": null, "operator:wikidata": null, "drink:vita_limo": null, "contact:phone": null, "cash_withdrawal:limit": null, "post_office": null, "post_office:brand": null, "post_office:service_provider": null, "bulk_purchase": null, "dog": null, "air_conditioning": null, "payment:notes": null, "ref:rewe": null, "addr:suburb": null, "membership": null, "access:covid19": null, "alt_name": null, "delivery:covid19": null, "takeaway:covid19": null, "discount:students": null, "currency:EUR": null, "internet_access:password": null, "internet_access:ssid": null, "post_office:brand:wikidata": null, "post_office:brand:wikipedia": null, "ref:deutsche_post": null, "description": "im EG", "payment:mastercard_contactless": null, "payment:sodexo": null, "payment:v_pay": null, "fax": null, "drink:club-mate_granat": null, "opening_date": null, "payment:account_cards": null, "payment:payback_app": null, "wheelchair:description:de": null, "note": null, "cuisine": null, "diet:vegan": null, "diet:vegetarian": null, "contact:email": null, "branch": null, "short_name": null, "drink:kolle-kilimo": null, "drink:kombucha": null, "drink:sake": null, "drinking_water:refill": null, "drinking_water:refill:network": null, "payment:vpay": null, "payment:american_express": null, "source:name": null, "toilets": null, "diet:gluten_free": null, "diet:lactose_free": null, "post_office:id_check": null, "post_office:oversized_item": null, "post_office:packaging": null, "post_office:parcel_from": null, "post_office:parcel_pickup": null, "post_office:parcel_to": null, "post_office:post_bank": null, "post_office:stamps": null, "payment:visa_electron": null, "fair_trade": null, "reusable_packaging:accept": null, "payment:cryptocurrencies": null, "building": null, "building:levels": null, "roof:shape": null, "vending": null, "building:roof": null, "roof:colour": null, "building:colour": null, "height": null, "roof:levels": null, "roof:height": null, "drink:coffee": null, "contact:facebook": null, "delivery": null, "contact:instagram": null, "payment:netto_app": null, "landuse": null, "indoor": null, "name:ru": null, "room": null }, "geometry": { "type": "Point", "coordinates": [ 13.6690323, 51.045567 ] } },
{ "type": "Feature", "properties": { "element": "node", "id": 1675888235, "addr:city": null, "addr:housenumber": null, "addr:postcode": null, "addr:street": null, "brand": "PENNY", "brand:wikidata": "Q284688", "brand:wikipedia": "en:Penny (supermarket)", "check_date:opening_hours": null, "level": "1", "name": "PENNY", "opening_hours": "Mo-Sa 08:00-20:00", "shop": "supermarket", "wheelchair": "yes", "internet_access": null, "internet_access:access": null, "internet_access:fee": null, "operator": null, "phone": null, "website": null, "addr:country": null, "check_date": null, "email": null, "payment:mastercard": null, "payment:visa": null, "payment:cash": null, "payment:girocard": null, "payment:maestro": null, "self_checkout": null, "ref:vatin": null, "payment:credit_cards": null, "operator:tax": null, "ref": null, "diet:halal": null, "diet:kosher": null, "lastcheck": null, "access": null, "entrance": null, "cash_withdrawal": null, "cash_withdrawal:purchase_minimum": null, "cash_withdrawal:purchase_required": null, "cash_withdrawal:type": null, "drink:bionade": null, "drink:bionade_mate": null, "drink:charitea_mate": null, "drink:club-mate": null, "drink:club-mate_icetea": null, "drink:fritz-kola": null, "drink:fritz-limo": null, "drink:fritz-mischmasch": null, "drink:kolle-kolla": null, "drink:kolle-zotrine": null, "drink:lemonaid": null, "drink:mio_mio_cola": null, "drink:mio_mio_mate": null, "drink:vita_cola": null, "organic": null, "payment:contactless": null, "stroller": null, "start_date": null, "old_name": null, "contact:website": null, "layer": null, "toilets:wheelchair": null, "source": null, "payment:app": null, "payment:apple_pay": null, "payment:cards": null, "payment:coins": null, "payment:google_pay": null, "payment:visa_debit": null, "origin": null, "drink:charitea": null, "drink:kolle-jolle-mate": null, "drink:kolle-mate": null, "payment:debit_cards": null, "operator:wikidata": null, "drink:vita_limo": null, "contact:phone": null, "cash_withdrawal:limit": null, "post_office": null, "post_office:brand": null, "post_office:service_provider": null, "bulk_purchase": null, "dog": null, "air_conditioning": null, "payment:notes": null, "ref:rewe": null, "addr:suburb": null, "membership": null, "access:covid19": null, "alt_name": null, "delivery:covid19": null, "takeaway:covid19": null, "discount:students": null, "currency:EUR": null, "internet_access:password": null, "internet_access:ssid": null, "post_office:brand:wikidata": null, "post_office:brand:wikipedia": null, "ref:deutsche_post": null, "description": "im OG", "payment:mastercard_contactless": null, "payment:sodexo": null, "payment:v_pay": null, "fax": null, "drink:club-mate_granat": null, "opening_date": null, "payment:account_cards": null, "payment:payback_app": null, "wheelchair:description:de": null, "note": null, "cuisine": null, "diet:vegan": null, "diet:vegetarian": null, "contact:email": null, "branch": null, "short_name": null, "drink:kolle-kilimo": null, "drink:kombucha": null, "drink:sake": null, "drinking_water:refill": null, "drinking_water:refill:network": null, "payment:vpay": null, "payment:american_express": null, "source:name": null, "toilets": null, "diet:gluten_free": null, "diet:lactose_free": null, "post_office:id_check": null, "post_office:oversized_item": null, "post_office:packaging": null, "post_office:parcel_from": null, "post_office:parcel_pickup": null, "post_office:parcel_to": null, "post_office:post_bank": null, "post_office:stamps": null, "payment:visa_electron": null, "fair_trade": null, "reusable_packaging:accept": null, "payment:cryptocurrencies": null, "building": null, "building:levels": null, "roof:shape": null, "vending": null, "building:roof": null, "roof:colour": null, "building:colour": null, "height": null, "roof:levels": null, "roof:height": null, "drink:coffee": null, "contact:facebook": null, "delivery": null, "contact:instagram": null, "payment:netto_app": null, "landuse": null, "indoor": null, "name:ru": null, "room": null }, "geometry": { "type": "Point", "coordinates": [ 13.6690055, 51.045083 ] } },
{ "type": "Feature", "properties": { "element": "node", "id": 1780823605, "addr:city": "Dresden", "addr:housenumber": "2", "addr:postcode": "01159", "addr:street": "Kesselsdorfer Straße", "brand": "EDEKA", "brand:wikidata": "Q701755", "brand:wikipedia": null, "check_date:opening_hours": null, "level": "0", "name": "nah & gut", "opening_hours": "Mo-Sa 07:00-20:00", "shop": "supermarket", "wheelchair": null, "internet_access": null, "internet_access:access": null, "internet_access:fee": null, "operator": "Neukauf Verbraucher-Markt GmbH", "phone": "+4935140291840", "website": "https://www.edeka.de/eh/nordbayern-sachsen-thüringen/edeka-dresden-kesselsdorfer-straße-2/index.jsp", "addr:country": null, "check_date": null, "email": null, "payment:mastercard": "yes", "payment:visa": "yes", "payment:cash": "yes", "payment:girocard": "yes", "payment:maestro": "yes", "self_checkout": null, "ref:vatin": null, "payment:credit_cards": null, "operator:tax": null, "ref": null, "diet:halal": null, "diet:kosher": null, "lastcheck": null, "access": null, "entrance": null, "cash_withdrawal": null, "cash_withdrawal:purchase_minimum": null, "cash_withdrawal:purchase_required": null, "cash_withdrawal:type": null, "drink:bionade": null, "drink:bionade_mate": null, "drink:charitea_mate": null, "drink:club-mate": null, "drink:club-mate_icetea": null, "drink:fritz-kola": null, "drink:fritz-limo": null, "drink:fritz-mischmasch": null, "drink:kolle-kolla": null, "drink:kolle-zotrine": null, "drink:lemonaid": null, "drink:mio_mio_cola": null, "drink:mio_mio_mate": null, "drink:vita_cola": null, "organic": "yes", "payment:contactless": null, "stroller": null, "start_date": null, "old_name": null, "contact:website": null, "layer": null, "toilets:wheelchair": null, "source": null, "payment:app": null, "payment:apple_pay": "yes", "payment:cards": null, "payment:coins": null, "payment:google_pay": "yes", "payment:visa_debit": null, "origin": null, "drink:charitea": null, "drink:kolle-jolle-mate": null, "drink:kolle-mate": null, "payment:debit_cards": null, "operator:wikidata": null, "drink:vita_limo": null, "contact:phone": null, "cash_withdrawal:limit": null, "post_office": null, "post_office:brand": null, "post_office:service_provider": null, "bulk_purchase": null, "dog": null, "air_conditioning": null, "payment:notes": null, "ref:rewe": null, "addr:suburb": null, "membership": null, "access:covid19": null, "alt_name": null, "delivery:covid19": null, "takeaway:covid19": null, "discount:students": null, "currency:EUR": null, "internet_access:password": null, "internet_access:ssid": null, "post_office:brand:wikidata": null, "post_office:brand:wikipedia": null, "ref:deutsche_post": null, "description": null, "payment:mastercard_contactless": "yes", "payment:sodexo": "yes", "payment:v_pay": "yes", "fax": null, "drink:club-mate_granat": null, "opening_date": null, "payment:account_cards": null, "payment:payback_app": null, "wheelchair:description:de": null, "note": null, "cuisine": null, "diet:vegan": null, "diet:vegetarian": null, "contact:email": null, "branch": null, "short_name": null, "drink:kolle-kilimo": null, "drink:kombucha": null, "drink:sake": null, "drinking_water:refill": null, "drinking_water:refill:network": null, "payment:vpay": null, "payment:american_express": null, "source:name": null, "toilets": null, "diet:gluten_free": null, "diet:lactose_free": null, "post_office:id_check": null, "post_office:oversized_item": null, "post_office:packaging": null, "post_office:parcel_from": null, "post_office:parcel_pickup": null, "post_office:parcel_to": null, "post_office:post_bank": null, "post_office:stamps": null, "payment:visa_electron": null, "fair_trade": null, "reusable_packaging:accept": null, "payment:cryptocurrencies": null, "building": null, "building:levels": null, "roof:shape": null, "vending": null, "building:roof": null, "roof:colour": null, "building:colour": null, "height": null, "roof:levels": null, "roof:height": null, "drink:coffee": null, "contact:facebook": null, "delivery": null, "contact:instagram": null, "payment:netto_app": null, "landuse": null, "indoor": null, "name:ru": null, "room": null }, "geometry": { "type": "Point", "coordinates": [ 13.7035166, 51.0438498 ] } },
{ "type": "Feature", "properties": { "element": "node", "id": 1868690559, "addr:city": "Dresden", "addr:housenumber": "8-10", "addr:postcode": "01277", "addr:street": "Tolkewitzer Straße", "brand": "Bio Company", "brand:wikidata": "Q864179", "brand:wikipedia": "de:Bio Company", "check_date:opening_hours": "2025-03-08", "level": null, "name": "Bio Company", "opening_hours": "Mo-Sa 08:00-20:00", "shop": "supermarket", "wheelchair": "yes", "internet_access": null, "internet_access:access": null, "internet_access:fee": null, "operator": null, "phone": "+4935131406170", "website": "https://www.biocompany.de/", "addr:country": "DE", "check_date": null, "email": null, "payment:mastercard": null, "payment:visa": null, "payment:cash": null, "payment:girocard": null, "payment:maestro": null, "self_checkout": null, "ref:vatin": null, "payment:credit_cards": null, "operator:tax": null, "ref": null, "diet:halal": null, "diet:kosher": null, "lastcheck": null, "access": null, "entrance": null, "cash_withdrawal": null, "cash_withdrawal:purchase_minimum": null, "cash_withdrawal:purchase_required": null, "cash_withdrawal:type": null, "drink:bionade": null, "drink:bionade_mate": null, "drink:charitea_mate": null, "drink:club-mate": null, "drink:club-mate_icetea": null, "drink:fritz-kola": null, "drink:fritz-limo": null, "drink:fritz-mischmasch": null, "drink:kolle-kolla": null, "drink:kolle-zotrine": null, "drink:lemonaid": null, "drink:mio_mio_cola": null, "drink:mio_mio_mate": null, "drink:vita_cola": null, "organic": "only", "payment:contactless": null, "stroller": null, "start_date": null, "old_name": null, "contact:website": null, "layer": null, "toilets:wheelchair": null, "source": null, "payment:app": null, "payment:apple_pay": null, "payment:cards": null, "payment:coins": null, "payment:google_pay": null, "payment:visa_debit": null, "origin": null, "drink:charitea": null, "drink:kolle-jolle-mate": null, "drink:kolle-mate": null, "payment:debit_cards": null, "operator:wikidata": null, "drink:vita_limo": null, "contact:phone": null, "cash_withdrawal:limit": null, "post_office": null, "post_office:brand": null, "post_office:service_provider": null, "bulk_purchase": null, "dog": null, "air_conditioning": null, "payment:notes": null, "ref:rewe": null, "addr:suburb": null, "membership": null, "access:covid19": null, "alt_name": null, "delivery:covid19": null, "takeaway:covid19": null, "discount:students": null, "currency:EUR": null, "internet_access:password": null, "internet_access:ssid": null, "post_office:brand:wikidata": null, "post_office:brand:wikipedia": null, "ref:deutsche_post": null, "description": null, "payment:mastercard_contactless": null, "payment:sodexo": null, "payment:v_pay": null, "fax": null, "drink:club-mate_granat": null, "opening_date": null, "payment:account_cards": null, "payment:payback_app": null, "wheelchair:description:de": null, "note": null, "cuisine": null, "diet:vegan": null, "diet:vegetarian": null, "contact:email": null, "branch": null, "short_name": null, "drink:kolle-kilimo": null, "drink:kombucha": null, "drink:sake": null, "drinking_water:refill": null, "drinking_water:refill:network": null, "payment:vpay": null, "payment:american_express": null, "source:name": null, "toilets": null, "diet:gluten_free": null, "diet:lactose_free": null, "post_office:id_check": null, "post_office:oversized_item": null, "post_office:packaging": null, "post_office:parcel_from": null, "post_office:parcel_pickup": null, "post_office:parcel_to": null, "post_office:post_bank": null, "post_office:stamps": null, "payment:visa_electron": null, "fair_trade": null, "reusable_packaging:accept": null, "payment:cryptocurrencies": null, "building": null, "building:levels": null, "roof:shape": null, "vending": null, "building:roof": null, "roof:colour": null, "building:colour": null, "height": null, "roof:levels": null, "roof:height": null, "drink:coffee": null, "contact:facebook": null, "delivery": null, "contact:instagram": null, "payment:netto_app": null, "landuse": null, "indoor": null, "name:ru": null, "room": null }, "geometry": { "type": "Point", "coordinates": [ 13.8078658, 51.05102 ] } },
{ "type": "Feature", "properties": { "element": "node", "id": 1925356025, "addr:city": "Dresden", "addr:housenumber": "26", "addr:postcode": "01279", "addr:street": "Alttolkewitz", "brand": null, "brand:wikidata": null, "brand:wikipedia": null, "check_date:opening_hours": null, "level": "0", "name": "BioMarkt Vorwerk Podemus", "opening_hours": "Mo-Fr 08:00-19:00; Sa 08:00-18:00", "shop": "supermarket", "wheelchair": "yes", "internet_access": null, "internet_access:access": null, "internet_access:fee": null, "operator": "Vorwerk Podemus", "phone": null, "website": null, "addr:country": null, "check_date": null, "email": null, "payment:mastercard": null, "payment:visa": null, "payment:cash": null, "payment:girocard": null, "payment:maestro": null, "self_checkout": null, "ref:vatin": null, "payment:credit_cards": null, "operator:tax": null, "ref": null, "diet:halal": null, "diet:kosher": null, "lastcheck": null, "access": null, "entrance": null, "cash_withdrawal": null, "cash_withdrawal:purchase_minimum": null, "cash_withdrawal:purchase_required": null, "cash_withdrawal:type": null, "drink:bionade": null, "drink:bionade_mate": null, "drink:charitea_mate": null, "drink:club-mate": null, "drink:club-mate_icetea": null, "drink:fritz-kola": null, "drink:fritz-limo": null, "drink:fritz-mischmasch": null, "drink:kolle-kolla": null, "drink:kolle-zotrine": null, "drink:lemonaid": null, "drink:mio_mio_cola": null, "drink:mio_mio_mate": null, "drink:vita_cola": null, "organic": "only", "payment:contactless": null, "stroller": null, "start_date": null, "old_name": null, "contact:website": null, "layer": null, "toilets:wheelchair": null, "source": null, "payment:app": null, "payment:apple_pay": null, "payment:cards": null, "payment:coins": null, "payment:google_pay": null, "payment:visa_debit": null, "origin": null, "drink:charitea": null, "drink:kolle-jolle-mate": null, "drink:kolle-mate": null, "payment:debit_cards": null, "operator:wikidata": "Q96402396", "drink:vita_limo": null, "contact:phone": null, "cash_withdrawal:limit": null, "post_office": null, "post_office:brand": null, "post_office:service_provider": null, "bulk_purchase": null, "dog": null, "air_conditioning": null, "payment:notes": null, "ref:rewe": null, "addr:suburb": null, "membership": null, "access:covid19": null, "alt_name": null, "delivery:covid19": null, "takeaway:covid19": null, "discount:students": null, "currency:EUR": null, "internet_access:password": null, "internet_access:ssid": null, "post_office:brand:wikidata": null, "post_office:brand:wikipedia": null, "ref:deutsche_post": null, "description": null, "payment:mastercard_contactless": null, "payment:sodexo": null, "payment:v_pay": null, "fax": null, "drink:club-mate_granat": null, "opening_date": null, "payment:account_cards": null, "payment:payback_app": null, "wheelchair:description:de": null, "note": null, "cuisine": null, "diet:vegan": null, "diet:vegetarian": null, "contact:email": null, "branch": null, "short_name": null, "drink:kolle-kilimo": null, "drink:kombucha": null, "drink:sake": null, "drinking_water:refill": null, "drinking_water:refill:network": null, "payment:vpay": null, "payment:american_express": null, "source:name": null, "toilets": null, "diet:gluten_free": null, "diet:lactose_free": null, "post_office:id_check": null, "post_office:oversized_item": null, "post_office:packaging": null, "post_office:parcel_from": null, "post_office:parcel_pickup": null, "post_office:parcel_to": null, "post_office:post_bank": null, "post_office:stamps": null, "payment:visa_electron": null, "fair_trade": null, "reusable_packaging:accept": null, "payment:cryptocurrencies": null, "building": null, "building:levels": null, "roof:shape": null, "vending": null, "building:roof": null, "roof:colour": null, "building:colour": null, "height": null, "roof:levels": null, "roof:height": null, "drink:coffee": null, "contact:facebook": null, "delivery": null, "contact:instagram": null, "payment:netto_app": null, "landuse": null, "indoor": null, "name:ru": null, "room": null }, "geometry": { "type": "Point", "coordinates": [ 13.8314514, 51.0300259 ] } },
{ "type": "Feature", "properties": { "element": "node", "id": 1958534530, "addr:city": null, "addr:housenumber": null, "addr:postcode": null, "addr:street": null, "brand": "Netto Marken-Discount", "brand:wikidata": "Q879858", "brand:wikipedia": null, "check_date:opening_hours": "2023-10-17", "level": null, "name": "Netto Marken-Discount", "opening_hours": "Mo-Sa 07:00-22:00", "shop": "supermarket", "wheelchair": "yes", "internet_access": null, "internet_access:access": null, "internet_access:fee": null, "operator": "Netto Marken-Discount AG & Co. KG", "phone": null, "website": null, "addr:country": null, "check_date": null, "email": null, "payment:mastercard": null, "payment:visa": null, "payment:cash": null, "payment:girocard": null, "payment:maestro": null, "self_checkout": null, "ref:vatin": null, "payment:credit_cards": null, "operator:tax": null, "ref": null, "diet:halal": null, "diet:kosher": null, "lastcheck": null, "access": null, "entrance": null, "cash_withdrawal": null, "cash_withdrawal:purchase_minimum": null, "cash_withdrawal:purchase_required": null, "cash_withdrawal:type": null, "drink:bionade": null, "drink:bionade_mate": null, "drink:charitea_mate": null, "drink:club-mate": null, "drink:club-mate_icetea": null, "drink:fritz-kola": null, "drink:fritz-limo": null, "drink:fritz-mischmasch": null, "drink:kolle-kolla": null, "drink:kolle-zotrine": null, "drink:lemonaid": null, "drink:mio_mio_cola": null, "drink:mio_mio_mate": null, "drink:vita_cola": null, "organic": null, "payment:contactless": null, "stroller": null, "start_date": null, "old_name": null, "contact:website": "https://www.netto-online.de/filialen/Dresden/Leipziger-Str-42/8664/", "layer": null, "toilets:wheelchair": null, "source": null, "payment:app": null, "payment:apple_pay": null, "payment:cards": null, "payment:coins": null, "payment:google_pay": null, "payment:visa_debit": null, "origin": null, "drink:charitea": null, "drink:kolle-jolle-mate": null, "drink:kolle-mate": null, "payment:debit_cards": null, "operator:wikidata": null, "drink:vita_limo": null, "contact:phone": null, "cash_withdrawal:limit": null, "post_office": null, "post_office:brand": null, "post_office:service_provider": null, "bulk_purchase": null, "dog": null, "air_conditioning": null, "payment:notes": null, "ref:rewe": null, "addr:suburb": null, "membership": null, "access:covid19": null, "alt_name": null, "delivery:covid19": null, "takeaway:covid19": null, "discount:students": null, "currency:EUR": null, "internet_access:password": null, "internet_access:ssid": null, "post_office:brand:wikidata": null, "post_office:brand:wikipedia": null, "ref:deutsche_post": null, "description": null, "payment:mastercard_contactless": null, "payment:sodexo": null, "payment:v_pay": null, "fax": null, "drink:club-mate_granat": null, "opening_date": null, "payment:account_cards": null, "payment:payback_app": null, "wheelchair:description:de": null, "note": null, "cuisine": null, "diet:vegan": null, "diet:vegetarian": null, "contact:email": null, "branch": null, "short_name": null, "drink:kolle-kilimo": null, "drink:kombucha": null, "drink:sake": null, "drinking_water:refill": null, "drinking_water:refill:network": null, "payment:vpay": null, "payment:american_express": null, "source:name": null, "toilets": null, "diet:gluten_free": null, "diet:lactose_free": null, "post_office:id_check": null, "post_office:oversized_item": null, "post_office:packaging": null, "post_office:parcel_from": null, "post_office:parcel_pickup": null, "post_office:parcel_to": null, "post_office:post_bank": null, "post_office:stamps": null, "payment:visa_electron": null, "fair_trade": null, "reusable_packaging:accept": null, "payment:cryptocurrencies": null, "building": null, "building:levels": null, "roof:shape": null, "vending": null, "building:roof": null, "roof:colour": null, "building:colour": null, "height": null, "roof:levels": null, "roof:height": null, "drink:coffee": null, "contact:facebook": null, "delivery": null, "contact:instagram": null, "payment:netto_app": null, "landuse": null, "indoor": null, "name:ru": null, "room": null }, "geometry": { "type": "Point", "coordinates": [ 13.7270129, 51.072279 ] } },
{ "type": "Feature", "properties": { "element": "node", "id": 2046840767, "addr:city": "Dresden", "addr:housenumber": "6", "addr:postcode": "01169", "addr:street": "Amalie-Dietrich-Platz", "brand": "Mix Markt", "brand:wikidata": "Q327854", "brand:wikipedia": "de:Mix Markt", "check_date:opening_hours": null, "level": null, "name": "Mix Markt", "opening_hours": "Mo-Sa 09:00-19:00", "shop": "supermarket", "wheelchair": "yes", "internet_access": null, "internet_access:access": null, "internet_access:fee": null, "operator": "Arnold Polinski", "phone": "+49 351 43848421", "website": "https://www.mixmarkt.eu/de/germany/maerkte/152/", "addr:country": "DE", "check_date": null, "email": "mixmarkt152@monolith-gruppe.com", "payment:mastercard": null, "payment:visa": null, "payment:cash": null, "payment:girocard": null, "payment:maestro": null, "self_checkout": null, "ref:vatin": null, "payment:credit_cards": null, "operator:tax": null, "ref": null, "diet:halal": null, "diet:kosher": null, "lastcheck": null, "access": null, "entrance": null, "cash_withdrawal": null, "cash_withdrawal:purchase_minimum": null, "cash_withdrawal:purchase_required": null, "cash_withdrawal:type": null, "drink:bionade": null, "drink:bionade_mate": null, "drink:charitea_mate": null, "drink:club-mate": null, "drink:club-mate_icetea": null, "drink:fritz-kola": null, "drink:fritz-limo": null, "drink:fritz-mischmasch": null, "drink:kolle-kolla": null, "drink:kolle-zotrine": null, "drink:lemonaid": null, "drink:mio_mio_cola": null, "drink:mio_mio_mate": null, "drink:vita_cola": null, "organic": null, "payment:contactless": null, "stroller": null, "start_date": null, "old_name": "Rusmarkt", "contact:website": null, "layer": null, "toilets:wheelchair": null, "source": null, "payment:app": null, "payment:apple_pay": null, "payment:cards": null, "payment:coins": null, "payment:google_pay": null, "payment:visa_debit": null, "origin": null, "drink:charitea": null, "drink:kolle-jolle-mate": null, "drink:kolle-mate": null, "payment:debit_cards": null, "operator:wikidata": null, "drink:vita_limo": null, "contact:phone": null, "cash_withdrawal:limit": null, "post_office": null, "post_office:brand": null, "post_office:service_provider": null, "bulk_purchase": null, "dog": null, "air_conditioning": null, "payment:notes": null, "ref:rewe": null, "addr:suburb": null, "membership": null, "access:covid19": null, "alt_name": null, "delivery:covid19": null, "takeaway:covid19": null, "discount:students": null, "currency:EUR": null, "internet_access:password": null, "internet_access:ssid": null, "post_office:brand:wikidata": null, "post_office:brand:wikipedia": null, "ref:deutsche_post": null, "description": null, "payment:mastercard_contactless": null, "payment:sodexo": null, "payment:v_pay": null, "fax": "+49 351 42484057", "drink:club-mate_granat": null, "opening_date": null, "payment:account_cards": null, "payment:payback_app": null, "wheelchair:description:de": null, "note": null, "cuisine": null, "diet:vegan": null, "diet:vegetarian": null, "contact:email": null, "branch": null, "short_name": null, "drink:kolle-kilimo": null, "drink:kombucha": null, "drink:sake": null, "drinking_water:refill": null, "drinking_water:refill:network": null, "payment:vpay": null, "payment:american_express": null, "source:name": null, "toilets": null, "diet:gluten_free": null, "diet:lactose_free": null, "post_office:id_check": null, "post_office:oversized_item": null, "post_office:packaging": null, "post_office:parcel_from": null, "post_office:parcel_pickup": null, "post_office:parcel_to": null, "post_office:post_bank": null, "post_office:stamps": null, "payment:visa_electron": null, "fair_trade": null, "reusable_packaging:accept": null, "payment:cryptocurrencies": null, "building": null, "building:levels": null, "roof:shape": null, "vending": null, "building:roof": null, "roof:colour": null, "building:colour": null, "height": null, "roof:levels": null, "roof:height": null, "drink:coffee": null, "contact:facebook": null, "delivery": null, "contact:instagram": null, "payment:netto_app": null, "landuse": null, "indoor": null, "name:ru": null, "room": null }, "geometry": { "type": "Point", "coordinates": [ 13.6789378, 51.0430091 ] } },
{ "type": "Feature", "properties": { "element": "node", "id": 2072086545, "addr:city": null, "addr:housenumber": null, "addr:postcode": null, "addr:street": null, "brand": null, "brand:wikidata": null, "brand:wikipedia": null, "check_date:opening_hours": null, "level": null, "name": "Rewe Abholservice", "opening_hours": "Mo-Sa 07:00-22:00", "shop": "supermarket", "wheelchair": null, "internet_access": null, "internet_access:access": null, "internet_access:fee": null, "operator": null, "phone": null, "website": null, "addr:country": null, "check_date": null, "email": null, "payment:mastercard": null, "payment:visa": null, "payment:cash": null, "payment:girocard": null, "payment:maestro": null, "self_checkout": null, "ref:vatin": null, "payment:credit_cards": null, "operator:tax": null, "ref": null, "diet:halal": null, "diet:kosher": null, "lastcheck": null, "access": null, "entrance": null, "cash_withdrawal": null, "cash_withdrawal:purchase_minimum": null, "cash_withdrawal:purchase_required": null, "cash_withdrawal:type": null, "drink:bionade": null, "drink:bionade_mate": null, "drink:charitea_mate": null, "drink:club-mate": null, "drink:club-mate_icetea": null, "drink:fritz-kola": null, "drink:fritz-limo": null, "drink:fritz-mischmasch": null, "drink:kolle-kolla": null, "drink:kolle-zotrine": null, "drink:lemonaid": null, "drink:mio_mio_cola": null, "drink:mio_mio_mate": null, "drink:vita_cola": null, "organic": null, "payment:contactless": null, "stroller": null, "start_date": null, "old_name": null, "contact:website": null, "layer": null, "toilets:wheelchair": null, "source": null, "payment:app": null, "payment:apple_pay": null, "payment:cards": null, "payment:coins": null, "payment:google_pay": null, "payment:visa_debit": null, "origin": null, "drink:charitea": null, "drink:kolle-jolle-mate": null, "drink:kolle-mate": null, "payment:debit_cards": null, "operator:wikidata": null, "drink:vita_limo": null, "contact:phone": null, "cash_withdrawal:limit": null, "post_office": null, "post_office:brand": null, "post_office:service_provider": null, "bulk_purchase": null, "dog": null, "air_conditioning": null, "payment:notes": null, "ref:rewe": null, "addr:suburb": null, "membership": null, "access:covid19": null, "alt_name": null, "delivery:covid19": null, "takeaway:covid19": null, "discount:students": null, "currency:EUR": null, "internet_access:password": null, "internet_access:ssid": null, "post_office:brand:wikidata": null, "post_office:brand:wikipedia": null, "ref:deutsche_post": null, "description": null, "payment:mastercard_contactless": null, "payment:sodexo": null, "payment:v_pay": null, "fax": null, "drink:club-mate_granat": null, "opening_date": null, "payment:account_cards": null, "payment:payback_app": null, "wheelchair:description:de": null, "note": null, "cuisine": null, "diet:vegan": null, "diet:vegetarian": null, "contact:email": null, "branch": null, "short_name": null, "drink:kolle-kilimo": null, "drink:kombucha": null, "drink:sake": null, "drinking_water:refill": null, "drinking_water:refill:network": null, "payment:vpay": null, "payment:american_express": null, "source:name": null, "toilets": null, "diet:gluten_free": null, "diet:lactose_free": null, "post_office:id_check": null, "post_office:oversized_item": null, "post_office:packaging": null, "post_office:parcel_from": null, "post_office:parcel_pickup": null, "post_office:parcel_to": null, "post_office:post_bank": null, "post_office:stamps": null, "payment:visa_electron": null, "fair_trade": null, "reusable_packaging:accept": null, "payment:cryptocurrencies": null, "building": null, "building:levels": null, "roof:shape": null, "vending": null, "building:roof": null, "roof:colour": null, "building:colour": null, "height": null, "roof:levels": null, "roof:height": null, "drink:coffee": null, "contact:facebook": null, "delivery": null, "contact:instagram": null, "payment:netto_app": null, "landuse": null, "indoor": null, "name:ru": null, "room": null }, "geometry": { "type": "Point", "coordinates": [ 13.7525759, 51.0630915 ] } },
{ "type": "Feature", "properties": { "element": "node", "id": 2072086549, "addr:city": "Dresden", "addr:housenumber": "31", "addr:postcode": "01099", "addr:street": "Bautzner Straße", "brand": "REWE", "brand:wikidata": "Q16968817", "brand:wikipedia": "en:REWE", "check_date:opening_hours": "2024-08-01", "level": null, "name": "REWE", "opening_hours": "Mo-Sa 07:00-22:00", "shop": "supermarket", "wheelchair": "yes", "internet_access": "wlan", "internet_access:access": null, "internet_access:fee": null, "operator": "Gesine Hiekel oHG", "phone": null, "website": null, "addr:country": "DE", "check_date": "2025-01-04", "email": null, "payment:mastercard": null, "payment:visa": null, "payment:cash": null, "payment:girocard": null, "payment:maestro": null, "self_checkout": "yes", "ref:vatin": null, "payment:credit_cards": "yes", "operator:tax": null, "ref": null, "diet:halal": null, "diet:kosher": null, "lastcheck": null, "access": null, "entrance": null, "cash_withdrawal": null, "cash_withdrawal:purchase_minimum": null, "cash_withdrawal:purchase_required": null, "cash_withdrawal:type": null, "drink:bionade": null, "drink:bionade_mate": null, "drink:charitea_mate": null, "drink:club-mate": "yes", "drink:club-mate_icetea": null, "drink:fritz-kola": null, "drink:fritz-limo": null, "drink:fritz-mischmasch": null, "drink:kolle-kolla": null, "drink:kolle-zotrine": null, "drink:lemonaid": null, "drink:mio_mio_cola": null, "drink:mio_mio_mate": null, "drink:vita_cola": null, "organic": null, "payment:contactless": null, "stroller": null, "start_date": null, "old_name": null, "contact:website": "https://www.rewe.de/marktseite/dresden/4040385/rewe-markt-bautzner-str-31/", "layer": null, "toilets:wheelchair": null, "source": null, "payment:app": null, "payment:apple_pay": null, "payment:cards": null, "payment:coins": null, "payment:google_pay": null, "payment:visa_debit": null, "origin": null, "drink:charitea": null, "drink:kolle-jolle-mate": null, "drink:kolle-mate": null, "payment:debit_cards": null, "operator:wikidata": null, "drink:vita_limo": null, "contact:phone": "+4935121408260", "cash_withdrawal:limit": null, "post_office": null, "post_office:brand": null, "post_office:service_provider": null, "bulk_purchase": null, "dog": null, "air_conditioning": null, "payment:notes": null, "ref:rewe": null, "addr:suburb": "Äußere Neustadt", "membership": null, "access:covid19": null, "alt_name": null, "delivery:covid19": null, "takeaway:covid19": null, "discount:students": null, "currency:EUR": null, "internet_access:password": null, "internet_access:ssid": null, "post_office:brand:wikidata": null, "post_office:brand:wikipedia": null, "ref:deutsche_post": null, "description": null, "payment:mastercard_contactless": null, "payment:sodexo": null, "payment:v_pay": null, "fax": null, "drink:club-mate_granat": "yes", "opening_date": "2023-08-24", "payment:account_cards": "yes", "payment:payback_app": null, "wheelchair:description:de": null, "note": null, "cuisine": null, "diet:vegan": null, "diet:vegetarian": null, "contact:email": null, "branch": null, "short_name": null, "drink:kolle-kilimo": null, "drink:kombucha": null, "drink:sake": null, "drinking_water:refill": null, "drinking_water:refill:network": null, "payment:vpay": null, "payment:american_express": null, "source:name": null, "toilets": null, "diet:gluten_free": null, "diet:lactose_free": null, "post_office:id_check": null, "post_office:oversized_item": null, "post_office:packaging": null, "post_office:parcel_from": null, "post_office:parcel_pickup": null, "post_office:parcel_to": null, "post_office:post_bank": null, "post_office:stamps": null, "payment:visa_electron": null, "fair_trade": null, "reusable_packaging:accept": null, "payment:cryptocurrencies": null, "building": null, "building:levels": null, "roof:shape": null, "vending": null, "building:roof": null, "roof:colour": null, "building:colour": null, "height": null, "roof:levels": null, "roof:height": null, "drink:coffee": null, "contact:facebook": null, "delivery": null, "contact:instagram": null, "payment:netto_app": null, "landuse": null, "indoor": null, "name:ru": null, "room": null }, "geometry": { "type": "Point", "coordinates": [ 13.7529209, 51.063182 ] } },
{ "type": "Feature", "properties": { "element": "node", "id": 2310993683, "addr:city": "Dresden", "addr:housenumber": "1", "addr:postcode": "01067", "addr:street": "Webergasse", "brand": "ALDI Nord", "brand:wikidata": "Q41171373", "brand:wikipedia": "en:Aldi", "check_date:opening_hours": null, "level": "-1", "name": "ALDI Nord", "opening_hours": "Mo-Sa 10:00-20:00", "shop": "supermarket", "wheelchair": "yes", "internet_access": null, "internet_access:access": null, "internet_access:fee": null, "operator": null, "phone": null, "website": null, "addr:country": null, "check_date": null, "email": null, "payment:mastercard": null, "payment:visa": null, "payment:cash": null, "payment:girocard": null, "payment:maestro": null, "self_checkout": null, "ref:vatin": null, "payment:credit_cards": null, "operator:tax": null, "ref": null, "diet:halal": null, "diet:kosher": null, "lastcheck": null, "access": null, "entrance": null, "cash_withdrawal": null, "cash_withdrawal:purchase_minimum": null, "cash_withdrawal:purchase_required": null, "cash_withdrawal:type": null, "drink:bionade": null, "drink:bionade_mate": null, "drink:charitea_mate": null, "drink:club-mate": null, "drink:club-mate_icetea": null, "drink:fritz-kola": null, "drink:fritz-limo": null, "drink:fritz-mischmasch": null, "drink:kolle-kolla": null, "drink:kolle-zotrine": null, "drink:lemonaid": null, "drink:mio_mio_cola": null, "drink:mio_mio_mate": null, "drink:vita_cola": null, "organic": null, "payment:contactless": null, "stroller": null, "start_date": null, "old_name": null, "contact:website": null, "layer": null, "toilets:wheelchair": null, "source": "estimation", "payment:app": null, "payment:apple_pay": null, "payment:cards": null, "payment:coins": null, "payment:google_pay": null, "payment:visa_debit": null, "origin": null, "drink:charitea": null, "drink:kolle-jolle-mate": null, "drink:kolle-mate": null, "payment:debit_cards": null, "operator:wikidata": null, "drink:vita_limo": null, "contact:phone": null, "cash_withdrawal:limit": null, "post_office": null, "post_office:brand": null, "post_office:service_provider": null, "bulk_purchase": null, "dog": null, "air_conditioning": null, "payment:notes": null, "ref:rewe": null, "addr:suburb": null, "membership": null, "access:covid19": null, "alt_name": null, "delivery:covid19": null, "takeaway:covid19": null, "discount:students": null, "currency:EUR": null, "internet_access:password": null, "internet_access:ssid": null, "post_office:brand:wikidata": null, "post_office:brand:wikipedia": null, "ref:deutsche_post": null, "description": null, "payment:mastercard_contactless": null, "payment:sodexo": null, "payment:v_pay": null, "fax": null, "drink:club-mate_granat": null, "opening_date": null, "payment:account_cards": null, "payment:payback_app": null, "wheelchair:description:de": null, "note": null, "cuisine": null, "diet:vegan": null, "diet:vegetarian": null, "contact:email": null, "branch": null, "short_name": null, "drink:kolle-kilimo": null, "drink:kombucha": null, "drink:sake": null, "drinking_water:refill": null, "drinking_water:refill:network": null, "payment:vpay": null, "payment:american_express": null, "source:name": null, "toilets": null, "diet:gluten_free": null, "diet:lactose_free": null, "post_office:id_check": null, "post_office:oversized_item": null, "post_office:packaging": null, "post_office:parcel_from": null, "post_office:parcel_pickup": null, "post_office:parcel_to": null, "post_office:post_bank": null, "post_office:stamps": null, "payment:visa_electron": null, "fair_trade": null, "reusable_packaging:accept": null, "payment:cryptocurrencies": null, "building": null, "building:levels": null, "roof:shape": null, "vending": null, "building:roof": null, "roof:colour": null, "building:colour": null, "height": null, "roof:levels": null, "roof:height": null, "drink:coffee": null, "contact:facebook": null, "delivery": null, "contact:instagram": null, "payment:netto_app": null, "landuse": null, "indoor": null, "name:ru": null, "room": null }, "geometry": { "type": "Point", "coordinates": [ 13.7355609, 51.0494901 ] } },
{ "type": "Feature", "properties": { "element": "node", "id": 2444947262, "addr:city": "Dresden", "addr:housenumber": "313B", "addr:postcode": "01326", "addr:street": "Pillnitzer Landstraße", "brand": "Nahkauf", "brand:wikidata": "Q57515238", "brand:wikipedia": null, "check_date:opening_hours": "2023-09-15", "level": "0", "name": "Nahkauf", "opening_hours": "Mo-Sa 07:00-21:00", "shop": "supermarket", "wheelchair": "yes", "internet_access": null, "internet_access:access": null, "internet_access:fee": null, "operator": "FMS Handels GmbH", "phone": null, "website": null, "addr:country": null, "check_date": null, "email": null, "payment:mastercard": null, "payment:visa": null, "payment:cash": "yes", "payment:girocard": "yes", "payment:maestro": null, "self_checkout": null, "ref:vatin": null, "payment:credit_cards": "yes", "operator:tax": null, "ref": null, "diet:halal": null, "diet:kosher": null, "lastcheck": null, "access": null, "entrance": null, "cash_withdrawal": null, "cash_withdrawal:purchase_minimum": null, "cash_withdrawal:purchase_required": null, "cash_withdrawal:type": null, "drink:bionade": null, "drink:bionade_mate": null, "drink:charitea_mate": null, "drink:club-mate": null, "drink:club-mate_icetea": null, "drink:fritz-kola": null, "drink:fritz-limo": null, "drink:fritz-mischmasch": null, "drink:kolle-kolla": null, "drink:kolle-zotrine": null, "drink:lemonaid": null, "drink:mio_mio_cola": null, "drink:mio_mio_mate": null, "drink:vita_cola": null, "organic": null, "payment:contactless": null, "stroller": null, "start_date": null, "old_name": null, "contact:website": null, "layer": null, "toilets:wheelchair": null, "source": null, "payment:app": null, "payment:apple_pay": null, "payment:cards": null, "payment:coins": null, "payment:google_pay": null, "payment:visa_debit": null, "origin": null, "drink:charitea": null, "drink:kolle-jolle-mate": null, "drink:kolle-mate": null, "payment:debit_cards": "yes", "operator:wikidata": null, "drink:vita_limo": null, "contact:phone": null, "cash_withdrawal:limit": null, "post_office": null, "post_office:brand": null, "post_office:service_provider": null, "bulk_purchase": null, "dog": null, "air_conditioning": null, "payment:notes": null, "ref:rewe": null, "addr:suburb": null, "membership": null, "access:covid19": null, "alt_name": null, "delivery:covid19": null, "takeaway:covid19": null, "discount:students": null, "currency:EUR": null, "internet_access:password": null, "internet_access:ssid": null, "post_office:brand:wikidata": null, "post_office:brand:wikipedia": null, "ref:deutsche_post": null, "description": null, "payment:mastercard_contactless": null, "payment:sodexo": null, "payment:v_pay": null, "fax": null, "drink:club-mate_granat": null, "opening_date": null, "payment:account_cards": null, "payment:payback_app": "yes", "wheelchair:description:de": null, "note": null, "cuisine": null, "diet:vegan": null, "diet:vegetarian": null, "contact:email": null, "branch": null, "short_name": null, "drink:kolle-kilimo": null, "drink:kombucha": null, "drink:sake": null, "drinking_water:refill": null, "drinking_water:refill:network": null, "payment:vpay": null, "payment:american_express": null, "source:name": null, "toilets": null, "diet:gluten_free": null, "diet:lactose_free": null, "post_office:id_check": null, "post_office:oversized_item": null, "post_office:packaging": null, "post_office:parcel_from": null, "post_office:parcel_pickup": null, "post_office:parcel_to": null, "post_office:post_bank": null, "post_office:stamps": null, "payment:visa_electron": null, "fair_trade": null, "reusable_packaging:accept": null, "payment:cryptocurrencies": null, "building": null, "building:levels": null, "roof:shape": null, "vending": null, "building:roof": null, "roof:colour": null, "building:colour": null, "height": null, "roof:levels": null, "roof:height": null, "drink:coffee": null, "contact:facebook": null, "delivery": null, "contact:instagram": null, "payment:netto_app": null, "landuse": null, "indoor": null, "name:ru": null, "room": null }, "geometry": { "type": "Point", "coordinates": [ 13.8636603, 51.0143308 ] } },
{ "type": "Feature", "properties": { "element": "node", "id": 2461355229, "addr:city": "Dresden", "addr:housenumber": "1", "addr:postcode": "01067", "addr:street": "Webergasse", "brand": "REWE", "brand:wikidata": "Q16968817", "brand:wikipedia": "en:REWE", "check_date:opening_hours": null, "level": "-1", "name": "REWE", "opening_hours": "Mo-Sa 10:00-20:00; Su off", "shop": "supermarket", "wheelchair": "yes", "internet_access": "wlan", "internet_access:access": null, "internet_access:fee": "no", "operator": "REWE Daniela Ketzscher oHG", "phone": null, "website": null, "addr:country": "DE", "check_date": null, "email": null, "payment:mastercard": null, "payment:visa": null, "payment:cash": null, "payment:girocard": null, "payment:maestro": null, "self_checkout": null, "ref:vatin": "DE243082979", "payment:credit_cards": null, "operator:tax": null, "ref": null, "diet:halal": null, "diet:kosher": null, "lastcheck": null, "access": null, "entrance": null, "cash_withdrawal": null, "cash_withdrawal:purchase_minimum": null, "cash_withdrawal:purchase_required": null, "cash_withdrawal:type": null, "drink:bionade": null, "drink:bionade_mate": null, "drink:charitea_mate": null, "drink:club-mate": null, "drink:club-mate_icetea": null, "drink:fritz-kola": null, "drink:fritz-limo": null, "drink:fritz-mischmasch": null, "drink:kolle-kolla": null, "drink:kolle-zotrine": null, "drink:lemonaid": null, "drink:mio_mio_cola": null, "drink:mio_mio_mate": null, "drink:vita_cola": null, "organic": null, "payment:contactless": null, "stroller": null, "start_date": null, "old_name": null, "contact:website": null, "layer": null, "toilets:wheelchair": null, "source": null, "payment:app": null, "payment:apple_pay": null, "payment:cards": null, "payment:coins": null, "payment:google_pay": null, "payment:visa_debit": null, "origin": null, "drink:charitea": null, "drink:kolle-jolle-mate": null, "drink:kolle-mate": null, "payment:debit_cards": null, "operator:wikidata": null, "drink:vita_limo": null, "contact:phone": null, "cash_withdrawal:limit": null, "post_office": null, "post_office:brand": null, "post_office:service_provider": null, "bulk_purchase": null, "dog": null, "air_conditioning": null, "payment:notes": null, "ref:rewe": "5030", "addr:suburb": null, "membership": null, "access:covid19": null, "alt_name": null, "delivery:covid19": null, "takeaway:covid19": null, "discount:students": null, "currency:EUR": null, "internet_access:password": null, "internet_access:ssid": null, "post_office:brand:wikidata": null, "post_office:brand:wikipedia": null, "ref:deutsche_post": null, "description": null, "payment:mastercard_contactless": null, "payment:sodexo": null, "payment:v_pay": null, "fax": null, "drink:club-mate_granat": null, "opening_date": null, "payment:account_cards": null, "payment:payback_app": null, "wheelchair:description:de": "Ebenerdiger Zugang", "note": null, "cuisine": null, "diet:vegan": null, "diet:vegetarian": null, "contact:email": null, "branch": null, "short_name": null, "drink:kolle-kilimo": null, "drink:kombucha": null, "drink:sake": null, "drinking_water:refill": null, "drinking_water:refill:network": null, "payment:vpay": null, "payment:american_express": null, "source:name": null, "toilets": null, "diet:gluten_free": null, "diet:lactose_free": null, "post_office:id_check": null, "post_office:oversized_item": null, "post_office:packaging": null, "post_office:parcel_from": null, "post_office:parcel_pickup": null, "post_office:parcel_to": null, "post_office:post_bank": null, "post_office:stamps": null, "payment:visa_electron": null, "fair_trade": null, "reusable_packaging:accept": null, "payment:cryptocurrencies": null, "building": null, "building:levels": null, "roof:shape": null, "vending": null, "building:roof": null, "roof:colour": null, "building:colour": null, "height": null, "roof:levels": null, "roof:height": null, "drink:coffee": null, "contact:facebook": null, "delivery": null, "contact:instagram": null, "payment:netto_app": null, "landuse": null, "indoor": null, "name:ru": null, "room": null }, "geometry": { "type": "Point", "coordinates": [ 13.7354636, 51.0481258 ] } },
{ "type": "Feature", "properties": { "element": "node", "id": 2475662786, "addr:city": "Dresden", "addr:housenumber": "154", "addr:postcode": "01257", "addr:street": "Pirnaer Landstraße", "brand": "Netto", "brand:wikidata": "Q552652", "brand:wikipedia": null, "check_date:opening_hours": null, "level": null, "name": "Netto", "opening_hours": "Mo-Sa 07:00-20:00", "shop": "supermarket", "wheelchair": "yes", "internet_access": null, "internet_access:access": null, "internet_access:fee": null, "operator": "Netto", "phone": null, "website": null, "addr:country": "DE", "check_date": null, "email": null, "payment:mastercard": null, "payment:visa": null, "payment:cash": null, "payment:girocard": null, "payment:maestro": null, "self_checkout": null, "ref:vatin": null, "payment:credit_cards": null, "operator:tax": null, "ref": null, "diet:halal": null, "diet:kosher": null, "lastcheck": null, "access": null, "entrance": null, "cash_withdrawal": null, "cash_withdrawal:purchase_minimum": null, "cash_withdrawal:purchase_required": null, "cash_withdrawal:type": null, "drink:bionade": null, "drink:bionade_mate": null, "drink:charitea_mate": null, "drink:club-mate": null, "drink:club-mate_icetea": null, "drink:fritz-kola": null, "drink:fritz-limo": null, "drink:fritz-mischmasch": null, "drink:kolle-kolla": null, "drink:kolle-zotrine": null, "drink:lemonaid": null, "drink:mio_mio_cola": null, "drink:mio_mio_mate": null, "drink:vita_cola": null, "organic": null, "payment:contactless": null, "stroller": null, "start_date": null, "old_name": null, "contact:website": null, "layer": null, "toilets:wheelchair": null, "source": null, "payment:app": null, "payment:apple_pay": null, "payment:cards": null, "payment:coins": null, "payment:google_pay": null, "payment:visa_debit": null, "origin": null, "drink:charitea": null, "drink:kolle-jolle-mate": null, "drink:kolle-mate": null, "payment:debit_cards": null, "operator:wikidata": null, "drink:vita_limo": null, "contact:phone": null, "cash_withdrawal:limit": null, "post_office": null, "post_office:brand": null, "post_office:service_provider": null, "bulk_purchase": null, "dog": null, "air_conditioning": null, "payment:notes": null, "ref:rewe": null, "addr:suburb": null, "membership": null, "access:covid19": null, "alt_name": null, "delivery:covid19": null, "takeaway:covid19": null, "discount:students": null, "currency:EUR": null, "internet_access:password": null, "internet_access:ssid": null, "post_office:brand:wikidata": null, "post_office:brand:wikipedia": null, "ref:deutsche_post": null, "description": null, "payment:mastercard_contactless": null, "payment:sodexo": null, "payment:v_pay": null, "fax": null, "drink:club-mate_granat": null, "opening_date": null, "payment:account_cards": null, "payment:payback_app": null, "wheelchair:description:de": null, "note": "Netto schwarz", "cuisine": null, "diet:vegan": null, "diet:vegetarian": null, "contact:email": null, "branch": null, "short_name": null, "drink:kolle-kilimo": null, "drink:kombucha": null, "drink:sake": null, "drinking_water:refill": null, "drinking_water:refill:network": null, "payment:vpay": null, "payment:american_express": null, "source:name": null, "toilets": null, "diet:gluten_free": null, "diet:lactose_free": null, "post_office:id_check": null, "post_office:oversized_item": null, "post_office:packaging": null, "post_office:parcel_from": null, "post_office:parcel_pickup": null, "post_office:parcel_to": null, "post_office:post_bank": null, "post_office:stamps": null, "payment:visa_electron": null, "fair_trade": null, "reusable_packaging:accept": null, "payment:cryptocurrencies": null, "building": null, "building:levels": null, "roof:shape": null, "vending": null, "building:roof": null, "roof:colour": null, "building:colour": null, "height": null, "roof:levels": null, "roof:height": null, "drink:coffee": null, "contact:facebook": null, "delivery": null, "contact:instagram": null, "payment:netto_app": null, "landuse": null, "indoor": null, "name:ru": null, "room": null }, "geometry": { "type": "Point", "coordinates": [ 13.8296684, 51.0102166 ] } },
{ "type": "Feature", "properties": { "element": "node", "id": 2546655023, "addr:city": "Dresden", "addr:housenumber": "4", "addr:postcode": "01069", "addr:street": "Wiener Platz", "brand": "Lidl", "brand:wikidata": "Q151954", "brand:wikipedia": "en:Lidl", "check_date:opening_hours": "2024-10-26", "level": "0", "name": "Lidl", "opening_hours": "Mo-Sa 07:00-21:00; Su,PH 08:00-21:00", "shop": "supermarket", "wheelchair": "yes", "internet_access": "no", "internet_access:access": null, "internet_access:fee": null, "operator": null, "phone": null, "website": null, "addr:country": null, "check_date": "2025-03-04", "email": null, "payment:mastercard": null, "payment:visa": null, "payment:cash": "yes", "payment:girocard": null, "payment:maestro": null, "self_checkout": null, "ref:vatin": null, "payment:credit_cards": "yes", "operator:tax": null, "ref": null, "diet:halal": null, "diet:kosher": null, "lastcheck": null, "access": null, "entrance": null, "cash_withdrawal": null, "cash_withdrawal:purchase_minimum": null, "cash_withdrawal:purchase_required": null, "cash_withdrawal:type": null, "drink:bionade": null, "drink:bionade_mate": null, "drink:charitea_mate": null, "drink:club-mate": null, "drink:club-mate_icetea": null, "drink:fritz-kola": null, "drink:fritz-limo": null, "drink:fritz-mischmasch": null, "drink:kolle-kolla": null, "drink:kolle-zotrine": null, "drink:lemonaid": null, "drink:mio_mio_cola": null, "drink:mio_mio_mate": null, "drink:vita_cola": null, "organic": null, "payment:contactless": null, "stroller": null, "start_date": null, "old_name": null, "contact:website": null, "layer": null, "toilets:wheelchair": null, "source": "extrapolation", "payment:app": null, "payment:apple_pay": null, "payment:cards": null, "payment:coins": null, "payment:google_pay": null, "payment:visa_debit": null, "origin": null, "drink:charitea": null, "drink:kolle-jolle-mate": null, "drink:kolle-mate": null, "payment:debit_cards": "yes", "operator:wikidata": null, "drink:vita_limo": null, "contact:phone": null, "cash_withdrawal:limit": null, "post_office": null, "post_office:brand": null, "post_office:service_provider": null, "bulk_purchase": null, "dog": null, "air_conditioning": null, "payment:notes": null, "ref:rewe": null, "addr:suburb": null, "membership": null, "access:covid19": null, "alt_name": null, "delivery:covid19": null, "takeaway:covid19": null, "discount:students": null, "currency:EUR": null, "internet_access:password": null, "internet_access:ssid": null, "post_office:brand:wikidata": null, "post_office:brand:wikipedia": null, "ref:deutsche_post": null, "description": null, "payment:mastercard_contactless": null, "payment:sodexo": null, "payment:v_pay": null, "fax": null, "drink:club-mate_granat": null, "opening_date": null, "payment:account_cards": null, "payment:payback_app": null, "wheelchair:description:de": null, "note": null, "cuisine": null, "diet:vegan": null, "diet:vegetarian": null, "contact:email": null, "branch": null, "short_name": null, "drink:kolle-kilimo": null, "drink:kombucha": null, "drink:sake": null, "drinking_water:refill": null, "drinking_water:refill:network": null, "payment:vpay": null, "payment:american_express": null, "source:name": null, "toilets": null, "diet:gluten_free": null, "diet:lactose_free": null, "post_office:id_check": null, "post_office:oversized_item": null, "post_office:packaging": null, "post_office:parcel_from": null, "post_office:parcel_pickup": null, "post_office:parcel_to": null, "post_office:post_bank": null, "post_office:stamps": null, "payment:visa_electron": null, "fair_trade": null, "reusable_packaging:accept": null, "payment:cryptocurrencies": null, "building": null, "building:levels": null, "roof:shape": null, "vending": null, "building:roof": null, "roof:colour": null, "building:colour": null, "height": null, "roof:levels": null, "roof:height": null, "drink:coffee": null, "contact:facebook": null, "delivery": null, "contact:instagram": null, "payment:netto_app": null, "landuse": null, "indoor": null, "name:ru": null, "room": null }, "geometry": { "type": "Point", "coordinates": [ 13.7320241, 51.0407001 ] } },
{ "type": "Feature", "properties": { "element": "node", "id": 2692210751, "addr:city": null, "addr:housenumber": null, "addr:postcode": null, "addr:street": null, "brand": "Konsum Dresden", "brand:wikidata": "Q1618877", "brand:wikipedia": "de:Konsum Dresden", "check_date:opening_hours": "2023-03-25", "level": null, "name": "Konsum", "opening_hours": "Mo-Sa 08:00-20:00", "shop": "supermarket", "wheelchair": "yes", "internet_access": "wlan", "internet_access:access": "customers", "internet_access:fee": "no", "operator": "KONSUM DRESDEN eG", "phone": null, "website": "https://www.konsum.de", "addr:country": null, "check_date": null, "email": null, "payment:mastercard": null, "payment:visa": null, "payment:cash": null, "payment:girocard": null, "payment:maestro": null, "self_checkout": null, "ref:vatin": null, "payment:credit_cards": null, "operator:tax": null, "ref": null, "diet:halal": null, "diet:kosher": null, "lastcheck": null, "access": null, "entrance": null, "cash_withdrawal": null, "cash_withdrawal:purchase_minimum": null, "cash_withdrawal:purchase_required": null, "cash_withdrawal:type": null, "drink:bionade": null, "drink:bionade_mate": null, "drink:charitea_mate": null, "drink:club-mate": null, "drink:club-mate_icetea": null, "drink:fritz-kola": null, "drink:fritz-limo": null, "drink:fritz-mischmasch": null, "drink:kolle-kolla": null, "drink:kolle-zotrine": null, "drink:lemonaid": null, "drink:mio_mio_cola": null, "drink:mio_mio_mate": null, "drink:vita_cola": null, "organic": null, "payment:contactless": null, "stroller": null, "start_date": null, "old_name": null, "contact:website": null, "layer": null, "toilets:wheelchair": null, "source": null, "payment:app": null, "payment:apple_pay": null, "payment:cards": null, "payment:coins": null, "payment:google_pay": null, "payment:visa_debit": null, "origin": null, "drink:charitea": null, "drink:kolle-jolle-mate": null, "drink:kolle-mate": null, "payment:debit_cards": null, "operator:wikidata": null, "drink:vita_limo": null, "contact:phone": null, "cash_withdrawal:limit": null, "post_office": null, "post_office:brand": null, "post_office:service_provider": null, "bulk_purchase": null, "dog": null, "air_conditioning": null, "payment:notes": null, "ref:rewe": null, "addr:suburb": null, "membership": null, "access:covid19": null, "alt_name": null, "delivery:covid19": null, "takeaway:covid19": null, "discount:students": null, "currency:EUR": null, "internet_access:password": null, "internet_access:ssid": null, "post_office:brand:wikidata": null, "post_office:brand:wikipedia": null, "ref:deutsche_post": null, "description": null, "payment:mastercard_contactless": null, "payment:sodexo": null, "payment:v_pay": null, "fax": null, "drink:club-mate_granat": null, "opening_date": null, "payment:account_cards": null, "payment:payback_app": null, "wheelchair:description:de": null, "note": null, "cuisine": null, "diet:vegan": null, "diet:vegetarian": null, "contact:email": null, "branch": null, "short_name": null, "drink:kolle-kilimo": null, "drink:kombucha": null, "drink:sake": null, "drinking_water:refill": null, "drinking_water:refill:network": null, "payment:vpay": null, "payment:american_express": null, "source:name": null, "toilets": null, "diet:gluten_free": null, "diet:lactose_free": null, "post_office:id_check": null, "post_office:oversized_item": null, "post_office:packaging": null, "post_office:parcel_from": null, "post_office:parcel_pickup": null, "post_office:parcel_to": null, "post_office:post_bank": null, "post_office:stamps": null, "payment:visa_electron": null, "fair_trade": null, "reusable_packaging:accept": null, "payment:cryptocurrencies": null, "building": null, "building:levels": null, "roof:shape": null, "vending": null, "building:roof": null, "roof:colour": null, "building:colour": null, "height": null, "roof:levels": null, "roof:height": null, "drink:coffee": null, "contact:facebook": null, "delivery": null, "contact:instagram": null, "payment:netto_app": null, "landuse": null, "indoor": null, "name:ru": null, "room": null }, "geometry": { "type": "Point", "coordinates": [ 13.8122387, 51.0287437 ] } },
{ "type": "Feature", "properties": { "element": "node", "id": 2705437376, "addr:city": "Dresden", "addr:housenumber": "109", "addr:postcode": "01127", "addr:street": "Großenhainer Straße", "brand": "EDEKA", "brand:wikidata": "Q701755", "brand:wikipedia": "de:Edeka", "check_date:opening_hours": "2023-11-23", "level": null, "name": "EDEKA", "opening_hours": "Mo-Sa 07:00-21:00", "shop": "supermarket", "wheelchair": "yes", "internet_access": null, "internet_access:access": null, "internet_access:fee": null, "operator": null, "phone": null, "website": null, "addr:country": "DE", "check_date": null, "email": null, "payment:mastercard": null, "payment:visa": null, "payment:cash": null, "payment:girocard": null, "payment:maestro": null, "self_checkout": null, "ref:vatin": null, "payment:credit_cards": null, "operator:tax": null, "ref": null, "diet:halal": null, "diet:kosher": null, "lastcheck": null, "access": null, "entrance": "main", "cash_withdrawal": null, "cash_withdrawal:purchase_minimum": null, "cash_withdrawal:purchase_required": null, "cash_withdrawal:type": null, "drink:bionade": null, "drink:bionade_mate": null, "drink:charitea_mate": null, "drink:club-mate": null, "drink:club-mate_icetea": null, "drink:fritz-kola": null, "drink:fritz-limo": null, "drink:fritz-mischmasch": null, "drink:kolle-kolla": null, "drink:kolle-zotrine": null, "drink:lemonaid": null, "drink:mio_mio_cola": null, "drink:mio_mio_mate": null, "drink:vita_cola": null, "organic": null, "payment:contactless": null, "stroller": null, "start_date": null, "old_name": null, "contact:website": null, "layer": null, "toilets:wheelchair": null, "source": null, "payment:app": null, "payment:apple_pay": null, "payment:cards": null, "payment:coins": null, "payment:google_pay": null, "payment:visa_debit": null, "origin": null, "drink:charitea": null, "drink:kolle-jolle-mate": null, "drink:kolle-mate": null, "payment:debit_cards": null, "operator:wikidata": null, "drink:vita_limo": null, "contact:phone": null, "cash_withdrawal:limit": null, "post_office": null, "post_office:brand": null, "post_office:service_provider": null, "bulk_purchase": null, "dog": null, "air_conditioning": null, "payment:notes": null, "ref:rewe": null, "addr:suburb": null, "membership": null, "access:covid19": null, "alt_name": null, "delivery:covid19": null, "takeaway:covid19": null, "discount:students": null, "currency:EUR": null, "internet_access:password": null, "internet_access:ssid": null, "post_office:brand:wikidata": null, "post_office:brand:wikipedia": null, "ref:deutsche_post": null, "description": null, "payment:mastercard_contactless": null, "payment:sodexo": null, "payment:v_pay": null, "fax": null, "drink:club-mate_granat": null, "opening_date": null, "payment:account_cards": null, "payment:payback_app": null, "wheelchair:description:de": null, "note": null, "cuisine": null, "diet:vegan": null, "diet:vegetarian": null, "contact:email": null, "branch": null, "short_name": null, "drink:kolle-kilimo": null, "drink:kombucha": null, "drink:sake": null, "drinking_water:refill": null, "drinking_water:refill:network": null, "payment:vpay": null, "payment:american_express": null, "source:name": null, "toilets": null, "diet:gluten_free": null, "diet:lactose_free": null, "post_office:id_check": null, "post_office:oversized_item": null, "post_office:packaging": null, "post_office:parcel_from": null, "post_office:parcel_pickup": null, "post_office:parcel_to": null, "post_office:post_bank": null, "post_office:stamps": null, "payment:visa_electron": null, "fair_trade": null, "reusable_packaging:accept": null, "payment:cryptocurrencies": null, "building": null, "building:levels": null, "roof:shape": null, "vending": null, "building:roof": null, "roof:colour": null, "building:colour": null, "height": null, "roof:levels": null, "roof:height": null, "drink:coffee": null, "contact:facebook": null, "delivery": null, "contact:instagram": null, "payment:netto_app": null, "landuse": null, "indoor": null, "name:ru": null, "room": null }, "geometry": { "type": "Point", "coordinates": [ 13.7291103, 51.0828351 ] } },
{ "type": "Feature", "properties": { "element": "node", "id": 3381453507, "addr:city": "Dresden", "addr:housenumber": "117", "addr:postcode": "01309", "addr:street": "Dürerstraße", "brand": "PENNY", "brand:wikidata": "Q284688", "brand:wikipedia": "en:Penny (supermarket)", "check_date:opening_hours": "2024-08-31", "level": null, "name": "PENNY", "opening_hours": "Mo-Sa 07:00-20:00", "shop": "supermarket", "wheelchair": "limited", "internet_access": null, "internet_access:access": null, "internet_access:fee": null, "operator": null, "phone": null, "website": null, "addr:country": "DE", "check_date": null, "email": null, "payment:mastercard": null, "payment:visa": null, "payment:cash": null, "payment:girocard": null, "payment:maestro": null, "self_checkout": null, "ref:vatin": null, "payment:credit_cards": null, "operator:tax": null, "ref": null, "diet:halal": null, "diet:kosher": null, "lastcheck": null, "access": null, "entrance": "main", "cash_withdrawal": "yes", "cash_withdrawal:purchase_minimum": "yes", "cash_withdrawal:purchase_required": "yes", "cash_withdrawal:type": "checkout", "drink:bionade": null, "drink:bionade_mate": null, "drink:charitea_mate": null, "drink:club-mate": null, "drink:club-mate_icetea": null, "drink:fritz-kola": null, "drink:fritz-limo": null, "drink:fritz-mischmasch": null, "drink:kolle-kolla": null, "drink:kolle-zotrine": null, "drink:lemonaid": null, "drink:mio_mio_cola": null, "drink:mio_mio_mate": null, "drink:vita_cola": null, "organic": null, "payment:contactless": null, "stroller": null, "start_date": null, "old_name": null, "contact:website": null, "layer": null, "toilets:wheelchair": null, "source": null, "payment:app": null, "payment:apple_pay": null, "payment:cards": null, "payment:coins": null, "payment:google_pay": null, "payment:visa_debit": null, "origin": null, "drink:charitea": null, "drink:kolle-jolle-mate": null, "drink:kolle-mate": null, "payment:debit_cards": null, "operator:wikidata": null, "drink:vita_limo": null, "contact:phone": null, "cash_withdrawal:limit": null, "post_office": null, "post_office:brand": null, "post_office:service_provider": null, "bulk_purchase": null, "dog": null, "air_conditioning": null, "payment:notes": null, "ref:rewe": null, "addr:suburb": null, "membership": null, "access:covid19": null, "alt_name": null, "delivery:covid19": null, "takeaway:covid19": null, "discount:students": null, "currency:EUR": null, "internet_access:password": null, "internet_access:ssid": null, "post_office:brand:wikidata": null, "post_office:brand:wikipedia": null, "ref:deutsche_post": null, "description": null, "payment:mastercard_contactless": null, "payment:sodexo": null, "payment:v_pay": null, "fax": null, "drink:club-mate_granat": null, "opening_date": null, "payment:account_cards": null, "payment:payback_app": null, "wheelchair:description:de": null, "note": null, "cuisine": null, "diet:vegan": null, "diet:vegetarian": null, "contact:email": null, "branch": null, "short_name": null, "drink:kolle-kilimo": null, "drink:kombucha": null, "drink:sake": null, "drinking_water:refill": null, "drinking_water:refill:network": null, "payment:vpay": null, "payment:american_express": null, "source:name": null, "toilets": null, "diet:gluten_free": null, "diet:lactose_free": null, "post_office:id_check": null, "post_office:oversized_item": null, "post_office:packaging": null, "post_office:parcel_from": null, "post_office:parcel_pickup": null, "post_office:parcel_to": null, "post_office:post_bank": null, "post_office:stamps": null, "payment:visa_electron": null, "fair_trade": null, "reusable_packaging:accept": null, "payment:cryptocurrencies": null, "building": null, "building:levels": null, "roof:shape": null, "vending": null, "building:roof": null, "roof:colour": null, "building:colour": null, "height": null, "roof:levels": null, "roof:height": null, "drink:coffee": null, "contact:facebook": null, "delivery": null, "contact:instagram": null, "payment:netto_app": null, "landuse": null, "indoor": null, "name:ru": null, "room": null }, "geometry": { "type": "Point", "coordinates": [ 13.7765922, 51.0509619 ] } },
{ "type": "Feature", "properties": { "element": "node", "id": 3385155211, "addr:city": "Dresden", "addr:housenumber": "27", "addr:postcode": "01277", "addr:street": "Papstdorfer Straße", "brand": "NORMA", "brand:wikidata": "Q450180", "brand:wikipedia": null, "check_date:opening_hours": "2024-04-04", "level": null, "name": "NORMA", "opening_hours": "Mo-Sa 07:00-20:00", "shop": "supermarket", "wheelchair": "yes", "internet_access": null, "internet_access:access": null, "internet_access:fee": null, "operator": null, "phone": null, "website": null, "addr:country": "DE", "check_date": "2024-04-04", "email": null, "payment:mastercard": null, "payment:visa": null, "payment:cash": null, "payment:girocard": null, "payment:maestro": null, "self_checkout": null, "ref:vatin": null, "payment:credit_cards": null, "operator:tax": null, "ref": null, "diet:halal": null, "diet:kosher": null, "lastcheck": null, "access": null, "entrance": null, "cash_withdrawal": null, "cash_withdrawal:purchase_minimum": null, "cash_withdrawal:purchase_required": null, "cash_withdrawal:type": null, "drink:bionade": null, "drink:bionade_mate": null, "drink:charitea_mate": null, "drink:club-mate": null, "drink:club-mate_icetea": null, "drink:fritz-kola": null, "drink:fritz-limo": null, "drink:fritz-mischmasch": null, "drink:kolle-kolla": null, "drink:kolle-zotrine": null, "drink:lemonaid": null, "drink:mio_mio_cola": null, "drink:mio_mio_mate": null, "drink:vita_cola": null, "organic": null, "payment:contactless": null, "stroller": null, "start_date": null, "old_name": null, "contact:website": null, "layer": null, "toilets:wheelchair": null, "source": null, "payment:app": null, "payment:apple_pay": null, "payment:cards": null, "payment:coins": null, "payment:google_pay": null, "payment:visa_debit": null, "origin": null, "drink:charitea": null, "drink:kolle-jolle-mate": null, "drink:kolle-mate": null, "payment:debit_cards": null, "operator:wikidata": null, "drink:vita_limo": null, "contact:phone": null, "cash_withdrawal:limit": null, "post_office": null, "post_office:brand": null, "post_office:service_provider": null, "bulk_purchase": null, "dog": null, "air_conditioning": null, "payment:notes": null, "ref:rewe": null, "addr:suburb": null, "membership": null, "access:covid19": null, "alt_name": null, "delivery:covid19": null, "takeaway:covid19": null, "discount:students": null, "currency:EUR": null, "internet_access:password": null, "internet_access:ssid": null, "post_office:brand:wikidata": null, "post_office:brand:wikipedia": null, "ref:deutsche_post": null, "description": null, "payment:mastercard_contactless": null, "payment:sodexo": null, "payment:v_pay": null, "fax": null, "drink:club-mate_granat": null, "opening_date": null, "payment:account_cards": null, "payment:payback_app": null, "wheelchair:description:de": null, "note": "Eröffnet 23.02.2015", "cuisine": null, "diet:vegan": null, "diet:vegetarian": null, "contact:email": null, "branch": null, "short_name": null, "drink:kolle-kilimo": null, "drink:kombucha": null, "drink:sake": null, "drinking_water:refill": null, "drinking_water:refill:network": null, "payment:vpay": null, "payment:american_express": null, "source:name": null, "toilets": null, "diet:gluten_free": null, "diet:lactose_free": null, "post_office:id_check": null, "post_office:oversized_item": null, "post_office:packaging": null, "post_office:parcel_from": null, "post_office:parcel_pickup": null, "post_office:parcel_to": null, "post_office:post_bank": null, "post_office:stamps": null, "payment:visa_electron": null, "fair_trade": null, "reusable_packaging:accept": null, "payment:cryptocurrencies": null, "building": null, "building:levels": null, "roof:shape": null, "vending": null, "building:roof": null, "roof:colour": null, "building:colour": null, "height": null, "roof:levels": null, "roof:height": null, "drink:coffee": null, "contact:facebook": null, "delivery": null, "contact:instagram": null, "payment:netto_app": null, "landuse": null, "indoor": null, "name:ru": null, "room": null }, "geometry": { "type": "Point", "coordinates": [ 13.7850618, 51.0335834 ] } },
{ "type": "Feature", "properties": { "element": "node", "id": 3471271605, "addr:city": "Dresden", "addr:housenumber": "4a", "addr:postcode": "01109", "addr:street": "Zur Neuen Brücke", "brand": null, "brand:wikidata": null, "brand:wikipedia": null, "check_date:opening_hours": "2024-10-31", "level": null, "name": "Bio-Markt Vorwerk Podemus", "opening_hours": "Mo-Fr 08:00-19:00; Sa 08:00-14:00", "shop": "supermarket", "wheelchair": "yes", "internet_access": null, "internet_access:access": null, "internet_access:fee": null, "operator": "Vorwerk Podemus", "phone": "+49 351 87453816", "website": null, "addr:country": "DE", "check_date": null, "email": null, "payment:mastercard": null, "payment:visa": null, "payment:cash": null, "payment:girocard": null, "payment:maestro": null, "self_checkout": null, "ref:vatin": null, "payment:credit_cards": "yes", "operator:tax": null, "ref": null, "diet:halal": null, "diet:kosher": null, "lastcheck": null, "access": null, "entrance": null, "cash_withdrawal": null, "cash_withdrawal:purchase_minimum": null, "cash_withdrawal:purchase_required": null, "cash_withdrawal:type": null, "drink:bionade": null, "drink:bionade_mate": null, "drink:charitea_mate": null, "drink:club-mate": null, "drink:club-mate_icetea": null, "drink:fritz-kola": null, "drink:fritz-limo": null, "drink:fritz-mischmasch": null, "drink:kolle-kolla": null, "drink:kolle-zotrine": null, "drink:lemonaid": null, "drink:mio_mio_cola": null, "drink:mio_mio_mate": null, "drink:vita_cola": null, "organic": "only", "payment:contactless": null, "stroller": null, "start_date": null, "old_name": null, "contact:website": "https://bahnhof-klotzsche.de/", "layer": null, "toilets:wheelchair": null, "source": null, "payment:app": null, "payment:apple_pay": null, "payment:cards": null, "payment:coins": null, "payment:google_pay": null, "payment:visa_debit": null, "origin": null, "drink:charitea": null, "drink:kolle-jolle-mate": null, "drink:kolle-mate": null, "payment:debit_cards": "yes", "operator:wikidata": "Q96402396", "drink:vita_limo": null, "contact:phone": null, "cash_withdrawal:limit": null, "post_office": null, "post_office:brand": null, "post_office:service_provider": null, "bulk_purchase": null, "dog": null, "air_conditioning": null, "payment:notes": null, "ref:rewe": null, "addr:suburb": null, "membership": null, "access:covid19": null, "alt_name": null, "delivery:covid19": null, "takeaway:covid19": null, "discount:students": null, "currency:EUR": null, "internet_access:password": null, "internet_access:ssid": null, "post_office:brand:wikidata": null, "post_office:brand:wikipedia": null, "ref:deutsche_post": null, "description": null, "payment:mastercard_contactless": null, "payment:sodexo": null, "payment:v_pay": null, "fax": "+49 351 87446265", "drink:club-mate_granat": null, "opening_date": null, "payment:account_cards": null, "payment:payback_app": null, "wheelchair:description:de": null, "note": null, "cuisine": null, "diet:vegan": null, "diet:vegetarian": null, "contact:email": "info@vorwerkpodemus.de", "branch": null, "short_name": null, "drink:kolle-kilimo": null, "drink:kombucha": null, "drink:sake": null, "drinking_water:refill": null, "drinking_water:refill:network": null, "payment:vpay": null, "payment:american_express": null, "source:name": null, "toilets": null, "diet:gluten_free": null, "diet:lactose_free": null, "post_office:id_check": null, "post_office:oversized_item": null, "post_office:packaging": null, "post_office:parcel_from": null, "post_office:parcel_pickup": null, "post_office:parcel_to": null, "post_office:post_bank": null, "post_office:stamps": null, "payment:visa_electron": null, "fair_trade": null, "reusable_packaging:accept": null, "payment:cryptocurrencies": null, "building": null, "building:levels": null, "roof:shape": null, "vending": null, "building:roof": null, "roof:colour": null, "building:colour": null, "height": null, "roof:levels": null, "roof:height": null, "drink:coffee": null, "contact:facebook": null, "delivery": null, "contact:instagram": null, "payment:netto_app": null, "landuse": null, "indoor": null, "name:ru": null, "room": null }, "geometry": { "type": "Point", "coordinates": [ 13.7884657, 51.1142987 ] } },
{ "type": "Feature", "properties": { "element": "node", "id": 3637820411, "addr:city": "Dresden", "addr:housenumber": "2a", "addr:postcode": "01097", "addr:street": "Antonstraße", "brand": "ALDI Nord", "brand:wikidata": "Q41171373", "brand:wikipedia": "en:Aldi", "check_date:opening_hours": "2024-06-12", "level": "1", "name": "Aldi", "opening_hours": "Mo-Sa 08:00-21:00", "shop": "supermarket", "wheelchair": "yes", "internet_access": null, "internet_access:access": null, "internet_access:fee": null, "operator": "Aldi Nord", "phone": null, "website": null, "addr:country": null, "check_date": null, "email": null, "payment:mastercard": null, "payment:visa": null, "payment:cash": null, "payment:girocard": null, "payment:maestro": null, "self_checkout": null, "ref:vatin": null, "payment:credit_cards": null, "operator:tax": null, "ref": null, "diet:halal": null, "diet:kosher": null, "lastcheck": null, "access": null, "entrance": null, "cash_withdrawal": null, "cash_withdrawal:purchase_minimum": null, "cash_withdrawal:purchase_required": null, "cash_withdrawal:type": null, "drink:bionade": null, "drink:bionade_mate": null, "drink:charitea_mate": null, "drink:club-mate": null, "drink:club-mate_icetea": null, "drink:fritz-kola": null, "drink:fritz-limo": null, "drink:fritz-mischmasch": null, "drink:kolle-kolla": null, "drink:kolle-zotrine": null, "drink:lemonaid": null, "drink:mio_mio_cola": null, "drink:mio_mio_mate": null, "drink:vita_cola": null, "organic": null, "payment:contactless": null, "stroller": null, "start_date": null, "old_name": null, "contact:website": null, "layer": null, "toilets:wheelchair": "yes", "source": null, "payment:app": null, "payment:apple_pay": null, "payment:cards": null, "payment:coins": null, "payment:google_pay": null, "payment:visa_debit": null, "origin": null, "drink:charitea": null, "drink:kolle-jolle-mate": null, "drink:kolle-mate": null, "payment:debit_cards": null, "operator:wikidata": null, "drink:vita_limo": null, "contact:phone": null, "cash_withdrawal:limit": null, "post_office": null, "post_office:brand": null, "post_office:service_provider": null, "bulk_purchase": null, "dog": null, "air_conditioning": null, "payment:notes": null, "ref:rewe": null, "addr:suburb": null, "membership": null, "access:covid19": null, "alt_name": null, "delivery:covid19": null, "takeaway:covid19": null, "discount:students": null, "currency:EUR": null, "internet_access:password": null, "internet_access:ssid": null, "post_office:brand:wikidata": null, "post_office:brand:wikipedia": null, "ref:deutsche_post": null, "description": null, "payment:mastercard_contactless": null, "payment:sodexo": null, "payment:v_pay": null, "fax": null, "drink:club-mate_granat": null, "opening_date": null, "payment:account_cards": null, "payment:payback_app": null, "wheelchair:description:de": null, "note": null, "cuisine": null, "diet:vegan": null, "diet:vegetarian": null, "contact:email": null, "branch": null, "short_name": null, "drink:kolle-kilimo": null, "drink:kombucha": null, "drink:sake": null, "drinking_water:refill": null, "drinking_water:refill:network": null, "payment:vpay": null, "payment:american_express": null, "source:name": null, "toilets": null, "diet:gluten_free": null, "diet:lactose_free": null, "post_office:id_check": null, "post_office:oversized_item": null, "post_office:packaging": null, "post_office:parcel_from": null, "post_office:parcel_pickup": null, "post_office:parcel_to": null, "post_office:post_bank": null, "post_office:stamps": null, "payment:visa_electron": null, "fair_trade": null, "reusable_packaging:accept": null, "payment:cryptocurrencies": null, "building": null, "building:levels": null, "roof:shape": null, "vending": null, "building:roof": null, "roof:colour": null, "building:colour": null, "height": null, "roof:levels": null, "roof:height": null, "drink:coffee": null, "contact:facebook": null, "delivery": null, "contact:instagram": null, "payment:netto_app": null, "landuse": null, "indoor": null, "name:ru": null, "room": null }, "geometry": { "type": "Point", "coordinates": [ 13.7460239, 51.0645524 ] } },
{ "type": "Feature", "properties": { "element": "node", "id": 3645272805, "addr:city": "Dresden", "addr:housenumber": "2a", "addr:postcode": "01097", "addr:street": "Antonstraße", "brand": "EDEKA", "brand:wikidata": "Q701755", "brand:wikipedia": null, "check_date:opening_hours": "2024-06-12", "level": "0", "name": "EDEKA Simmel", "opening_hours": "Mo-Sa 08:00-22:00", "shop": "supermarket", "wheelchair": "yes", "internet_access": null, "internet_access:access": null, "internet_access:fee": null, "operator": "Simmel AG", "phone": "+49 351 65573730", "website": "https://simmel.de/markt/dresden#content", "addr:country": null, "check_date": null, "email": null, "payment:mastercard": null, "payment:visa": null, "payment:cash": null, "payment:girocard": null, "payment:maestro": null, "self_checkout": "yes", "ref:vatin": null, "payment:credit_cards": null, "operator:tax": null, "ref": null, "diet:halal": null, "diet:kosher": null, "lastcheck": null, "access": null, "entrance": null, "cash_withdrawal": null, "cash_withdrawal:purchase_minimum": null, "cash_withdrawal:purchase_required": null, "cash_withdrawal:type": null, "drink:bionade": null, "drink:bionade_mate": null, "drink:charitea_mate": null, "drink:club-mate": null, "drink:club-mate_icetea": null, "drink:fritz-kola": null, "drink:fritz-limo": null, "drink:fritz-mischmasch": null, "drink:kolle-kolla": null, "drink:kolle-zotrine": null, "drink:lemonaid": null, "drink:mio_mio_cola": null, "drink:mio_mio_mate": null, "drink:vita_cola": null, "organic": null, "payment:contactless": null, "stroller": null, "start_date": null, "old_name": null, "contact:website": null, "layer": null, "toilets:wheelchair": "yes", "source": null, "payment:app": null, "payment:apple_pay": null, "payment:cards": null, "payment:coins": null, "payment:google_pay": null, "payment:visa_debit": null, "origin": null, "drink:charitea": null, "drink:kolle-jolle-mate": null, "drink:kolle-mate": null, "payment:debit_cards": null, "operator:wikidata": null, "drink:vita_limo": null, "contact:phone": null, "cash_withdrawal:limit": null, "post_office": null, "post_office:brand": null, "post_office:service_provider": null, "bulk_purchase": null, "dog": null, "air_conditioning": null, "payment:notes": null, "ref:rewe": null, "addr:suburb": null, "membership": null, "access:covid19": null, "alt_name": null, "delivery:covid19": null, "takeaway:covid19": null, "discount:students": null, "currency:EUR": null, "internet_access:password": null, "internet_access:ssid": null, "post_office:brand:wikidata": null, "post_office:brand:wikipedia": null, "ref:deutsche_post": null, "description": null, "payment:mastercard_contactless": null, "payment:sodexo": null, "payment:v_pay": null, "fax": "+49 351 655 7373", "drink:club-mate_granat": null, "opening_date": null, "payment:account_cards": null, "payment:payback_app": null, "wheelchair:description:de": null, "note": null, "cuisine": null, "diet:vegan": null, "diet:vegetarian": null, "contact:email": null, "branch": "Simmel", "short_name": null, "drink:kolle-kilimo": null, "drink:kombucha": null, "drink:sake": null, "drinking_water:refill": null, "drinking_water:refill:network": null, "payment:vpay": null, "payment:american_express": null, "source:name": null, "toilets": null, "diet:gluten_free": null, "diet:lactose_free": null, "post_office:id_check": null, "post_office:oversized_item": null, "post_office:packaging": null, "post_office:parcel_from": null, "post_office:parcel_pickup": null, "post_office:parcel_to": null, "post_office:post_bank": null, "post_office:stamps": null, "payment:visa_electron": null, "fair_trade": null, "reusable_packaging:accept": null, "payment:cryptocurrencies": null, "building": null, "building:levels": null, "roof:shape": null, "vending": null, "building:roof": null, "roof:colour": null, "building:colour": null, "height": null, "roof:levels": null, "roof:height": null, "drink:coffee": null, "contact:facebook": null, "delivery": null, "contact:instagram": null, "payment:netto_app": null, "landuse": null, "indoor": null, "name:ru": null, "room": null }, "geometry": { "type": "Point", "coordinates": [ 13.7457114, 51.0645096 ] } },
{ "type": "Feature", "properties": { "element": "node", "id": 3897091340, "addr:city": null, "addr:housenumber": null, "addr:postcode": null, "addr:street": null, "brand": "ALDI Nord", "brand:wikidata": "Q41171373", "brand:wikipedia": "en:Aldi", "check_date:opening_hours": "2024-10-08", "level": "-1", "name": "ALDI Nord", "opening_hours": "Mo-Sa 08:00-20:00", "shop": "supermarket", "wheelchair": "yes", "internet_access": null, "internet_access:access": null, "internet_access:fee": null, "operator": null, "phone": null, "website": null, "addr:country": null, "check_date": "2024-10-08", "email": null, "payment:mastercard": "yes", "payment:visa": "yes", "payment:cash": null, "payment:girocard": null, "payment:maestro": null, "self_checkout": null, "ref:vatin": null, "payment:credit_cards": null, "operator:tax": null, "ref": null, "diet:halal": null, "diet:kosher": null, "lastcheck": null, "access": null, "entrance": null, "cash_withdrawal": null, "cash_withdrawal:purchase_minimum": null, "cash_withdrawal:purchase_required": null, "cash_withdrawal:type": null, "drink:bionade": null, "drink:bionade_mate": null, "drink:charitea_mate": null, "drink:club-mate": null, "drink:club-mate_icetea": null, "drink:fritz-kola": null, "drink:fritz-limo": null, "drink:fritz-mischmasch": null, "drink:kolle-kolla": null, "drink:kolle-zotrine": null, "drink:lemonaid": null, "drink:mio_mio_cola": null, "drink:mio_mio_mate": null, "drink:vita_cola": null, "organic": null, "payment:contactless": null, "stroller": null, "start_date": null, "old_name": null, "contact:website": null, "layer": null, "toilets:wheelchair": null, "source": null, "payment:app": null, "payment:apple_pay": null, "payment:cards": null, "payment:coins": null, "payment:google_pay": null, "payment:visa_debit": null, "origin": null, "drink:charitea": null, "drink:kolle-jolle-mate": null, "drink:kolle-mate": null, "payment:debit_cards": null, "operator:wikidata": null, "drink:vita_limo": null, "contact:phone": null, "cash_withdrawal:limit": null, "post_office": null, "post_office:brand": null, "post_office:service_provider": null, "bulk_purchase": null, "dog": null, "air_conditioning": null, "payment:notes": null, "ref:rewe": null, "addr:suburb": null, "membership": null, "access:covid19": null, "alt_name": null, "delivery:covid19": null, "takeaway:covid19": null, "discount:students": null, "currency:EUR": null, "internet_access:password": null, "internet_access:ssid": null, "post_office:brand:wikidata": null, "post_office:brand:wikipedia": null, "ref:deutsche_post": null, "description": null, "payment:mastercard_contactless": null, "payment:sodexo": null, "payment:v_pay": null, "fax": null, "drink:club-mate_granat": null, "opening_date": null, "payment:account_cards": null, "payment:payback_app": null, "wheelchair:description:de": null, "note": null, "cuisine": null, "diet:vegan": null, "diet:vegetarian": null, "contact:email": null, "branch": null, "short_name": null, "drink:kolle-kilimo": null, "drink:kombucha": null, "drink:sake": null, "drinking_water:refill": null, "drinking_water:refill:network": null, "payment:vpay": null, "payment:american_express": null, "source:name": null, "toilets": null, "diet:gluten_free": null, "diet:lactose_free": null, "post_office:id_check": null, "post_office:oversized_item": null, "post_office:packaging": null, "post_office:parcel_from": null, "post_office:parcel_pickup": null, "post_office:parcel_to": null, "post_office:post_bank": null, "post_office:stamps": null, "payment:visa_electron": null, "fair_trade": null, "reusable_packaging:accept": null, "payment:cryptocurrencies": null, "building": null, "building:levels": null, "roof:shape": null, "vending": null, "building:roof": null, "roof:colour": null, "building:colour": null, "height": null, "roof:levels": null, "roof:height": null, "drink:coffee": null, "contact:facebook": null, "delivery": null, "contact:instagram": null, "payment:netto_app": null, "landuse": null, "indoor": null, "name:ru": null, "room": null }, "geometry": { "type": "Point", "coordinates": [ 13.8032173, 51.0290856 ] } },
{ "type": "Feature", "properties": { "element": "node", "id": 3897092262, "addr:city": null, "addr:housenumber": null, "addr:postcode": null, "addr:street": null, "brand": "REWE", "brand:wikidata": "Q16968817", "brand:wikipedia": "de:Rewe", "check_date:opening_hours": "2025-01-11", "level": "-1", "name": "REWE", "opening_hours": "Mo-Sa 07:00-22:00", "shop": "supermarket", "wheelchair": "yes", "internet_access": "wlan", "internet_access:access": null, "internet_access:fee": "no", "operator": null, "phone": null, "website": null, "addr:country": null, "check_date": "2025-01-11", "email": null, "payment:mastercard": "yes", "payment:visa": "yes", "payment:cash": null, "payment:girocard": null, "payment:maestro": null, "self_checkout": null, "ref:vatin": null, "payment:credit_cards": null, "operator:tax": null, "ref": null, "diet:halal": null, "diet:kosher": null, "lastcheck": null, "access": null, "entrance": null, "cash_withdrawal": null, "cash_withdrawal:purchase_minimum": null, "cash_withdrawal:purchase_required": null, "cash_withdrawal:type": null, "drink:bionade": null, "drink:bionade_mate": null, "drink:charitea_mate": null, "drink:club-mate": null, "drink:club-mate_icetea": null, "drink:fritz-kola": null, "drink:fritz-limo": null, "drink:fritz-mischmasch": null, "drink:kolle-kolla": null, "drink:kolle-zotrine": null, "drink:lemonaid": null, "drink:mio_mio_cola": null, "drink:mio_mio_mate": null, "drink:vita_cola": null, "organic": null, "payment:contactless": null, "stroller": null, "start_date": null, "old_name": null, "contact:website": null, "layer": null, "toilets:wheelchair": null, "source": null, "payment:app": null, "payment:apple_pay": null, "payment:cards": null, "payment:coins": null, "payment:google_pay": null, "payment:visa_debit": null, "origin": null, "drink:charitea": null, "drink:kolle-jolle-mate": null, "drink:kolle-mate": null, "payment:debit_cards": null, "operator:wikidata": null, "drink:vita_limo": null, "contact:phone": null, "cash_withdrawal:limit": null, "post_office": null, "post_office:brand": null, "post_office:service_provider": null, "bulk_purchase": null, "dog": null, "air_conditioning": null, "payment:notes": null, "ref:rewe": null, "addr:suburb": null, "membership": null, "access:covid19": null, "alt_name": null, "delivery:covid19": null, "takeaway:covid19": null, "discount:students": null, "currency:EUR": null, "internet_access:password": null, "internet_access:ssid": null, "post_office:brand:wikidata": null, "post_office:brand:wikipedia": null, "ref:deutsche_post": null, "description": null, "payment:mastercard_contactless": null, "payment:sodexo": null, "payment:v_pay": null, "fax": null, "drink:club-mate_granat": null, "opening_date": null, "payment:account_cards": null, "payment:payback_app": null, "wheelchair:description:de": null, "note": null, "cuisine": null, "diet:vegan": null, "diet:vegetarian": null, "contact:email": null, "branch": null, "short_name": null, "drink:kolle-kilimo": null, "drink:kombucha": null, "drink:sake": null, "drinking_water:refill": null, "drinking_water:refill:network": null, "payment:vpay": null, "payment:american_express": null, "source:name": null, "toilets": null, "diet:gluten_free": null, "diet:lactose_free": null, "post_office:id_check": null, "post_office:oversized_item": null, "post_office:packaging": null, "post_office:parcel_from": null, "post_office:parcel_pickup": null, "post_office:parcel_to": null, "post_office:post_bank": null, "post_office:stamps": null, "payment:visa_electron": null, "fair_trade": null, "reusable_packaging:accept": null, "payment:cryptocurrencies": null, "building": null, "building:levels": null, "roof:shape": null, "vending": null, "building:roof": null, "roof:colour": null, "building:colour": null, "height": null, "roof:levels": null, "roof:height": null, "drink:coffee": null, "contact:facebook": null, "delivery": null, "contact:instagram": null, "payment:netto_app": null, "landuse": null, "indoor": null, "name:ru": null, "room": null }, "geometry": { "type": "Point", "coordinates": [ 13.8035964, 51.0288287 ] } },
{ "type": "Feature", "properties": { "element": "node", "id": 4181736105, "addr:city": null, "addr:housenumber": null, "addr:postcode": null, "addr:street": null, "brand": "Aldi", "brand:wikidata": "Q125054", "brand:wikipedia": "en:Aldi", "check_date:opening_hours": "2023-12-26", "level": "1", "name": "Aldi", "opening_hours": "Mo-Sa 08:00-21:00", "shop": "supermarket", "wheelchair": "yes", "internet_access": null, "internet_access:access": null, "internet_access:fee": null, "operator": "Aldi GmbH & Co. KG Wilsdruff", "phone": null, "website": null, "addr:country": null, "check_date": null, "email": null, "payment:mastercard": null, "payment:visa": null, "payment:cash": null, "payment:girocard": null, "payment:maestro": null, "self_checkout": null, "ref:vatin": null, "payment:credit_cards": null, "operator:tax": null, "ref": null, "diet:halal": null, "diet:kosher": null, "lastcheck": null, "access": null, "entrance": null, "cash_withdrawal": null, "cash_withdrawal:purchase_minimum": null, "cash_withdrawal:purchase_required": null, "cash_withdrawal:type": null, "drink:bionade": null, "drink:bionade_mate": null, "drink:charitea_mate": null, "drink:club-mate": null, "drink:club-mate_icetea": null, "drink:fritz-kola": null, "drink:fritz-limo": null, "drink:fritz-mischmasch": null, "drink:kolle-kolla": null, "drink:kolle-zotrine": null, "drink:lemonaid": null, "drink:mio_mio_cola": null, "drink:mio_mio_mate": null, "drink:vita_cola": null, "organic": null, "payment:contactless": null, "stroller": null, "start_date": null, "old_name": null, "contact:website": null, "layer": null, "toilets:wheelchair": null, "source": null, "payment:app": null, "payment:apple_pay": null, "payment:cards": null, "payment:coins": null, "payment:google_pay": null, "payment:visa_debit": null, "origin": null, "drink:charitea": null, "drink:kolle-jolle-mate": null, "drink:kolle-mate": null, "payment:debit_cards": null, "operator:wikidata": null, "drink:vita_limo": null, "contact:phone": null, "cash_withdrawal:limit": null, "post_office": null, "post_office:brand": null, "post_office:service_provider": null, "bulk_purchase": null, "dog": null, "air_conditioning": null, "payment:notes": null, "ref:rewe": null, "addr:suburb": null, "membership": null, "access:covid19": null, "alt_name": null, "delivery:covid19": null, "takeaway:covid19": null, "discount:students": null, "currency:EUR": null, "internet_access:password": null, "internet_access:ssid": null, "post_office:brand:wikidata": null, "post_office:brand:wikipedia": null, "ref:deutsche_post": null, "description": null, "payment:mastercard_contactless": null, "payment:sodexo": null, "payment:v_pay": null, "fax": null, "drink:club-mate_granat": null, "opening_date": null, "payment:account_cards": null, "payment:payback_app": null, "wheelchair:description:de": null, "note": null, "cuisine": null, "diet:vegan": null, "diet:vegetarian": null, "contact:email": null, "branch": null, "short_name": null, "drink:kolle-kilimo": null, "drink:kombucha": null, "drink:sake": null, "drinking_water:refill": null, "drinking_water:refill:network": null, "payment:vpay": null, "payment:american_express": null, "source:name": null, "toilets": null, "diet:gluten_free": null, "diet:lactose_free": null, "post_office:id_check": null, "post_office:oversized_item": null, "post_office:packaging": null, "post_office:parcel_from": null, "post_office:parcel_pickup": null, "post_office:parcel_to": null, "post_office:post_bank": null, "post_office:stamps": null, "payment:visa_electron": null, "fair_trade": null, "reusable_packaging:accept": null, "payment:cryptocurrencies": null, "building": null, "building:levels": null, "roof:shape": null, "vending": null, "building:roof": null, "roof:colour": null, "building:colour": null, "height": null, "roof:levels": null, "roof:height": null, "drink:coffee": null, "contact:facebook": null, "delivery": null, "contact:instagram": null, "payment:netto_app": null, "landuse": null, "indoor": null, "name:ru": null, "room": null }, "geometry": { "type": "Point", "coordinates": [ 13.7560599, 51.0467256 ] } },
{ "type": "Feature", "properties": { "element": "node", "id": 4181736106, "addr:city": null, "addr:housenumber": null, "addr:postcode": null, "addr:street": null, "brand": "REWE", "brand:wikidata": "Q16968817", "brand:wikipedia": "de:Rewe", "check_date:opening_hours": "2024-07-24", "level": "0", "name": "REWE", "opening_hours": "Mo-Sa 06:00-22:00", "shop": "supermarket", "wheelchair": "yes", "internet_access": null, "internet_access:access": null, "internet_access:fee": null, "operator": "Rewe Dominique Müller OHG", "phone": "+49 351 44039384", "website": null, "addr:country": null, "check_date": null, "email": null, "payment:mastercard": null, "payment:visa": null, "payment:cash": null, "payment:girocard": null, "payment:maestro": null, "self_checkout": null, "ref:vatin": null, "payment:credit_cards": null, "operator:tax": null, "ref": null, "diet:halal": null, "diet:kosher": null, "lastcheck": null, "access": null, "entrance": null, "cash_withdrawal": null, "cash_withdrawal:purchase_minimum": null, "cash_withdrawal:purchase_required": null, "cash_withdrawal:type": null, "drink:bionade": null, "drink:bionade_mate": null, "drink:charitea_mate": null, "drink:club-mate": null, "drink:club-mate_icetea": null, "drink:fritz-kola": null, "drink:fritz-limo": null, "drink:fritz-mischmasch": null, "drink:kolle-kolla": null, "drink:kolle-zotrine": null, "drink:lemonaid": null, "drink:mio_mio_cola": null, "drink:mio_mio_mate": null, "drink:vita_cola": null, "organic": null, "payment:contactless": null, "stroller": null, "start_date": null, "old_name": null, "contact:website": null, "layer": null, "toilets:wheelchair": null, "source": null, "payment:app": null, "payment:apple_pay": null, "payment:cards": null, "payment:coins": null, "payment:google_pay": null, "payment:visa_debit": null, "origin": null, "drink:charitea": null, "drink:kolle-jolle-mate": null, "drink:kolle-mate": null, "payment:debit_cards": null, "operator:wikidata": null, "drink:vita_limo": null, "contact:phone": null, "cash_withdrawal:limit": null, "post_office": null, "post_office:brand": null, "post_office:service_provider": null, "bulk_purchase": null, "dog": null, "air_conditioning": null, "payment:notes": null, "ref:rewe": null, "addr:suburb": null, "membership": null, "access:covid19": null, "alt_name": null, "delivery:covid19": null, "takeaway:covid19": null, "discount:students": null, "currency:EUR": null, "internet_access:password": null, "internet_access:ssid": null, "post_office:brand:wikidata": null, "post_office:brand:wikipedia": null, "ref:deutsche_post": null, "description": null, "payment:mastercard_contactless": null, "payment:sodexo": null, "payment:v_pay": null, "fax": null, "drink:club-mate_granat": null, "opening_date": null, "payment:account_cards": null, "payment:payback_app": null, "wheelchair:description:de": null, "note": null, "cuisine": null, "diet:vegan": null, "diet:vegetarian": null, "contact:email": null, "branch": null, "short_name": null, "drink:kolle-kilimo": null, "drink:kombucha": null, "drink:sake": null, "drinking_water:refill": null, "drinking_water:refill:network": null, "payment:vpay": null, "payment:american_express": null, "source:name": null, "toilets": null, "diet:gluten_free": null, "diet:lactose_free": null, "post_office:id_check": null, "post_office:oversized_item": null, "post_office:packaging": null, "post_office:parcel_from": null, "post_office:parcel_pickup": null, "post_office:parcel_to": null, "post_office:post_bank": null, "post_office:stamps": null, "payment:visa_electron": null, "fair_trade": null, "reusable_packaging:accept": null, "payment:cryptocurrencies": null, "building": null, "building:levels": null, "roof:shape": null, "vending": null, "building:roof": null, "roof:colour": null, "building:colour": null, "height": null, "roof:levels": null, "roof:height": null, "drink:coffee": null, "contact:facebook": null, "delivery": null, "contact:instagram": null, "payment:netto_app": null, "landuse": null, "indoor": null, "name:ru": null, "room": null }, "geometry": { "type": "Point", "coordinates": [ 13.7566115, 51.0464806 ] } },
{ "type": "Feature", "properties": { "element": "node", "id": 4181826924, "addr:city": null, "addr:housenumber": null, "addr:postcode": null, "addr:street": null, "brand": "Alnatura", "brand:wikidata": "Q876811", "brand:wikipedia": "en:Alnatura", "check_date:opening_hours": "2024-07-24", "level": "0", "name": "Alnatura Super Natur Markt", "opening_hours": "Mo-Sa 08:00-20:00", "shop": "supermarket", "wheelchair": "yes", "internet_access": null, "internet_access:access": null, "internet_access:fee": null, "operator": "Alnatura Produktions- und Handels GmbH", "phone": null, "website": "https://www.alnatura.de/de-de/alnatura-maerkte/alnatura-filialen-detailseiten/d/dresden-alnatura-super-natur-markt-dd139", "addr:country": null, "check_date": null, "email": null, "payment:mastercard": null, "payment:visa": null, "payment:cash": null, "payment:girocard": null, "payment:maestro": null, "self_checkout": null, "ref:vatin": null, "payment:credit_cards": null, "operator:tax": null, "ref": null, "diet:halal": null, "diet:kosher": null, "lastcheck": null, "access": null, "entrance": null, "cash_withdrawal": null, "cash_withdrawal:purchase_minimum": null, "cash_withdrawal:purchase_required": null, "cash_withdrawal:type": null, "drink:bionade": null, "drink:bionade_mate": null, "drink:charitea_mate": null, "drink:club-mate": null, "drink:club-mate_icetea": null, "drink:fritz-kola": null, "drink:fritz-limo": null, "drink:fritz-mischmasch": null, "drink:kolle-kolla": null, "drink:kolle-zotrine": null, "drink:lemonaid": null, "drink:mio_mio_cola": null, "drink:mio_mio_mate": null, "drink:vita_cola": null, "organic": "only", "payment:contactless": null, "stroller": null, "start_date": null, "old_name": null, "contact:website": null, "layer": null, "toilets:wheelchair": null, "source": null, "payment:app": null, "payment:apple_pay": null, "payment:cards": null, "payment:coins": null, "payment:google_pay": null, "payment:visa_debit": null, "origin": null, "drink:charitea": null, "drink:kolle-jolle-mate": null, "drink:kolle-mate": null, "payment:debit_cards": null, "operator:wikidata": null, "drink:vita_limo": null, "contact:phone": null, "cash_withdrawal:limit": null, "post_office": null, "post_office:brand": null, "post_office:service_provider": null, "bulk_purchase": null, "dog": null, "air_conditioning": null, "payment:notes": null, "ref:rewe": null, "addr:suburb": null, "membership": null, "access:covid19": null, "alt_name": null, "delivery:covid19": null, "takeaway:covid19": null, "discount:students": null, "currency:EUR": null, "internet_access:password": null, "internet_access:ssid": null, "post_office:brand:wikidata": null, "post_office:brand:wikipedia": null, "ref:deutsche_post": null, "description": null, "payment:mastercard_contactless": null, "payment:sodexo": null, "payment:v_pay": null, "fax": null, "drink:club-mate_granat": null, "opening_date": null, "payment:account_cards": null, "payment:payback_app": null, "wheelchair:description:de": null, "note": null, "cuisine": null, "diet:vegan": null, "diet:vegetarian": null, "contact:email": null, "branch": null, "short_name": "Alnatura", "drink:kolle-kilimo": null, "drink:kombucha": null, "drink:sake": null, "drinking_water:refill": null, "drinking_water:refill:network": null, "payment:vpay": null, "payment:american_express": null, "source:name": null, "toilets": null, "diet:gluten_free": null, "diet:lactose_free": null, "post_office:id_check": null, "post_office:oversized_item": null, "post_office:packaging": null, "post_office:parcel_from": null, "post_office:parcel_pickup": null, "post_office:parcel_to": null, "post_office:post_bank": null, "post_office:stamps": null, "payment:visa_electron": null, "fair_trade": null, "reusable_packaging:accept": null, "payment:cryptocurrencies": null, "building": null, "building:levels": null, "roof:shape": null, "vending": null, "building:roof": null, "roof:colour": null, "building:colour": null, "height": null, "roof:levels": null, "roof:height": null, "drink:coffee": null, "contact:facebook": null, "delivery": null, "contact:instagram": null, "payment:netto_app": null, "landuse": null, "indoor": null, "name:ru": null, "room": null }, "geometry": { "type": "Point", "coordinates": [ 13.7565779, 51.046168 ] } },
{ "type": "Feature", "properties": { "element": "node", "id": 4271383084, "addr:city": "Dresden", "addr:housenumber": "11a", "addr:postcode": "01187", "addr:street": "Nürnberger Straße", "brand": null, "brand:wikidata": null, "brand:wikipedia": null, "check_date:opening_hours": "2022-10-31", "level": null, "name": "nice day shop", "opening_hours": "Mo-Fr 09:00-20:00; Sa 09:00-18:00", "shop": "supermarket", "wheelchair": "no", "internet_access": null, "internet_access:access": null, "internet_access:fee": null, "operator": "nice day shop GmbH", "phone": null, "website": "http://www.nicedayshop.de/", "addr:country": null, "check_date": null, "email": null, "payment:mastercard": null, "payment:visa": null, "payment:cash": null, "payment:girocard": null, "payment:maestro": null, "self_checkout": null, "ref:vatin": null, "payment:credit_cards": null, "operator:tax": null, "ref": null, "diet:halal": null, "diet:kosher": null, "lastcheck": null, "access": null, "entrance": null, "cash_withdrawal": null, "cash_withdrawal:purchase_minimum": null, "cash_withdrawal:purchase_required": null, "cash_withdrawal:type": null, "drink:bionade": null, "drink:bionade_mate": null, "drink:charitea_mate": null, "drink:club-mate": null, "drink:club-mate_icetea": null, "drink:fritz-kola": null, "drink:fritz-limo": null, "drink:fritz-mischmasch": null, "drink:kolle-kolla": null, "drink:kolle-zotrine": null, "drink:lemonaid": null, "drink:mio_mio_cola": null, "drink:mio_mio_mate": null, "drink:vita_cola": null, "organic": null, "payment:contactless": null, "stroller": null, "start_date": null, "old_name": null, "contact:website": null, "layer": null, "toilets:wheelchair": null, "source": null, "payment:app": null, "payment:apple_pay": null, "payment:cards": null, "payment:coins": null, "payment:google_pay": null, "payment:visa_debit": null, "origin": null, "drink:charitea": null, "drink:kolle-jolle-mate": null, "drink:kolle-mate": null, "payment:debit_cards": null, "operator:wikidata": null, "drink:vita_limo": null, "contact:phone": null, "cash_withdrawal:limit": null, "post_office": null, "post_office:brand": null, "post_office:service_provider": null, "bulk_purchase": null, "dog": null, "air_conditioning": null, "payment:notes": null, "ref:rewe": null, "addr:suburb": null, "membership": null, "access:covid19": null, "alt_name": null, "delivery:covid19": null, "takeaway:covid19": null, "discount:students": null, "currency:EUR": null, "internet_access:password": null, "internet_access:ssid": null, "post_office:brand:wikidata": null, "post_office:brand:wikipedia": null, "ref:deutsche_post": null, "description": "Asiatische Lebensmittel", "payment:mastercard_contactless": null, "payment:sodexo": null, "payment:v_pay": null, "fax": null, "drink:club-mate_granat": null, "opening_date": null, "payment:account_cards": null, "payment:payback_app": null, "wheelchair:description:de": null, "note": null, "cuisine": null, "diet:vegan": null, "diet:vegetarian": null, "contact:email": null, "branch": null, "short_name": null, "drink:kolle-kilimo": null, "drink:kombucha": null, "drink:sake": null, "drinking_water:refill": null, "drinking_water:refill:network": null, "payment:vpay": null, "payment:american_express": null, "source:name": null, "toilets": null, "diet:gluten_free": null, "diet:lactose_free": null, "post_office:id_check": null, "post_office:oversized_item": null, "post_office:packaging": null, "post_office:parcel_from": null, "post_office:parcel_pickup": null, "post_office:parcel_to": null, "post_office:post_bank": null, "post_office:stamps": null, "payment:visa_electron": null, "fair_trade": null, "reusable_packaging:accept": null, "payment:cryptocurrencies": null, "building": null, "building:levels": null, "roof:shape": null, "vending": null, "building:roof": null, "roof:colour": null, "building:colour": null, "height": null, "roof:levels": null, "roof:height": null, "drink:coffee": null, "contact:facebook": null, "delivery": null, "contact:instagram": null, "payment:netto_app": null, "landuse": null, "indoor": null, "name:ru": null, "room": null }, "geometry": { "type": "Point", "coordinates": [ 13.7181515, 51.0362978 ] } },
{ "type": "Feature", "properties": { "element": "node", "id": 4317229513, "addr:city": null, "addr:housenumber": null, "addr:postcode": null, "addr:street": null, "brand": null, "brand:wikidata": null, "brand:wikipedia": null, "check_date:opening_hours": null, "level": null, "name": "BioMarkt Vorwerk Podemus", "opening_hours": "Mo-Fr 08:00-19:00; Sa 08:00-14:00", "shop": "supermarket", "wheelchair": "yes", "internet_access": null, "internet_access:access": null, "internet_access:fee": null, "operator": "Vorwerk Podemus", "phone": "+49 351 32017152", "website": "http://www.vorwerkpodemus.de/", "addr:country": null, "check_date": "2024-12-20", "email": null, "payment:mastercard": "yes", "payment:visa": "yes", "payment:cash": null, "payment:girocard": "yes", "payment:maestro": null, "self_checkout": null, "ref:vatin": null, "payment:credit_cards": null, "operator:tax": null, "ref": null, "diet:halal": null, "diet:kosher": null, "lastcheck": null, "access": null, "entrance": null, "cash_withdrawal": null, "cash_withdrawal:purchase_minimum": null, "cash_withdrawal:purchase_required": null, "cash_withdrawal:type": null, "drink:bionade": "bottled", "drink:bionade_mate": "bottled", "drink:charitea_mate": "bottled", "drink:club-mate": null, "drink:club-mate_icetea": null, "drink:fritz-kola": null, "drink:fritz-limo": null, "drink:fritz-mischmasch": null, "drink:kolle-kolla": "bottled", "drink:kolle-zotrine": "bottled", "drink:lemonaid": "bottled", "drink:mio_mio_cola": null, "drink:mio_mio_mate": null, "drink:vita_cola": null, "organic": "only", "payment:contactless": "yes", "stroller": null, "start_date": null, "old_name": null, "contact:website": null, "layer": null, "toilets:wheelchair": null, "source": null, "payment:app": null, "payment:apple_pay": "yes", "payment:cards": null, "payment:coins": null, "payment:google_pay": "yes", "payment:visa_debit": null, "origin": null, "drink:charitea": "bottled", "drink:kolle-jolle-mate": null, "drink:kolle-mate": "bottled", "payment:debit_cards": null, "operator:wikidata": "Q96402396", "drink:vita_limo": null, "contact:phone": null, "cash_withdrawal:limit": null, "post_office": null, "post_office:brand": null, "post_office:service_provider": null, "bulk_purchase": null, "dog": "no", "air_conditioning": null, "payment:notes": null, "ref:rewe": null, "addr:suburb": null, "membership": null, "access:covid19": null, "alt_name": null, "delivery:covid19": null, "takeaway:covid19": null, "discount:students": null, "currency:EUR": null, "internet_access:password": null, "internet_access:ssid": null, "post_office:brand:wikidata": null, "post_office:brand:wikipedia": null, "ref:deutsche_post": null, "description": null, "payment:mastercard_contactless": null, "payment:sodexo": null, "payment:v_pay": null, "fax": null, "drink:club-mate_granat": null, "opening_date": null, "payment:account_cards": null, "payment:payback_app": null, "wheelchair:description:de": null, "note": null, "cuisine": null, "diet:vegan": null, "diet:vegetarian": null, "contact:email": null, "branch": null, "short_name": null, "drink:kolle-kilimo": "bottled", "drink:kombucha": "bottled", "drink:sake": "bottled", "drinking_water:refill": "yes", "drinking_water:refill:network": "Refill Deutschland", "payment:vpay": "yes", "payment:american_express": null, "source:name": null, "toilets": null, "diet:gluten_free": null, "diet:lactose_free": null, "post_office:id_check": null, "post_office:oversized_item": null, "post_office:packaging": null, "post_office:parcel_from": null, "post_office:parcel_pickup": null, "post_office:parcel_to": null, "post_office:post_bank": null, "post_office:stamps": null, "payment:visa_electron": null, "fair_trade": null, "reusable_packaging:accept": null, "payment:cryptocurrencies": null, "building": null, "building:levels": null, "roof:shape": null, "vending": null, "building:roof": null, "roof:colour": null, "building:colour": null, "height": null, "roof:levels": null, "roof:height": null, "drink:coffee": null, "contact:facebook": null, "delivery": null, "contact:instagram": null, "payment:netto_app": null, "landuse": null, "indoor": null, "name:ru": null, "room": null }, "geometry": { "type": "Point", "coordinates": [ 13.781415, 51.05287 ] } },
{ "type": "Feature", "properties": { "element": "node", "id": 4428935390, "addr:city": null, "addr:housenumber": null, "addr:postcode": null, "addr:street": null, "brand": "REWE City", "brand:wikidata": "Q16968817", "brand:wikipedia": "de:Rewe", "check_date:opening_hours": "2024-01-30", "level": null, "name": "REWE City", "opening_hours": "Mo-Sa 07:00-22:00; Su,PH off", "shop": "supermarket", "wheelchair": "yes", "internet_access": "wlan", "internet_access:access": null, "internet_access:fee": "no", "operator": "REWE Peikert oHG", "phone": null, "website": null, "addr:country": null, "check_date": null, "email": null, "payment:mastercard": "yes", "payment:visa": "yes", "payment:cash": null, "payment:girocard": null, "payment:maestro": "yes", "self_checkout": null, "ref:vatin": null, "payment:credit_cards": null, "operator:tax": null, "ref": "5632", "diet:halal": null, "diet:kosher": null, "lastcheck": null, "access": null, "entrance": null, "cash_withdrawal": null, "cash_withdrawal:purchase_minimum": null, "cash_withdrawal:purchase_required": null, "cash_withdrawal:type": null, "drink:bionade": null, "drink:bionade_mate": null, "drink:charitea_mate": null, "drink:club-mate": null, "drink:club-mate_icetea": null, "drink:fritz-kola": null, "drink:fritz-limo": null, "drink:fritz-mischmasch": null, "drink:kolle-kolla": null, "drink:kolle-zotrine": null, "drink:lemonaid": null, "drink:mio_mio_cola": null, "drink:mio_mio_mate": null, "drink:vita_cola": null, "organic": null, "payment:contactless": null, "stroller": null, "start_date": "2016", "old_name": null, "contact:website": null, "layer": null, "toilets:wheelchair": "yes", "source": null, "payment:app": null, "payment:apple_pay": null, "payment:cards": null, "payment:coins": null, "payment:google_pay": null, "payment:visa_debit": null, "origin": null, "drink:charitea": null, "drink:kolle-jolle-mate": null, "drink:kolle-mate": null, "payment:debit_cards": null, "operator:wikidata": null, "drink:vita_limo": null, "contact:phone": null, "cash_withdrawal:limit": null, "post_office": null, "post_office:brand": null, "post_office:service_provider": null, "bulk_purchase": null, "dog": null, "air_conditioning": null, "payment:notes": null, "ref:rewe": null, "addr:suburb": null, "membership": null, "access:covid19": null, "alt_name": null, "delivery:covid19": null, "takeaway:covid19": null, "discount:students": null, "currency:EUR": null, "internet_access:password": null, "internet_access:ssid": null, "post_office:brand:wikidata": null, "post_office:brand:wikipedia": null, "ref:deutsche_post": null, "description": null, "payment:mastercard_contactless": null, "payment:sodexo": null, "payment:v_pay": null, "fax": null, "drink:club-mate_granat": null, "opening_date": null, "payment:account_cards": null, "payment:payback_app": null, "wheelchair:description:de": null, "note": null, "cuisine": null, "diet:vegan": null, "diet:vegetarian": null, "contact:email": null, "branch": null, "short_name": null, "drink:kolle-kilimo": null, "drink:kombucha": null, "drink:sake": null, "drinking_water:refill": null, "drinking_water:refill:network": null, "payment:vpay": null, "payment:american_express": "yes", "source:name": null, "toilets": null, "diet:gluten_free": null, "diet:lactose_free": null, "post_office:id_check": null, "post_office:oversized_item": null, "post_office:packaging": null, "post_office:parcel_from": null, "post_office:parcel_pickup": null, "post_office:parcel_to": null, "post_office:post_bank": null, "post_office:stamps": null, "payment:visa_electron": null, "fair_trade": null, "reusable_packaging:accept": null, "payment:cryptocurrencies": null, "building": null, "building:levels": null, "roof:shape": null, "vending": null, "building:roof": null, "roof:colour": null, "building:colour": null, "height": null, "roof:levels": null, "roof:height": null, "drink:coffee": null, "contact:facebook": null, "delivery": null, "contact:instagram": null, "payment:netto_app": null, "landuse": null, "indoor": null, "name:ru": null, "room": null }, "geometry": { "type": "Point", "coordinates": [ 13.7341087, 51.0412844 ] } },
{ "type": "Feature", "properties": { "element": "node", "id": 5355600400, "addr:city": "Dresden", "addr:housenumber": "8", "addr:postcode": "01326", "addr:street": "Pillnitzer Landstraße", "brand": null, "brand:wikidata": null, "brand:wikipedia": null, "check_date:opening_hours": "2025-03-03", "level": null, "name": "VG Bio-Markt", "opening_hours": "Mo-Fr 09:00-19:00, Sa 09:00-14:00", "shop": "supermarket", "wheelchair": "yes", "internet_access": null, "internet_access:access": null, "internet_access:fee": null, "operator": null, "phone": "+49 351 26 82 143", "website": "https://vg-dresden.de/vg-balsamico.html", "addr:country": null, "check_date": null, "email": "naturkost.balsamico@vg-dresden.de", "payment:mastercard": null, "payment:visa": null, "payment:cash": null, "payment:girocard": null, "payment:maestro": null, "self_checkout": null, "ref:vatin": null, "payment:credit_cards": null, "operator:tax": null, "ref": null, "diet:halal": null, "diet:kosher": null, "lastcheck": null, "access": null, "entrance": null, "cash_withdrawal": null, "cash_withdrawal:purchase_minimum": null, "cash_withdrawal:purchase_required": null, "cash_withdrawal:type": null, "drink:bionade": null, "drink:bionade_mate": null, "drink:charitea_mate": null, "drink:club-mate": null, "drink:club-mate_icetea": null, "drink:fritz-kola": null, "drink:fritz-limo": null, "drink:fritz-mischmasch": null, "drink:kolle-kolla": null, "drink:kolle-zotrine": null, "drink:lemonaid": null, "drink:mio_mio_cola": null, "drink:mio_mio_mate": null, "drink:vita_cola": null, "organic": "only", "payment:contactless": null, "stroller": null, "start_date": null, "old_name": null, "contact:website": null, "layer": null, "toilets:wheelchair": null, "source": null, "payment:app": null, "payment:apple_pay": null, "payment:cards": null, "payment:coins": null, "payment:google_pay": null, "payment:visa_debit": null, "origin": null, "drink:charitea": null, "drink:kolle-jolle-mate": null, "drink:kolle-mate": null, "payment:debit_cards": null, "operator:wikidata": null, "drink:vita_limo": null, "contact:phone": null, "cash_withdrawal:limit": null, "post_office": null, "post_office:brand": null, "post_office:service_provider": null, "bulk_purchase": null, "dog": null, "air_conditioning": null, "payment:notes": null, "ref:rewe": null, "addr:suburb": null, "membership": null, "access:covid19": null, "alt_name": null, "delivery:covid19": null, "takeaway:covid19": null, "discount:students": null, "currency:EUR": null, "internet_access:password": null, "internet_access:ssid": null, "post_office:brand:wikidata": null, "post_office:brand:wikipedia": null, "ref:deutsche_post": null, "description": null, "payment:mastercard_contactless": null, "payment:sodexo": null, "payment:v_pay": null, "fax": null, "drink:club-mate_granat": null, "opening_date": null, "payment:account_cards": null, "payment:payback_app": null, "wheelchair:description:de": null, "note": null, "cuisine": null, "diet:vegan": null, "diet:vegetarian": null, "contact:email": null, "branch": null, "short_name": null, "drink:kolle-kilimo": null, "drink:kombucha": null, "drink:sake": null, "drinking_water:refill": null, "drinking_water:refill:network": null, "payment:vpay": null, "payment:american_express": null, "source:name": null, "toilets": null, "diet:gluten_free": null, "diet:lactose_free": null, "post_office:id_check": null, "post_office:oversized_item": null, "post_office:packaging": null, "post_office:parcel_from": null, "post_office:parcel_pickup": null, "post_office:parcel_to": null, "post_office:post_bank": null, "post_office:stamps": null, "payment:visa_electron": null, "fair_trade": null, "reusable_packaging:accept": null, "payment:cryptocurrencies": null, "building": null, "building:levels": null, "roof:shape": null, "vending": null, "building:roof": null, "roof:colour": null, "building:colour": null, "height": null, "roof:levels": null, "roof:height": null, "drink:coffee": null, "contact:facebook": null, "delivery": null, "contact:instagram": null, "payment:netto_app": null, "landuse": null, "indoor": null, "name:ru": null, "room": null }, "geometry": { "type": "Point", "coordinates": [ 13.8159418, 51.0534245 ] } },
{ "type": "Feature", "properties": { "element": "node", "id": 5959955272, "addr:city": "Dresden", "addr:housenumber": "12", "addr:postcode": "01067", "addr:street": "Schweriner Straße", "brand": "REWE City", "brand:wikidata": "Q16968817", "brand:wikipedia": "de:Rewe", "check_date:opening_hours": "2024-12-04", "level": null, "name": "REWE City", "opening_hours": "Mo-Sa 07:00-22:00", "shop": "supermarket", "wheelchair": "yes", "internet_access": "wlan", "internet_access:access": null, "internet_access:fee": "no", "operator": "REWE Stefan Lamke OHG", "phone": null, "website": null, "addr:country": "DE", "check_date": "2024-12-04", "email": null, "payment:mastercard": null, "payment:visa": null, "payment:cash": null, "payment:girocard": null, "payment:maestro": null, "self_checkout": null, "ref:vatin": null, "payment:credit_cards": null, "operator:tax": null, "ref": null, "diet:halal": null, "diet:kosher": null, "lastcheck": null, "access": null, "entrance": null, "cash_withdrawal": null, "cash_withdrawal:purchase_minimum": null, "cash_withdrawal:purchase_required": null, "cash_withdrawal:type": null, "drink:bionade": null, "drink:bionade_mate": null, "drink:charitea_mate": null, "drink:club-mate": null, "drink:club-mate_icetea": null, "drink:fritz-kola": null, "drink:fritz-limo": null, "drink:fritz-mischmasch": null, "drink:kolle-kolla": null, "drink:kolle-zotrine": null, "drink:lemonaid": null, "drink:mio_mio_cola": null, "drink:mio_mio_mate": null, "drink:vita_cola": null, "organic": null, "payment:contactless": null, "stroller": null, "start_date": null, "old_name": null, "contact:website": null, "layer": null, "toilets:wheelchair": null, "source": null, "payment:app": null, "payment:apple_pay": null, "payment:cards": null, "payment:coins": null, "payment:google_pay": null, "payment:visa_debit": null, "origin": null, "drink:charitea": null, "drink:kolle-jolle-mate": null, "drink:kolle-mate": null, "payment:debit_cards": null, "operator:wikidata": null, "drink:vita_limo": null, "contact:phone": null, "cash_withdrawal:limit": null, "post_office": null, "post_office:brand": null, "post_office:service_provider": null, "bulk_purchase": null, "dog": null, "air_conditioning": null, "payment:notes": null, "ref:rewe": null, "addr:suburb": null, "membership": null, "access:covid19": null, "alt_name": null, "delivery:covid19": null, "takeaway:covid19": null, "discount:students": null, "currency:EUR": null, "internet_access:password": null, "internet_access:ssid": null, "post_office:brand:wikidata": null, "post_office:brand:wikipedia": null, "ref:deutsche_post": null, "description": null, "payment:mastercard_contactless": null, "payment:sodexo": null, "payment:v_pay": null, "fax": null, "drink:club-mate_granat": null, "opening_date": null, "payment:account_cards": null, "payment:payback_app": null, "wheelchair:description:de": null, "note": null, "cuisine": null, "diet:vegan": null, "diet:vegetarian": null, "contact:email": null, "branch": null, "short_name": null, "drink:kolle-kilimo": null, "drink:kombucha": null, "drink:sake": null, "drinking_water:refill": null, "drinking_water:refill:network": null, "payment:vpay": null, "payment:american_express": null, "source:name": null, "toilets": null, "diet:gluten_free": null, "diet:lactose_free": null, "post_office:id_check": null, "post_office:oversized_item": null, "post_office:packaging": null, "post_office:parcel_from": null, "post_office:parcel_pickup": null, "post_office:parcel_to": null, "post_office:post_bank": null, "post_office:stamps": null, "payment:visa_electron": null, "fair_trade": null, "reusable_packaging:accept": null, "payment:cryptocurrencies": null, "building": null, "building:levels": null, "roof:shape": null, "vending": null, "building:roof": null, "roof:colour": null, "building:colour": null, "height": null, "roof:levels": null, "roof:height": null, "drink:coffee": null, "contact:facebook": null, "delivery": null, "contact:instagram": null, "payment:netto_app": null, "landuse": null, "indoor": null, "name:ru": null, "room": null }, "geometry": { "type": "Point", "coordinates": [ 13.7296074, 51.052041 ] } },
{ "type": "Feature", "properties": { "element": "node", "id": 6035103431, "addr:city": "Dresden", "addr:housenumber": "3", "addr:postcode": "01169", "addr:street": "Harthaer Straße", "brand": "Kaufland", "brand:wikidata": "Q685967", "brand:wikipedia": "en:Kaufland", "check_date:opening_hours": "2023-01-06", "level": null, "name": "Kaufland", "opening_hours": "Mo-Sa 07:00-22:00", "shop": "supermarket", "wheelchair": "yes", "internet_access": "wlan", "internet_access:access": null, "internet_access:fee": null, "operator": null, "phone": null, "website": null, "addr:country": null, "check_date": null, "email": null, "payment:mastercard": null, "payment:visa": null, "payment:cash": null, "payment:girocard": null, "payment:maestro": null, "self_checkout": null, "ref:vatin": null, "payment:credit_cards": null, "operator:tax": null, "ref": null, "diet:halal": null, "diet:kosher": null, "lastcheck": null, "access": null, "entrance": null, "cash_withdrawal": null, "cash_withdrawal:purchase_minimum": null, "cash_withdrawal:purchase_required": null, "cash_withdrawal:type": null, "drink:bionade": null, "drink:bionade_mate": null, "drink:charitea_mate": null, "drink:club-mate": null, "drink:club-mate_icetea": null, "drink:fritz-kola": null, "drink:fritz-limo": null, "drink:fritz-mischmasch": null, "drink:kolle-kolla": null, "drink:kolle-zotrine": null, "drink:lemonaid": null, "drink:mio_mio_cola": null, "drink:mio_mio_mate": null, "drink:vita_cola": null, "organic": "yes", "payment:contactless": null, "stroller": null, "start_date": null, "old_name": null, "contact:website": null, "layer": null, "toilets:wheelchair": null, "source": null, "payment:app": null, "payment:apple_pay": null, "payment:cards": null, "payment:coins": null, "payment:google_pay": null, "payment:visa_debit": null, "origin": null, "drink:charitea": null, "drink:kolle-jolle-mate": null, "drink:kolle-mate": null, "payment:debit_cards": null, "operator:wikidata": null, "drink:vita_limo": null, "contact:phone": null, "cash_withdrawal:limit": null, "post_office": null, "post_office:brand": null, "post_office:service_provider": null, "bulk_purchase": null, "dog": null, "air_conditioning": null, "payment:notes": null, "ref:rewe": null, "addr:suburb": null, "membership": null, "access:covid19": null, "alt_name": null, "delivery:covid19": null, "takeaway:covid19": null, "discount:students": null, "currency:EUR": null, "internet_access:password": null, "internet_access:ssid": null, "post_office:brand:wikidata": null, "post_office:brand:wikipedia": null, "ref:deutsche_post": null, "description": null, "payment:mastercard_contactless": null, "payment:sodexo": null, "payment:v_pay": null, "fax": null, "drink:club-mate_granat": null, "opening_date": null, "payment:account_cards": null, "payment:payback_app": null, "wheelchair:description:de": null, "note": null, "cuisine": null, "diet:vegan": null, "diet:vegetarian": null, "contact:email": null, "branch": null, "short_name": null, "drink:kolle-kilimo": null, "drink:kombucha": null, "drink:sake": null, "drinking_water:refill": null, "drinking_water:refill:network": null, "payment:vpay": null, "payment:american_express": null, "source:name": null, "toilets": null, "diet:gluten_free": null, "diet:lactose_free": null, "post_office:id_check": null, "post_office:oversized_item": null, "post_office:packaging": null, "post_office:parcel_from": null, "post_office:parcel_pickup": null, "post_office:parcel_to": null, "post_office:post_bank": null, "post_office:stamps": null, "payment:visa_electron": null, "fair_trade": null, "reusable_packaging:accept": null, "payment:cryptocurrencies": null, "building": null, "building:levels": null, "roof:shape": null, "vending": null, "building:roof": null, "roof:colour": null, "building:colour": null, "height": null, "roof:levels": null, "roof:height": null, "drink:coffee": null, "contact:facebook": null, "delivery": null, "contact:instagram": null, "payment:netto_app": null, "landuse": null, "indoor": null, "name:ru": null, "room": null }, "geometry": { "type": "Point", "coordinates": [ 13.6616771, 51.0503116 ] } },
{ "type": "Feature", "properties": { "element": "node", "id": 6310893990, "addr:city": "Dresden", "addr:housenumber": "1B", "addr:postcode": "01324", "addr:street": "Ullersdorfer Platz", "brand": "Konsum Dresden", "brand:wikidata": "Q1618877", "brand:wikipedia": null, "check_date:opening_hours": "2022-03-10", "level": null, "name": "Konsum", "opening_hours": "Mo-Sa 07:00-20:00, Su off", "shop": "supermarket", "wheelchair": "yes", "internet_access": null, "internet_access:access": null, "internet_access:fee": null, "operator": "Konsum Dresden eG", "phone": null, "website": null, "addr:country": null, "check_date": null, "email": null, "payment:mastercard": null, "payment:visa": null, "payment:cash": null, "payment:girocard": null, "payment:maestro": null, "self_checkout": null, "ref:vatin": null, "payment:credit_cards": "yes", "operator:tax": null, "ref": null, "diet:halal": null, "diet:kosher": null, "lastcheck": null, "access": null, "entrance": null, "cash_withdrawal": null, "cash_withdrawal:purchase_minimum": null, "cash_withdrawal:purchase_required": null, "cash_withdrawal:type": null, "drink:bionade": null, "drink:bionade_mate": null, "drink:charitea_mate": null, "drink:club-mate": null, "drink:club-mate_icetea": null, "drink:fritz-kola": null, "drink:fritz-limo": null, "drink:fritz-mischmasch": null, "drink:kolle-kolla": null, "drink:kolle-zotrine": null, "drink:lemonaid": null, "drink:mio_mio_cola": null, "drink:mio_mio_mate": null, "drink:vita_cola": null, "organic": null, "payment:contactless": null, "stroller": null, "start_date": null, "old_name": null, "contact:website": null, "layer": null, "toilets:wheelchair": null, "source": null, "payment:app": null, "payment:apple_pay": null, "payment:cards": null, "payment:coins": null, "payment:google_pay": null, "payment:visa_debit": null, "origin": null, "drink:charitea": null, "drink:kolle-jolle-mate": null, "drink:kolle-mate": null, "payment:debit_cards": "yes", "operator:wikidata": null, "drink:vita_limo": null, "contact:phone": null, "cash_withdrawal:limit": null, "post_office": null, "post_office:brand": null, "post_office:service_provider": null, "bulk_purchase": null, "dog": null, "air_conditioning": null, "payment:notes": null, "ref:rewe": null, "addr:suburb": null, "membership": null, "access:covid19": null, "alt_name": null, "delivery:covid19": null, "takeaway:covid19": null, "discount:students": null, "currency:EUR": null, "internet_access:password": null, "internet_access:ssid": null, "post_office:brand:wikidata": null, "post_office:brand:wikipedia": null, "ref:deutsche_post": null, "description": null, "payment:mastercard_contactless": null, "payment:sodexo": null, "payment:v_pay": null, "fax": null, "drink:club-mate_granat": null, "opening_date": null, "payment:account_cards": null, "payment:payback_app": null, "wheelchair:description:de": null, "note": null, "cuisine": null, "diet:vegan": null, "diet:vegetarian": null, "contact:email": null, "branch": "Markt", "short_name": null, "drink:kolle-kilimo": null, "drink:kombucha": null, "drink:sake": null, "drinking_water:refill": null, "drinking_water:refill:network": null, "payment:vpay": null, "payment:american_express": null, "source:name": null, "toilets": null, "diet:gluten_free": null, "diet:lactose_free": null, "post_office:id_check": null, "post_office:oversized_item": null, "post_office:packaging": null, "post_office:parcel_from": null, "post_office:parcel_pickup": null, "post_office:parcel_to": null, "post_office:post_bank": null, "post_office:stamps": null, "payment:visa_electron": null, "fair_trade": null, "reusable_packaging:accept": null, "payment:cryptocurrencies": null, "building": null, "building:levels": null, "roof:shape": null, "vending": null, "building:roof": null, "roof:colour": null, "building:colour": null, "height": null, "roof:levels": null, "roof:height": null, "drink:coffee": null, "contact:facebook": null, "delivery": null, "contact:instagram": null, "payment:netto_app": null, "landuse": null, "indoor": null, "name:ru": null, "room": null }, "geometry": { "type": "Point", "coordinates": [ 13.8545287, 51.0614516 ] } },
{ "type": "Feature", "properties": { "element": "node", "id": 6553481137, "addr:city": "Dresden", "addr:housenumber": "36", "addr:postcode": "01187", "addr:street": "Nürnberger Straße", "brand": "Netto Marken-Discount", "brand:wikidata": "Q879858", "brand:wikipedia": "de:Netto Marken-Discount", "check_date:opening_hours": "2023-11-06", "level": null, "name": "Netto Marken-Discount", "opening_hours": "Mo-Sa 07:00-22:00", "shop": "supermarket", "wheelchair": "yes", "internet_access": null, "internet_access:access": null, "internet_access:fee": null, "operator": null, "phone": null, "website": "https://www.netto-online.de/filialen/Dresden/Nuernberger-Str-36/4983/", "addr:country": null, "check_date": null, "email": null, "payment:mastercard": null, "payment:visa": null, "payment:cash": null, "payment:girocard": null, "payment:maestro": null, "self_checkout": null, "ref:vatin": null, "payment:credit_cards": null, "operator:tax": null, "ref": null, "diet:halal": null, "diet:kosher": "no", "lastcheck": null, "access": null, "entrance": null, "cash_withdrawal": null, "cash_withdrawal:purchase_minimum": null, "cash_withdrawal:purchase_required": null, "cash_withdrawal:type": null, "drink:bionade": null, "drink:bionade_mate": null, "drink:charitea_mate": null, "drink:club-mate": null, "drink:club-mate_icetea": null, "drink:fritz-kola": null, "drink:fritz-limo": null, "drink:fritz-mischmasch": null, "drink:kolle-kolla": null, "drink:kolle-zotrine": null, "drink:lemonaid": null, "drink:mio_mio_cola": null, "drink:mio_mio_mate": null, "drink:vita_cola": null, "organic": null, "payment:contactless": null, "stroller": null, "start_date": "2019-06-18", "old_name": null, "contact:website": null, "layer": null, "toilets:wheelchair": null, "source": null, "payment:app": null, "payment:apple_pay": null, "payment:cards": null, "payment:coins": null, "payment:google_pay": null, "payment:visa_debit": null, "origin": null, "drink:charitea": null, "drink:kolle-jolle-mate": null, "drink:kolle-mate": null, "payment:debit_cards": null, "operator:wikidata": null, "drink:vita_limo": null, "contact:phone": null, "cash_withdrawal:limit": null, "post_office": null, "post_office:brand": null, "post_office:service_provider": null, "bulk_purchase": null, "dog": null, "air_conditioning": null, "payment:notes": null, "ref:rewe": null, "addr:suburb": null, "membership": null, "access:covid19": null, "alt_name": null, "delivery:covid19": null, "takeaway:covid19": null, "discount:students": null, "currency:EUR": null, "internet_access:password": null, "internet_access:ssid": null, "post_office:brand:wikidata": null, "post_office:brand:wikipedia": null, "ref:deutsche_post": null, "description": null, "payment:mastercard_contactless": null, "payment:sodexo": null, "payment:v_pay": null, "fax": null, "drink:club-mate_granat": null, "opening_date": null, "payment:account_cards": null, "payment:payback_app": null, "wheelchair:description:de": null, "note": null, "cuisine": null, "diet:vegan": null, "diet:vegetarian": null, "contact:email": null, "branch": null, "short_name": null, "drink:kolle-kilimo": null, "drink:kombucha": null, "drink:sake": null, "drinking_water:refill": null, "drinking_water:refill:network": null, "payment:vpay": null, "payment:american_express": null, "source:name": null, "toilets": null, "diet:gluten_free": null, "diet:lactose_free": null, "post_office:id_check": null, "post_office:oversized_item": null, "post_office:packaging": null, "post_office:parcel_from": null, "post_office:parcel_pickup": null, "post_office:parcel_to": null, "post_office:post_bank": null, "post_office:stamps": null, "payment:visa_electron": null, "fair_trade": null, "reusable_packaging:accept": null, "payment:cryptocurrencies": null, "building": null, "building:levels": null, "roof:shape": null, "vending": null, "building:roof": null, "roof:colour": null, "building:colour": null, "height": null, "roof:levels": null, "roof:height": null, "drink:coffee": null, "contact:facebook": null, "delivery": null, "contact:instagram": null, "payment:netto_app": null, "landuse": null, "indoor": null, "name:ru": null, "room": null }, "geometry": { "type": "Point", "coordinates": [ 13.7254434, 51.0322964 ] } },
{ "type": "Feature", "properties": { "element": "node", "id": 6819089635, "addr:city": "Dresden", "addr:housenumber": "2", "addr:postcode": "01067", "addr:street": "Wallstraße", "brand": "REWE", "brand:wikidata": "Q16968817", "brand:wikipedia": "en:REWE", "check_date:opening_hours": "2024-02-08", "level": null, "name": "REWE City", "opening_hours": "Mo-Sa 07:00-21:00", "shop": "supermarket", "wheelchair": "yes", "internet_access": null, "internet_access:access": null, "internet_access:fee": null, "operator": "REWE Daniela Ketzscher oHG", "phone": null, "website": "https://www.rewe.de/marktseite/dresden-stadt/1766063/rewe-city-wallstr-2/", "addr:country": "DE", "check_date": null, "email": null, "payment:mastercard": null, "payment:visa": null, "payment:cash": null, "payment:girocard": null, "payment:maestro": null, "self_checkout": null, "ref:vatin": "DE243082979", "payment:credit_cards": null, "operator:tax": null, "ref": null, "diet:halal": null, "diet:kosher": null, "lastcheck": null, "access": null, "entrance": null, "cash_withdrawal": null, "cash_withdrawal:purchase_minimum": null, "cash_withdrawal:purchase_required": null, "cash_withdrawal:type": null, "drink:bionade": null, "drink:bionade_mate": null, "drink:charitea_mate": null, "drink:club-mate": null, "drink:club-mate_icetea": null, "drink:fritz-kola": null, "drink:fritz-limo": null, "drink:fritz-mischmasch": null, "drink:kolle-kolla": null, "drink:kolle-zotrine": null, "drink:lemonaid": null, "drink:mio_mio_cola": null, "drink:mio_mio_mate": null, "drink:vita_cola": null, "organic": null, "payment:contactless": null, "stroller": null, "start_date": null, "old_name": null, "contact:website": null, "layer": null, "toilets:wheelchair": null, "source": null, "payment:app": null, "payment:apple_pay": null, "payment:cards": null, "payment:coins": null, "payment:google_pay": null, "payment:visa_debit": null, "origin": null, "drink:charitea": null, "drink:kolle-jolle-mate": null, "drink:kolle-mate": null, "payment:debit_cards": null, "operator:wikidata": null, "drink:vita_limo": null, "contact:phone": null, "cash_withdrawal:limit": null, "post_office": null, "post_office:brand": null, "post_office:service_provider": null, "bulk_purchase": null, "dog": null, "air_conditioning": null, "payment:notes": null, "ref:rewe": "5716", "addr:suburb": null, "membership": null, "access:covid19": null, "alt_name": null, "delivery:covid19": null, "takeaway:covid19": null, "discount:students": null, "currency:EUR": null, "internet_access:password": null, "internet_access:ssid": null, "post_office:brand:wikidata": null, "post_office:brand:wikipedia": null, "ref:deutsche_post": null, "description": null, "payment:mastercard_contactless": null, "payment:sodexo": null, "payment:v_pay": null, "fax": null, "drink:club-mate_granat": null, "opening_date": null, "payment:account_cards": null, "payment:payback_app": null, "wheelchair:description:de": null, "note": null, "cuisine": null, "diet:vegan": null, "diet:vegetarian": null, "contact:email": null, "branch": null, "short_name": null, "drink:kolle-kilimo": null, "drink:kombucha": null, "drink:sake": null, "drinking_water:refill": null, "drinking_water:refill:network": null, "payment:vpay": null, "payment:american_express": null, "source:name": null, "toilets": null, "diet:gluten_free": null, "diet:lactose_free": null, "post_office:id_check": null, "post_office:oversized_item": null, "post_office:packaging": null, "post_office:parcel_from": null, "post_office:parcel_pickup": null, "post_office:parcel_to": null, "post_office:post_bank": null, "post_office:stamps": null, "payment:visa_electron": null, "fair_trade": null, "reusable_packaging:accept": null, "payment:cryptocurrencies": null, "building": null, "building:levels": null, "roof:shape": null, "vending": null, "building:roof": null, "roof:colour": null, "building:colour": null, "height": null, "roof:levels": null, "roof:height": null, "drink:coffee": null, "contact:facebook": null, "delivery": null, "contact:instagram": null, "payment:netto_app": null, "landuse": null, "indoor": null, "name:ru": null, "room": null }, "geometry": { "type": "Point", "coordinates": [ 13.7332969, 51.0503722 ] } },
{ "type": "Feature", "properties": { "element": "node", "id": 6997948605, "addr:city": "Dresden", "addr:housenumber": null, "addr:postcode": null, "addr:street": "Pirnaer Landstraße", "brand": "REWE", "brand:wikidata": "Q16968817", "brand:wikipedia": "en:REWE", "check_date:opening_hours": "2021-06-30", "level": null, "name": "REWE", "opening_hours": "Mo-Sa 07:00-22:00", "shop": "supermarket", "wheelchair": null, "internet_access": null, "internet_access:access": null, "internet_access:fee": null, "operator": null, "phone": null, "website": null, "addr:country": "DE", "check_date": null, "email": null, "payment:mastercard": null, "payment:visa": null, "payment:cash": null, "payment:girocard": null, "payment:maestro": null, "self_checkout": null, "ref:vatin": null, "payment:credit_cards": null, "operator:tax": null, "ref": null, "diet:halal": null, "diet:kosher": null, "lastcheck": null, "access": null, "entrance": null, "cash_withdrawal": null, "cash_withdrawal:purchase_minimum": null, "cash_withdrawal:purchase_required": null, "cash_withdrawal:type": null, "drink:bionade": null, "drink:bionade_mate": null, "drink:charitea_mate": null, "drink:club-mate": null, "drink:club-mate_icetea": null, "drink:fritz-kola": null, "drink:fritz-limo": null, "drink:fritz-mischmasch": null, "drink:kolle-kolla": null, "drink:kolle-zotrine": null, "drink:lemonaid": null, "drink:mio_mio_cola": null, "drink:mio_mio_mate": null, "drink:vita_cola": null, "organic": null, "payment:contactless": null, "stroller": null, "start_date": null, "old_name": null, "contact:website": null, "layer": null, "toilets:wheelchair": null, "source": null, "payment:app": null, "payment:apple_pay": null, "payment:cards": null, "payment:coins": null, "payment:google_pay": null, "payment:visa_debit": null, "origin": null, "drink:charitea": null, "drink:kolle-jolle-mate": null, "drink:kolle-mate": null, "payment:debit_cards": null, "operator:wikidata": null, "drink:vita_limo": null, "contact:phone": null, "cash_withdrawal:limit": null, "post_office": null, "post_office:brand": null, "post_office:service_provider": null, "bulk_purchase": null, "dog": null, "air_conditioning": null, "payment:notes": null, "ref:rewe": null, "addr:suburb": null, "membership": null, "access:covid19": null, "alt_name": null, "delivery:covid19": null, "takeaway:covid19": null, "discount:students": null, "currency:EUR": null, "internet_access:password": null, "internet_access:ssid": null, "post_office:brand:wikidata": null, "post_office:brand:wikipedia": null, "ref:deutsche_post": null, "description": null, "payment:mastercard_contactless": null, "payment:sodexo": null, "payment:v_pay": null, "fax": null, "drink:club-mate_granat": null, "opening_date": null, "payment:account_cards": null, "payment:payback_app": null, "wheelchair:description:de": null, "note": null, "cuisine": null, "diet:vegan": null, "diet:vegetarian": null, "contact:email": null, "branch": null, "short_name": null, "drink:kolle-kilimo": null, "drink:kombucha": null, "drink:sake": null, "drinking_water:refill": null, "drinking_water:refill:network": null, "payment:vpay": null, "payment:american_express": null, "source:name": null, "toilets": null, "diet:gluten_free": null, "diet:lactose_free": null, "post_office:id_check": null, "post_office:oversized_item": null, "post_office:packaging": null, "post_office:parcel_from": null, "post_office:parcel_pickup": null, "post_office:parcel_to": null, "post_office:post_bank": null, "post_office:stamps": null, "payment:visa_electron": null, "fair_trade": null, "reusable_packaging:accept": null, "payment:cryptocurrencies": null, "building": null, "building:levels": null, "roof:shape": null, "vending": null, "building:roof": null, "roof:colour": null, "building:colour": null, "height": null, "roof:levels": null, "roof:height": null, "drink:coffee": null, "contact:facebook": null, "delivery": null, "contact:instagram": null, "payment:netto_app": null, "landuse": null, "indoor": null, "name:ru": null, "room": null }, "geometry": { "type": "Point", "coordinates": [ 13.840686, 51.0029717 ] } },
{ "type": "Feature", "properties": { "element": "node", "id": 7058172488, "addr:city": "Dresden", "addr:housenumber": "36", "addr:postcode": "01099", "addr:street": "Kamenzer Straße", "brand": null, "brand:wikidata": null, "brand:wikipedia": null, "check_date:opening_hours": null, "level": "0", "name": "Grüntal", "opening_hours": "Mo-Fr 09:00-12:00,14:00-19:00; Sa 10:00-13:00; PH off", "shop": "supermarket", "wheelchair": "no", "internet_access": null, "internet_access:access": null, "internet_access:fee": null, "operator": null, "phone": null, "website": "https://gruental-dresden.de/", "addr:country": "DE", "check_date": null, "email": null, "payment:mastercard": null, "payment:visa": null, "payment:cash": null, "payment:girocard": null, "payment:maestro": null, "self_checkout": null, "ref:vatin": null, "payment:credit_cards": null, "operator:tax": null, "ref": null, "diet:halal": null, "diet:kosher": null, "lastcheck": null, "access": null, "entrance": null, "cash_withdrawal": null, "cash_withdrawal:purchase_minimum": null, "cash_withdrawal:purchase_required": null, "cash_withdrawal:type": null, "drink:bionade": null, "drink:bionade_mate": null, "drink:charitea_mate": null, "drink:club-mate": null, "drink:club-mate_icetea": null, "drink:fritz-kola": null, "drink:fritz-limo": null, "drink:fritz-mischmasch": null, "drink:kolle-kolla": null, "drink:kolle-zotrine": null, "drink:lemonaid": null, "drink:mio_mio_cola": null, "drink:mio_mio_mate": null, "drink:vita_cola": null, "organic": "only", "payment:contactless": null, "stroller": null, "start_date": null, "old_name": null, "contact:website": null, "layer": null, "toilets:wheelchair": null, "source": null, "payment:app": null, "payment:apple_pay": null, "payment:cards": null, "payment:coins": null, "payment:google_pay": null, "payment:visa_debit": null, "origin": null, "drink:charitea": null, "drink:kolle-jolle-mate": null, "drink:kolle-mate": null, "payment:debit_cards": null, "operator:wikidata": null, "drink:vita_limo": null, "contact:phone": null, "cash_withdrawal:limit": null, "post_office": null, "post_office:brand": null, "post_office:service_provider": null, "bulk_purchase": null, "dog": null, "air_conditioning": null, "payment:notes": null, "ref:rewe": null, "addr:suburb": null, "membership": null, "access:covid19": null, "alt_name": null, "delivery:covid19": null, "takeaway:covid19": null, "discount:students": null, "currency:EUR": null, "internet_access:password": null, "internet_access:ssid": null, "post_office:brand:wikidata": null, "post_office:brand:wikipedia": null, "ref:deutsche_post": null, "description": null, "payment:mastercard_contactless": null, "payment:sodexo": null, "payment:v_pay": null, "fax": null, "drink:club-mate_granat": null, "opening_date": null, "payment:account_cards": null, "payment:payback_app": null, "wheelchair:description:de": null, "note": null, "cuisine": null, "diet:vegan": null, "diet:vegetarian": null, "contact:email": null, "branch": null, "short_name": null, "drink:kolle-kilimo": null, "drink:kombucha": null, "drink:sake": null, "drinking_water:refill": null, "drinking_water:refill:network": null, "payment:vpay": null, "payment:american_express": null, "source:name": null, "toilets": null, "diet:gluten_free": null, "diet:lactose_free": null, "post_office:id_check": null, "post_office:oversized_item": null, "post_office:packaging": null, "post_office:parcel_from": null, "post_office:parcel_pickup": null, "post_office:parcel_to": null, "post_office:post_bank": null, "post_office:stamps": null, "payment:visa_electron": null, "fair_trade": null, "reusable_packaging:accept": null, "payment:cryptocurrencies": null, "building": null, "building:levels": null, "roof:shape": null, "vending": null, "building:roof": null, "roof:colour": null, "building:colour": null, "height": null, "roof:levels": null, "roof:height": null, "drink:coffee": null, "contact:facebook": null, "delivery": null, "contact:instagram": null, "payment:netto_app": null, "landuse": null, "indoor": null, "name:ru": null, "room": null }, "geometry": { "type": "Point", "coordinates": [ 13.7587157, 51.0680685 ] } },
{ "type": "Feature", "properties": { "element": "node", "id": 7141465110, "addr:city": null, "addr:housenumber": "16", "addr:postcode": null, "addr:street": "Bautzner Straße", "brand": null, "brand:wikidata": null, "brand:wikipedia": null, "check_date:opening_hours": "2024-08-17", "level": null, "name": "Tukwila", "opening_hours": "Mo-Sa 09:30-20:00", "shop": "supermarket", "wheelchair": "yes", "internet_access": null, "internet_access:access": null, "internet_access:fee": null, "operator": null, "phone": null, "website": "https://tukwila.de/", "addr:country": null, "check_date": null, "email": null, "payment:mastercard": null, "payment:visa": null, "payment:cash": null, "payment:girocard": null, "payment:maestro": null, "self_checkout": null, "ref:vatin": null, "payment:credit_cards": null, "operator:tax": null, "ref": null, "diet:halal": null, "diet:kosher": null, "lastcheck": null, "access": null, "entrance": null, "cash_withdrawal": null, "cash_withdrawal:purchase_minimum": null, "cash_withdrawal:purchase_required": null, "cash_withdrawal:type": null, "drink:bionade": null, "drink:bionade_mate": null, "drink:charitea_mate": null, "drink:club-mate": null, "drink:club-mate_icetea": null, "drink:fritz-kola": null, "drink:fritz-limo": null, "drink:fritz-mischmasch": null, "drink:kolle-kolla": null, "drink:kolle-zotrine": null, "drink:lemonaid": null, "drink:mio_mio_cola": null, "drink:mio_mio_mate": null, "drink:vita_cola": null, "organic": null, "payment:contactless": null, "stroller": null, "start_date": null, "old_name": null, "contact:website": null, "layer": null, "toilets:wheelchair": null, "source": null, "payment:app": null, "payment:apple_pay": null, "payment:cards": null, "payment:coins": null, "payment:google_pay": null, "payment:visa_debit": null, "origin": null, "drink:charitea": null, "drink:kolle-jolle-mate": null, "drink:kolle-mate": null, "payment:debit_cards": null, "operator:wikidata": null, "drink:vita_limo": null, "contact:phone": null, "cash_withdrawal:limit": null, "post_office": null, "post_office:brand": null, "post_office:service_provider": null, "bulk_purchase": null, "dog": null, "air_conditioning": null, "payment:notes": null, "ref:rewe": null, "addr:suburb": null, "membership": null, "access:covid19": null, "alt_name": null, "delivery:covid19": null, "takeaway:covid19": null, "discount:students": null, "currency:EUR": null, "internet_access:password": null, "internet_access:ssid": null, "post_office:brand:wikidata": null, "post_office:brand:wikipedia": null, "ref:deutsche_post": null, "description": null, "payment:mastercard_contactless": null, "payment:sodexo": null, "payment:v_pay": null, "fax": null, "drink:club-mate_granat": null, "opening_date": null, "payment:account_cards": null, "payment:payback_app": null, "wheelchair:description:de": null, "note": null, "cuisine": null, "diet:vegan": null, "diet:vegetarian": null, "contact:email": null, "branch": null, "short_name": null, "drink:kolle-kilimo": null, "drink:kombucha": null, "drink:sake": null, "drinking_water:refill": null, "drinking_water:refill:network": null, "payment:vpay": null, "payment:american_express": null, "source:name": null, "toilets": null, "diet:gluten_free": null, "diet:lactose_free": null, "post_office:id_check": null, "post_office:oversized_item": null, "post_office:packaging": null, "post_office:parcel_from": null, "post_office:parcel_pickup": null, "post_office:parcel_to": null, "post_office:post_bank": null, "post_office:stamps": null, "payment:visa_electron": null, "fair_trade": null, "reusable_packaging:accept": null, "payment:cryptocurrencies": null, "building": null, "building:levels": null, "roof:shape": null, "vending": null, "building:roof": null, "roof:colour": null, "building:colour": null, "height": null, "roof:levels": null, "roof:height": null, "drink:coffee": null, "contact:facebook": null, "delivery": null, "contact:instagram": null, "payment:netto_app": null, "landuse": null, "indoor": null, "name:ru": null, "room": null }, "geometry": { "type": "Point", "coordinates": [ 13.7523337, 51.0627811 ] } },
{ "type": "Feature", "properties": { "element": "node", "id": 7212371126, "addr:city": "Dresden", "addr:housenumber": "1", "addr:postcode": "01187", "addr:street": "Nürnberger Platz", "brand": "EDEKA", "brand:wikidata": "Q701755", "brand:wikipedia": "de:Edeka", "check_date:opening_hours": "2024-10-19", "level": null, "name": "EDEKA", "opening_hours": "Mo-Sa 08:00-21:00", "shop": "supermarket", "wheelchair": "yes", "internet_access": null, "internet_access:access": null, "internet_access:fee": null, "operator": null, "phone": null, "website": null, "addr:country": null, "check_date": "2024-10-19", "email": null, "payment:mastercard": "yes", "payment:visa": "yes", "payment:cash": null, "payment:girocard": null, "payment:maestro": "yes", "self_checkout": null, "ref:vatin": null, "payment:credit_cards": null, "operator:tax": null, "ref": null, "diet:halal": null, "diet:kosher": "no", "lastcheck": null, "access": null, "entrance": null, "cash_withdrawal": null, "cash_withdrawal:purchase_minimum": null, "cash_withdrawal:purchase_required": null, "cash_withdrawal:type": null, "drink:bionade": null, "drink:bionade_mate": null, "drink:charitea_mate": null, "drink:club-mate": null, "drink:club-mate_icetea": null, "drink:fritz-kola": null, "drink:fritz-limo": null, "drink:fritz-mischmasch": null, "drink:kolle-kolla": null, "drink:kolle-zotrine": null, "drink:lemonaid": null, "drink:mio_mio_cola": null, "drink:mio_mio_mate": null, "drink:vita_cola": null, "organic": null, "payment:contactless": null, "stroller": null, "start_date": "2020-03-04", "old_name": null, "contact:website": null, "layer": null, "toilets:wheelchair": null, "source": null, "payment:app": null, "payment:apple_pay": null, "payment:cards": null, "payment:coins": "yes", "payment:google_pay": null, "payment:visa_debit": null, "origin": null, "drink:charitea": null, "drink:kolle-jolle-mate": null, "drink:kolle-mate": null, "payment:debit_cards": null, "operator:wikidata": null, "drink:vita_limo": null, "contact:phone": null, "cash_withdrawal:limit": null, "post_office": null, "post_office:brand": null, "post_office:service_provider": null, "bulk_purchase": null, "dog": null, "air_conditioning": null, "payment:notes": "yes", "ref:rewe": null, "addr:suburb": null, "membership": null, "access:covid19": null, "alt_name": "Edeka Zschabran", "delivery:covid19": null, "takeaway:covid19": null, "discount:students": null, "currency:EUR": null, "internet_access:password": null, "internet_access:ssid": null, "post_office:brand:wikidata": null, "post_office:brand:wikipedia": null, "ref:deutsche_post": null, "description": null, "payment:mastercard_contactless": null, "payment:sodexo": null, "payment:v_pay": null, "fax": null, "drink:club-mate_granat": null, "opening_date": null, "payment:account_cards": null, "payment:payback_app": null, "wheelchair:description:de": "ebenerdiger Zugang", "note": null, "cuisine": null, "diet:vegan": null, "diet:vegetarian": null, "contact:email": null, "branch": "NPone", "short_name": null, "drink:kolle-kilimo": null, "drink:kombucha": null, "drink:sake": null, "drinking_water:refill": null, "drinking_water:refill:network": null, "payment:vpay": null, "payment:american_express": null, "source:name": "Aufschrift am Eingang", "toilets": null, "diet:gluten_free": null, "diet:lactose_free": null, "post_office:id_check": null, "post_office:oversized_item": null, "post_office:packaging": null, "post_office:parcel_from": null, "post_office:parcel_pickup": null, "post_office:parcel_to": null, "post_office:post_bank": null, "post_office:stamps": null, "payment:visa_electron": null, "fair_trade": null, "reusable_packaging:accept": null, "payment:cryptocurrencies": null, "building": null, "building:levels": null, "roof:shape": null, "vending": null, "building:roof": null, "roof:colour": null, "building:colour": null, "height": null, "roof:levels": null, "roof:height": null, "drink:coffee": null, "contact:facebook": null, "delivery": null, "contact:instagram": null, "payment:netto_app": null, "landuse": null, "indoor": null, "name:ru": null, "room": null }, "geometry": { "type": "Point", "coordinates": [ 13.7260612, 51.0317919 ] } },
{ "type": "Feature", "properties": { "element": "node", "id": 7523199509, "addr:city": "Dresden", "addr:housenumber": "29", "addr:postcode": "01307", "addr:street": "Elisenstraße", "brand": "REWE", "brand:wikidata": "Q16968817", "brand:wikipedia": "en:REWE", "check_date:opening_hours": "2024-04-20", "level": "0", "name": "REWE", "opening_hours": "Mo-Sa 06:00-22:00", "shop": "supermarket", "wheelchair": "yes", "internet_access": "wlan", "internet_access:access": null, "internet_access:fee": "no", "operator": "REWE Henry Mattusch oHG", "phone": null, "website": null, "addr:country": "DE", "check_date": "2025-01-04", "email": null, "payment:mastercard": "yes", "payment:visa": "yes", "payment:cash": "yes", "payment:girocard": "yes", "payment:maestro": "yes", "self_checkout": null, "ref:vatin": "DE329363762", "payment:credit_cards": null, "operator:tax": null, "ref": null, "diet:halal": null, "diet:kosher": null, "lastcheck": null, "access": null, "entrance": null, "cash_withdrawal": null, "cash_withdrawal:purchase_minimum": null, "cash_withdrawal:purchase_required": null, "cash_withdrawal:type": null, "drink:bionade": null, "drink:bionade_mate": null, "drink:charitea_mate": null, "drink:club-mate": null, "drink:club-mate_icetea": null, "drink:fritz-kola": null, "drink:fritz-limo": null, "drink:fritz-mischmasch": null, "drink:kolle-kolla": null, "drink:kolle-zotrine": null, "drink:lemonaid": null, "drink:mio_mio_cola": null, "drink:mio_mio_mate": null, "drink:vita_cola": null, "organic": "yes", "payment:contactless": "yes", "stroller": null, "start_date": null, "old_name": null, "contact:website": null, "layer": null, "toilets:wheelchair": null, "source": null, "payment:app": null, "payment:apple_pay": null, "payment:cards": null, "payment:coins": null, "payment:google_pay": null, "payment:visa_debit": null, "origin": null, "drink:charitea": null, "drink:kolle-jolle-mate": null, "drink:kolle-mate": null, "payment:debit_cards": null, "operator:wikidata": null, "drink:vita_limo": null, "contact:phone": "+49 351 49361610", "cash_withdrawal:limit": null, "post_office": "post_partner", "post_office:brand": "DHL Paketshop", "post_office:service_provider": "Deutsche Post", "bulk_purchase": null, "dog": null, "air_conditioning": null, "payment:notes": null, "ref:rewe": "5778", "addr:suburb": null, "membership": null, "access:covid19": null, "alt_name": null, "delivery:covid19": null, "takeaway:covid19": null, "discount:students": null, "currency:EUR": null, "internet_access:password": null, "internet_access:ssid": null, "post_office:brand:wikidata": "Q113529068", "post_office:brand:wikipedia": "de:Deutsche Post", "ref:deutsche_post": "411", "description": null, "payment:mastercard_contactless": null, "payment:sodexo": null, "payment:v_pay": "yes", "fax": null, "drink:club-mate_granat": null, "opening_date": null, "payment:account_cards": null, "payment:payback_app": null, "wheelchair:description:de": null, "note": null, "cuisine": null, "diet:vegan": null, "diet:vegetarian": null, "contact:email": null, "branch": null, "short_name": null, "drink:kolle-kilimo": null, "drink:kombucha": null, "drink:sake": null, "drinking_water:refill": null, "drinking_water:refill:network": null, "payment:vpay": null, "payment:american_express": "yes", "source:name": null, "toilets": "yes", "diet:gluten_free": null, "diet:lactose_free": null, "post_office:id_check": null, "post_office:oversized_item": null, "post_office:packaging": null, "post_office:parcel_from": null, "post_office:parcel_pickup": null, "post_office:parcel_to": null, "post_office:post_bank": null, "post_office:stamps": null, "payment:visa_electron": null, "fair_trade": null, "reusable_packaging:accept": null, "payment:cryptocurrencies": null, "building": null, "building:levels": null, "roof:shape": null, "vending": null, "building:roof": null, "roof:colour": null, "building:colour": null, "height": null, "roof:levels": null, "roof:height": null, "drink:coffee": null, "contact:facebook": null, "delivery": null, "contact:instagram": null, "payment:netto_app": null, "landuse": null, "indoor": null, "name:ru": null, "room": null }, "geometry": { "type": "Point", "coordinates": [ 13.7611013, 51.0539992 ] } },
{ "type": "Feature", "properties": { "element": "node", "id": 7786942317, "addr:city": "Dresden", "addr:housenumber": "18b", "addr:postcode": "01069", "addr:street": "St. Petersburger Straße", "brand": null, "brand:wikidata": null, "brand:wikipedia": null, "check_date:opening_hours": null, "level": null, "name": "Damaskus Center", "opening_hours": "Mo-Sa 09:00-20:00; PH off", "shop": "supermarket", "wheelchair": null, "internet_access": null, "internet_access:access": null, "internet_access:fee": null, "operator": null, "phone": null, "website": null, "addr:country": null, "check_date": null, "email": null, "payment:mastercard": null, "payment:visa": null, "payment:cash": null, "payment:girocard": null, "payment:maestro": null, "self_checkout": null, "ref:vatin": null, "payment:credit_cards": null, "operator:tax": null, "ref": null, "diet:halal": "only", "diet:kosher": null, "lastcheck": null, "access": null, "entrance": null, "cash_withdrawal": null, "cash_withdrawal:purchase_minimum": null, "cash_withdrawal:purchase_required": null, "cash_withdrawal:type": null, "drink:bionade": null, "drink:bionade_mate": null, "drink:charitea_mate": null, "drink:club-mate": null, "drink:club-mate_icetea": null, "drink:fritz-kola": null, "drink:fritz-limo": null, "drink:fritz-mischmasch": null, "drink:kolle-kolla": null, "drink:kolle-zotrine": null, "drink:lemonaid": null, "drink:mio_mio_cola": null, "drink:mio_mio_mate": null, "drink:vita_cola": null, "organic": null, "payment:contactless": null, "stroller": null, "start_date": null, "old_name": null, "contact:website": null, "layer": null, "toilets:wheelchair": null, "source": null, "payment:app": null, "payment:apple_pay": null, "payment:cards": null, "payment:coins": null, "payment:google_pay": null, "payment:visa_debit": null, "origin": "arab", "drink:charitea": null, "drink:kolle-jolle-mate": null, "drink:kolle-mate": null, "payment:debit_cards": null, "operator:wikidata": null, "drink:vita_limo": null, "contact:phone": null, "cash_withdrawal:limit": null, "post_office": null, "post_office:brand": null, "post_office:service_provider": null, "bulk_purchase": null, "dog": null, "air_conditioning": null, "payment:notes": null, "ref:rewe": null, "addr:suburb": null, "membership": null, "access:covid19": null, "alt_name": null, "delivery:covid19": null, "takeaway:covid19": null, "discount:students": null, "currency:EUR": null, "internet_access:password": null, "internet_access:ssid": null, "post_office:brand:wikidata": null, "post_office:brand:wikipedia": null, "ref:deutsche_post": null, "description": null, "payment:mastercard_contactless": null, "payment:sodexo": null, "payment:v_pay": null, "fax": null, "drink:club-mate_granat": null, "opening_date": null, "payment:account_cards": null, "payment:payback_app": null, "wheelchair:description:de": null, "note": null, "cuisine": null, "diet:vegan": null, "diet:vegetarian": null, "contact:email": null, "branch": null, "short_name": null, "drink:kolle-kilimo": null, "drink:kombucha": null, "drink:sake": null, "drinking_water:refill": null, "drinking_water:refill:network": null, "payment:vpay": null, "payment:american_express": null, "source:name": null, "toilets": null, "diet:gluten_free": null, "diet:lactose_free": null, "post_office:id_check": null, "post_office:oversized_item": null, "post_office:packaging": null, "post_office:parcel_from": null, "post_office:parcel_pickup": null, "post_office:parcel_to": null, "post_office:post_bank": null, "post_office:stamps": null, "payment:visa_electron": null, "fair_trade": null, "reusable_packaging:accept": null, "payment:cryptocurrencies": null, "building": null, "building:levels": null, "roof:shape": null, "vending": null, "building:roof": null, "roof:colour": null, "building:colour": null, "height": null, "roof:levels": null, "roof:height": null, "drink:coffee": null, "contact:facebook": null, "delivery": null, "contact:instagram": null, "payment:netto_app": null, "landuse": null, "indoor": null, "name:ru": null, "room": null }, "geometry": { "type": "Point", "coordinates": [ 13.7375133, 51.0451848 ] } },
{ "type": "Feature", "properties": { "element": "node", "id": 7947879493, "addr:city": "Dresden", "addr:housenumber": "83", "addr:postcode": "01099", "addr:street": "Bautzner Straße", "brand": "Alnatura", "brand:wikidata": "Q876811", "brand:wikipedia": null, "check_date:opening_hours": "2023-07-07", "level": null, "name": "Alnatura Super Natur Markt", "opening_hours": "Mo-Sa 08:00-21:00", "shop": "supermarket", "wheelchair": "yes", "internet_access": null, "internet_access:access": null, "internet_access:fee": null, "operator": null, "phone": null, "website": "https://www.alnatura.de", "addr:country": null, "check_date": null, "email": null, "payment:mastercard": null, "payment:visa": null, "payment:cash": null, "payment:girocard": null, "payment:maestro": null, "self_checkout": null, "ref:vatin": null, "payment:credit_cards": null, "operator:tax": null, "ref": null, "diet:halal": null, "diet:kosher": null, "lastcheck": null, "access": null, "entrance": null, "cash_withdrawal": null, "cash_withdrawal:purchase_minimum": null, "cash_withdrawal:purchase_required": null, "cash_withdrawal:type": null, "drink:bionade": null, "drink:bionade_mate": null, "drink:charitea_mate": null, "drink:club-mate": null, "drink:club-mate_icetea": null, "drink:fritz-kola": null, "drink:fritz-limo": null, "drink:fritz-mischmasch": null, "drink:kolle-kolla": null, "drink:kolle-zotrine": null, "drink:lemonaid": null, "drink:mio_mio_cola": null, "drink:mio_mio_mate": null, "drink:vita_cola": null, "organic": "only", "payment:contactless": null, "stroller": null, "start_date": null, "old_name": null, "contact:website": null, "layer": null, "toilets:wheelchair": null, "source": null, "payment:app": null, "payment:apple_pay": null, "payment:cards": null, "payment:coins": null, "payment:google_pay": null, "payment:visa_debit": null, "origin": null, "drink:charitea": null, "drink:kolle-jolle-mate": null, "drink:kolle-mate": null, "payment:debit_cards": null, "operator:wikidata": null, "drink:vita_limo": null, "contact:phone": null, "cash_withdrawal:limit": null, "post_office": null, "post_office:brand": null, "post_office:service_provider": null, "bulk_purchase": null, "dog": null, "air_conditioning": null, "payment:notes": null, "ref:rewe": null, "addr:suburb": null, "membership": null, "access:covid19": null, "alt_name": null, "delivery:covid19": null, "takeaway:covid19": null, "discount:students": null, "currency:EUR": null, "internet_access:password": null, "internet_access:ssid": null, "post_office:brand:wikidata": null, "post_office:brand:wikipedia": null, "ref:deutsche_post": null, "description": null, "payment:mastercard_contactless": null, "payment:sodexo": null, "payment:v_pay": null, "fax": null, "drink:club-mate_granat": null, "opening_date": null, "payment:account_cards": null, "payment:payback_app": null, "wheelchair:description:de": null, "note": null, "cuisine": null, "diet:vegan": null, "diet:vegetarian": null, "contact:email": null, "branch": null, "short_name": "Alnatura", "drink:kolle-kilimo": null, "drink:kombucha": null, "drink:sake": null, "drinking_water:refill": null, "drinking_water:refill:network": null, "payment:vpay": null, "payment:american_express": null, "source:name": null, "toilets": null, "diet:gluten_free": null, "diet:lactose_free": null, "post_office:id_check": null, "post_office:oversized_item": null, "post_office:packaging": null, "post_office:parcel_from": null, "post_office:parcel_pickup": null, "post_office:parcel_to": null, "post_office:post_bank": null, "post_office:stamps": null, "payment:visa_electron": null, "fair_trade": null, "reusable_packaging:accept": null, "payment:cryptocurrencies": null, "building": null, "building:levels": null, "roof:shape": null, "vending": null, "building:roof": null, "roof:colour": null, "building:colour": null, "height": null, "roof:levels": null, "roof:height": null, "drink:coffee": null, "contact:facebook": null, "delivery": null, "contact:instagram": null, "payment:netto_app": null, "landuse": null, "indoor": null, "name:ru": null, "room": null }, "geometry": { "type": "Point", "coordinates": [ 13.7608356, 51.0639689 ] } },
{ "type": "Feature", "properties": { "element": "node", "id": 8544581397, "addr:city": null, "addr:housenumber": null, "addr:postcode": null, "addr:street": null, "brand": "EDEKA", "brand:wikidata": "Q701755", "brand:wikipedia": null, "check_date:opening_hours": "2024-07-30", "level": null, "name": "EDEKA", "opening_hours": "Mo-Sa 08:00-22:00", "shop": "supermarket", "wheelchair": "yes", "internet_access": null, "internet_access:access": null, "internet_access:fee": null, "operator": null, "phone": null, "website": null, "addr:country": null, "check_date": null, "email": null, "payment:mastercard": null, "payment:visa": null, "payment:cash": null, "payment:girocard": null, "payment:maestro": null, "self_checkout": null, "ref:vatin": null, "payment:credit_cards": null, "operator:tax": null, "ref": null, "diet:halal": null, "diet:kosher": null, "lastcheck": null, "access": null, "entrance": null, "cash_withdrawal": null, "cash_withdrawal:purchase_minimum": null, "cash_withdrawal:purchase_required": null, "cash_withdrawal:type": null, "drink:bionade": null, "drink:bionade_mate": null, "drink:charitea_mate": null, "drink:club-mate": null, "drink:club-mate_icetea": null, "drink:fritz-kola": null, "drink:fritz-limo": null, "drink:fritz-mischmasch": null, "drink:kolle-kolla": null, "drink:kolle-zotrine": null, "drink:lemonaid": null, "drink:mio_mio_cola": null, "drink:mio_mio_mate": null, "drink:vita_cola": null, "organic": null, "payment:contactless": null, "stroller": null, "start_date": null, "old_name": null, "contact:website": null, "layer": null, "toilets:wheelchair": null, "source": null, "payment:app": null, "payment:apple_pay": null, "payment:cards": null, "payment:coins": null, "payment:google_pay": null, "payment:visa_debit": null, "origin": null, "drink:charitea": null, "drink:kolle-jolle-mate": null, "drink:kolle-mate": null, "payment:debit_cards": null, "operator:wikidata": null, "drink:vita_limo": null, "contact:phone": null, "cash_withdrawal:limit": null, "post_office": null, "post_office:brand": null, "post_office:service_provider": null, "bulk_purchase": null, "dog": null, "air_conditioning": null, "payment:notes": null, "ref:rewe": null, "addr:suburb": null, "membership": null, "access:covid19": null, "alt_name": null, "delivery:covid19": null, "takeaway:covid19": null, "discount:students": null, "currency:EUR": null, "internet_access:password": null, "internet_access:ssid": null, "post_office:brand:wikidata": null, "post_office:brand:wikipedia": null, "ref:deutsche_post": null, "description": null, "payment:mastercard_contactless": null, "payment:sodexo": null, "payment:v_pay": null, "fax": null, "drink:club-mate_granat": null, "opening_date": null, "payment:account_cards": null, "payment:payback_app": null, "wheelchair:description:de": null, "note": null, "cuisine": null, "diet:vegan": null, "diet:vegetarian": null, "contact:email": null, "branch": "Am Postplatz", "short_name": null, "drink:kolle-kilimo": null, "drink:kombucha": null, "drink:sake": null, "drinking_water:refill": null, "drinking_water:refill:network": null, "payment:vpay": null, "payment:american_express": null, "source:name": null, "toilets": null, "diet:gluten_free": null, "diet:lactose_free": null, "post_office:id_check": null, "post_office:oversized_item": null, "post_office:packaging": null, "post_office:parcel_from": null, "post_office:parcel_pickup": null, "post_office:parcel_to": null, "post_office:post_bank": null, "post_office:stamps": null, "payment:visa_electron": null, "fair_trade": null, "reusable_packaging:accept": null, "payment:cryptocurrencies": null, "building": null, "building:levels": null, "roof:shape": null, "vending": null, "building:roof": null, "roof:colour": null, "building:colour": null, "height": null, "roof:levels": null, "roof:height": null, "drink:coffee": null, "contact:facebook": null, "delivery": null, "contact:instagram": null, "payment:netto_app": null, "landuse": null, "indoor": null, "name:ru": null, "room": null }, "geometry": { "type": "Point", "coordinates": [ 13.7335646, 51.0493171 ] } },
{ "type": "Feature", "properties": { "element": "node", "id": 9119949070, "addr:city": "Dresden", "addr:housenumber": "5", "addr:postcode": "01069", "addr:street": "Wiener Platz", "brand": "EDEKA", "brand:wikidata": "Q701755", "brand:wikipedia": null, "check_date:opening_hours": null, "level": null, "name": "Simmel", "opening_hours": "Mo-Sa 08:00-22:00", "shop": "supermarket", "wheelchair": null, "internet_access": null, "internet_access:access": null, "internet_access:fee": null, "operator": "Simmel", "phone": null, "website": "https://www.simmel.de/markt/Dresden_Wiener_Platz", "addr:country": null, "check_date": null, "email": null, "payment:mastercard": null, "payment:visa": null, "payment:cash": null, "payment:girocard": null, "payment:maestro": null, "self_checkout": null, "ref:vatin": null, "payment:credit_cards": null, "operator:tax": null, "ref": null, "diet:halal": null, "diet:kosher": null, "lastcheck": null, "access": null, "entrance": null, "cash_withdrawal": null, "cash_withdrawal:purchase_minimum": null, "cash_withdrawal:purchase_required": null, "cash_withdrawal:type": null, "drink:bionade": null, "drink:bionade_mate": null, "drink:charitea_mate": null, "drink:club-mate": null, "drink:club-mate_icetea": null, "drink:fritz-kola": null, "drink:fritz-limo": null, "drink:fritz-mischmasch": null, "drink:kolle-kolla": null, "drink:kolle-zotrine": null, "drink:lemonaid": null, "drink:mio_mio_cola": null, "drink:mio_mio_mate": null, "drink:vita_cola": null, "organic": null, "payment:contactless": null, "stroller": null, "start_date": null, "old_name": null, "contact:website": null, "layer": null, "toilets:wheelchair": null, "source": null, "payment:app": null, "payment:apple_pay": null, "payment:cards": null, "payment:coins": null, "payment:google_pay": null, "payment:visa_debit": null, "origin": null, "drink:charitea": null, "drink:kolle-jolle-mate": null, "drink:kolle-mate": null, "payment:debit_cards": null, "operator:wikidata": null, "drink:vita_limo": null, "contact:phone": null, "cash_withdrawal:limit": null, "post_office": null, "post_office:brand": null, "post_office:service_provider": null, "bulk_purchase": null, "dog": null, "air_conditioning": null, "payment:notes": null, "ref:rewe": null, "addr:suburb": null, "membership": null, "access:covid19": null, "alt_name": null, "delivery:covid19": null, "takeaway:covid19": null, "discount:students": null, "currency:EUR": null, "internet_access:password": null, "internet_access:ssid": null, "post_office:brand:wikidata": null, "post_office:brand:wikipedia": null, "ref:deutsche_post": null, "description": null, "payment:mastercard_contactless": null, "payment:sodexo": null, "payment:v_pay": null, "fax": null, "drink:club-mate_granat": null, "opening_date": null, "payment:account_cards": null, "payment:payback_app": null, "wheelchair:description:de": null, "note": null, "cuisine": null, "diet:vegan": null, "diet:vegetarian": null, "contact:email": null, "branch": null, "short_name": null, "drink:kolle-kilimo": null, "drink:kombucha": null, "drink:sake": null, "drinking_water:refill": null, "drinking_water:refill:network": null, "payment:vpay": null, "payment:american_express": null, "source:name": null, "toilets": null, "diet:gluten_free": null, "diet:lactose_free": null, "post_office:id_check": null, "post_office:oversized_item": null, "post_office:packaging": null, "post_office:parcel_from": null, "post_office:parcel_pickup": null, "post_office:parcel_to": null, "post_office:post_bank": null, "post_office:stamps": null, "payment:visa_electron": null, "fair_trade": null, "reusable_packaging:accept": null, "payment:cryptocurrencies": null, "building": null, "building:levels": null, "roof:shape": null, "vending": null, "building:roof": null, "roof:colour": null, "building:colour": null, "height": null, "roof:levels": null, "roof:height": null, "drink:coffee": null, "contact:facebook": null, "delivery": null, "contact:instagram": null, "payment:netto_app": null, "landuse": null, "indoor": null, "name:ru": null, "room": null }, "geometry": { "type": "Point", "coordinates": [ 13.729501, 51.0424693 ] } },
{ "type": "Feature", "properties": { "element": "node", "id": 9164620481, "addr:city": null, "addr:housenumber": null, "addr:postcode": null, "addr:street": null, "brand": "Go Asia", "brand:wikidata": "Q102381911", "brand:wikipedia": null, "check_date:opening_hours": "2024-03-04", "level": "-1", "name": "Go Asia", "opening_hours": "Mo-Sa 09:30-20:00", "shop": "supermarket", "wheelchair": null, "internet_access": null, "internet_access:access": null, "internet_access:fee": null, "operator": null, "phone": null, "website": null, "addr:country": null, "check_date": null, "email": null, "payment:mastercard": null, "payment:visa": null, "payment:cash": null, "payment:girocard": null, "payment:maestro": null, "self_checkout": null, "ref:vatin": null, "payment:credit_cards": null, "operator:tax": null, "ref": null, "diet:halal": null, "diet:kosher": null, "lastcheck": null, "access": null, "entrance": null, "cash_withdrawal": null, "cash_withdrawal:purchase_minimum": null, "cash_withdrawal:purchase_required": null, "cash_withdrawal:type": null, "drink:bionade": null, "drink:bionade_mate": null, "drink:charitea_mate": null, "drink:club-mate": null, "drink:club-mate_icetea": null, "drink:fritz-kola": null, "drink:fritz-limo": null, "drink:fritz-mischmasch": null, "drink:kolle-kolla": null, "drink:kolle-zotrine": null, "drink:lemonaid": null, "drink:mio_mio_cola": null, "drink:mio_mio_mate": null, "drink:vita_cola": null, "organic": null, "payment:contactless": null, "stroller": null, "start_date": null, "old_name": null, "contact:website": null, "layer": null, "toilets:wheelchair": null, "source": null, "payment:app": null, "payment:apple_pay": null, "payment:cards": null, "payment:coins": null, "payment:google_pay": null, "payment:visa_debit": null, "origin": "asian", "drink:charitea": null, "drink:kolle-jolle-mate": null, "drink:kolle-mate": null, "payment:debit_cards": null, "operator:wikidata": null, "drink:vita_limo": null, "contact:phone": null, "cash_withdrawal:limit": null, "post_office": null, "post_office:brand": null, "post_office:service_provider": null, "bulk_purchase": null, "dog": null, "air_conditioning": null, "payment:notes": null, "ref:rewe": null, "addr:suburb": null, "membership": null, "access:covid19": null, "alt_name": null, "delivery:covid19": null, "takeaway:covid19": null, "discount:students": null, "currency:EUR": null, "internet_access:password": null, "internet_access:ssid": null, "post_office:brand:wikidata": null, "post_office:brand:wikipedia": null, "ref:deutsche_post": null, "description": null, "payment:mastercard_contactless": null, "payment:sodexo": null, "payment:v_pay": null, "fax": null, "drink:club-mate_granat": null, "opening_date": null, "payment:account_cards": null, "payment:payback_app": null, "wheelchair:description:de": null, "note": null, "cuisine": null, "diet:vegan": null, "diet:vegetarian": null, "contact:email": null, "branch": null, "short_name": null, "drink:kolle-kilimo": null, "drink:kombucha": null, "drink:sake": null, "drinking_water:refill": null, "drinking_water:refill:network": null, "payment:vpay": null, "payment:american_express": null, "source:name": null, "toilets": null, "diet:gluten_free": null, "diet:lactose_free": null, "post_office:id_check": null, "post_office:oversized_item": null, "post_office:packaging": null, "post_office:parcel_from": null, "post_office:parcel_pickup": null, "post_office:parcel_to": null, "post_office:post_bank": null, "post_office:stamps": null, "payment:visa_electron": null, "fair_trade": null, "reusable_packaging:accept": null, "payment:cryptocurrencies": null, "building": null, "building:levels": null, "roof:shape": null, "vending": null, "building:roof": null, "roof:colour": null, "building:colour": null, "height": null, "roof:levels": null, "roof:height": null, "drink:coffee": null, "contact:facebook": null, "delivery": null, "contact:instagram": null, "payment:netto_app": null, "landuse": null, "indoor": null, "name:ru": null, "room": null }, "geometry": { "type": "Point", "coordinates": [ 13.7372992, 51.0465013 ] } },
{ "type": "Feature", "properties": { "element": "node", "id": 9250467351, "addr:city": null, "addr:housenumber": null, "addr:postcode": null, "addr:street": null, "brand": "REWE", "brand:wikidata": "Q16968817", "brand:wikipedia": "de:Rewe", "check_date:opening_hours": "2024-07-10", "level": null, "name": "REWE", "opening_hours": "Mo-Sa 06:00-22:00", "shop": "supermarket", "wheelchair": "yes", "internet_access": null, "internet_access:access": null, "internet_access:fee": null, "operator": null, "phone": null, "website": null, "addr:country": null, "check_date": null, "email": null, "payment:mastercard": null, "payment:visa": null, "payment:cash": null, "payment:girocard": null, "payment:maestro": null, "self_checkout": null, "ref:vatin": null, "payment:credit_cards": null, "operator:tax": null, "ref": null, "diet:halal": null, "diet:kosher": null, "lastcheck": null, "access": null, "entrance": null, "cash_withdrawal": null, "cash_withdrawal:purchase_minimum": null, "cash_withdrawal:purchase_required": null, "cash_withdrawal:type": null, "drink:bionade": null, "drink:bionade_mate": null, "drink:charitea_mate": null, "drink:club-mate": null, "drink:club-mate_icetea": null, "drink:fritz-kola": null, "drink:fritz-limo": null, "drink:fritz-mischmasch": null, "drink:kolle-kolla": null, "drink:kolle-zotrine": null, "drink:lemonaid": null, "drink:mio_mio_cola": null, "drink:mio_mio_mate": null, "drink:vita_cola": null, "organic": null, "payment:contactless": null, "stroller": null, "start_date": null, "old_name": null, "contact:website": null, "layer": null, "toilets:wheelchair": null, "source": null, "payment:app": null, "payment:apple_pay": null, "payment:cards": null, "payment:coins": null, "payment:google_pay": null, "payment:visa_debit": null, "origin": null, "drink:charitea": null, "drink:kolle-jolle-mate": null, "drink:kolle-mate": null, "payment:debit_cards": null, "operator:wikidata": null, "drink:vita_limo": null, "contact:phone": null, "cash_withdrawal:limit": null, "post_office": null, "post_office:brand": null, "post_office:service_provider": null, "bulk_purchase": null, "dog": null, "air_conditioning": null, "payment:notes": null, "ref:rewe": null, "addr:suburb": null, "membership": null, "access:covid19": null, "alt_name": null, "delivery:covid19": null, "takeaway:covid19": null, "discount:students": null, "currency:EUR": null, "internet_access:password": null, "internet_access:ssid": null, "post_office:brand:wikidata": null, "post_office:brand:wikipedia": null, "ref:deutsche_post": null, "description": null, "payment:mastercard_contactless": null, "payment:sodexo": null, "payment:v_pay": null, "fax": null, "drink:club-mate_granat": null, "opening_date": null, "payment:account_cards": null, "payment:payback_app": null, "wheelchair:description:de": null, "note": null, "cuisine": null, "diet:vegan": null, "diet:vegetarian": null, "contact:email": null, "branch": null, "short_name": null, "drink:kolle-kilimo": null, "drink:kombucha": null, "drink:sake": null, "drinking_water:refill": null, "drinking_water:refill:network": null, "payment:vpay": null, "payment:american_express": null, "source:name": null, "toilets": null, "diet:gluten_free": null, "diet:lactose_free": null, "post_office:id_check": null, "post_office:oversized_item": null, "post_office:packaging": null, "post_office:parcel_from": null, "post_office:parcel_pickup": null, "post_office:parcel_to": null, "post_office:post_bank": null, "post_office:stamps": null, "payment:visa_electron": null, "fair_trade": null, "reusable_packaging:accept": null, "payment:cryptocurrencies": null, "building": null, "building:levels": null, "roof:shape": null, "vending": null, "building:roof": null, "roof:colour": null, "building:colour": null, "height": null, "roof:levels": null, "roof:height": null, "drink:coffee": null, "contact:facebook": null, "delivery": null, "contact:instagram": null, "payment:netto_app": null, "landuse": null, "indoor": null, "name:ru": null, "room": null }, "geometry": { "type": "Point", "coordinates": [ 13.7241448, 51.0578197 ] } },
{ "type": "Feature", "properties": { "element": "node", "id": 9320167689, "addr:city": null, "addr:housenumber": null, "addr:postcode": null, "addr:street": null, "brand": "ALDI Nord", "brand:wikidata": "Q41171373", "brand:wikipedia": "en:Aldi", "check_date:opening_hours": null, "level": null, "name": "ALDI Nord", "opening_hours": "Mo-Sa 07:00-20:00", "shop": "supermarket", "wheelchair": "yes", "internet_access": null, "internet_access:access": null, "internet_access:fee": null, "operator": null, "phone": null, "website": "https://www.aldi-nord.de/", "addr:country": null, "check_date": null, "email": null, "payment:mastercard": null, "payment:visa": null, "payment:cash": null, "payment:girocard": null, "payment:maestro": null, "self_checkout": null, "ref:vatin": null, "payment:credit_cards": null, "operator:tax": null, "ref": null, "diet:halal": null, "diet:kosher": null, "lastcheck": null, "access": null, "entrance": null, "cash_withdrawal": null, "cash_withdrawal:purchase_minimum": null, "cash_withdrawal:purchase_required": null, "cash_withdrawal:type": null, "drink:bionade": null, "drink:bionade_mate": null, "drink:charitea_mate": null, "drink:club-mate": null, "drink:club-mate_icetea": null, "drink:fritz-kola": null, "drink:fritz-limo": null, "drink:fritz-mischmasch": null, "drink:kolle-kolla": null, "drink:kolle-zotrine": null, "drink:lemonaid": null, "drink:mio_mio_cola": null, "drink:mio_mio_mate": null, "drink:vita_cola": null, "organic": null, "payment:contactless": null, "stroller": null, "start_date": null, "old_name": null, "contact:website": null, "layer": null, "toilets:wheelchair": null, "source": null, "payment:app": null, "payment:apple_pay": null, "payment:cards": null, "payment:coins": null, "payment:google_pay": null, "payment:visa_debit": null, "origin": null, "drink:charitea": null, "drink:kolle-jolle-mate": null, "drink:kolle-mate": null, "payment:debit_cards": null, "operator:wikidata": null, "drink:vita_limo": null, "contact:phone": null, "cash_withdrawal:limit": null, "post_office": null, "post_office:brand": null, "post_office:service_provider": null, "bulk_purchase": null, "dog": null, "air_conditioning": null, "payment:notes": null, "ref:rewe": null, "addr:suburb": null, "membership": null, "access:covid19": null, "alt_name": null, "delivery:covid19": null, "takeaway:covid19": null, "discount:students": null, "currency:EUR": null, "internet_access:password": null, "internet_access:ssid": null, "post_office:brand:wikidata": null, "post_office:brand:wikipedia": null, "ref:deutsche_post": null, "description": null, "payment:mastercard_contactless": null, "payment:sodexo": null, "payment:v_pay": null, "fax": null, "drink:club-mate_granat": null, "opening_date": null, "payment:account_cards": null, "payment:payback_app": null, "wheelchair:description:de": null, "note": null, "cuisine": null, "diet:vegan": null, "diet:vegetarian": null, "contact:email": null, "branch": null, "short_name": null, "drink:kolle-kilimo": null, "drink:kombucha": null, "drink:sake": null, "drinking_water:refill": null, "drinking_water:refill:network": null, "payment:vpay": null, "payment:american_express": null, "source:name": null, "toilets": null, "diet:gluten_free": null, "diet:lactose_free": null, "post_office:id_check": null, "post_office:oversized_item": null, "post_office:packaging": null, "post_office:parcel_from": null, "post_office:parcel_pickup": null, "post_office:parcel_to": null, "post_office:post_bank": null, "post_office:stamps": null, "payment:visa_electron": null, "fair_trade": null, "reusable_packaging:accept": null, "payment:cryptocurrencies": null, "building": null, "building:levels": null, "roof:shape": null, "vending": null, "building:roof": null, "roof:colour": null, "building:colour": null, "height": null, "roof:levels": null, "roof:height": null, "drink:coffee": null, "contact:facebook": null, "delivery": null, "contact:instagram": null, "payment:netto_app": null, "landuse": null, "indoor": null, "name:ru": null, "room": null }, "geometry": { "type": "Point", "coordinates": [ 13.8124882, 51.028888 ] } },
{ "type": "Feature", "properties": { "element": "node", "id": 9559029636, "addr:city": null, "addr:housenumber": null, "addr:postcode": null, "addr:street": null, "brand": null, "brand:wikidata": null, "brand:wikipedia": null, "check_date:opening_hours": null, "level": "1", "name": "Green & Gloria", "opening_hours": "Tu-Sa 09:00-21:00", "shop": "supermarket", "wheelchair": null, "internet_access": null, "internet_access:access": null, "internet_access:fee": null, "operator": null, "phone": null, "website": "https://www.greenandgloria.de/", "addr:country": null, "check_date": null, "email": null, "payment:mastercard": null, "payment:visa": null, "payment:cash": null, "payment:girocard": null, "payment:maestro": null, "self_checkout": null, "ref:vatin": null, "payment:credit_cards": null, "operator:tax": null, "ref": null, "diet:halal": null, "diet:kosher": null, "lastcheck": null, "access": null, "entrance": null, "cash_withdrawal": null, "cash_withdrawal:purchase_minimum": null, "cash_withdrawal:purchase_required": null, "cash_withdrawal:type": null, "drink:bionade": null, "drink:bionade_mate": null, "drink:charitea_mate": null, "drink:club-mate": null, "drink:club-mate_icetea": null, "drink:fritz-kola": null, "drink:fritz-limo": null, "drink:fritz-mischmasch": null, "drink:kolle-kolla": null, "drink:kolle-zotrine": null, "drink:lemonaid": null, "drink:mio_mio_cola": null, "drink:mio_mio_mate": null, "drink:vita_cola": null, "organic": "only", "payment:contactless": null, "stroller": null, "start_date": null, "old_name": null, "contact:website": null, "layer": null, "toilets:wheelchair": null, "source": null, "payment:app": null, "payment:apple_pay": null, "payment:cards": null, "payment:coins": null, "payment:google_pay": null, "payment:visa_debit": null, "origin": null, "drink:charitea": null, "drink:kolle-jolle-mate": null, "drink:kolle-mate": null, "payment:debit_cards": null, "operator:wikidata": null, "drink:vita_limo": null, "contact:phone": null, "cash_withdrawal:limit": null, "post_office": null, "post_office:brand": null, "post_office:service_provider": null, "bulk_purchase": null, "dog": null, "air_conditioning": null, "payment:notes": null, "ref:rewe": null, "addr:suburb": null, "membership": null, "access:covid19": null, "alt_name": null, "delivery:covid19": null, "takeaway:covid19": null, "discount:students": null, "currency:EUR": null, "internet_access:password": null, "internet_access:ssid": null, "post_office:brand:wikidata": null, "post_office:brand:wikipedia": null, "ref:deutsche_post": null, "description": null, "payment:mastercard_contactless": null, "payment:sodexo": null, "payment:v_pay": null, "fax": null, "drink:club-mate_granat": null, "opening_date": null, "payment:account_cards": null, "payment:payback_app": null, "wheelchair:description:de": null, "note": null, "cuisine": null, "diet:vegan": null, "diet:vegetarian": null, "contact:email": null, "branch": null, "short_name": null, "drink:kolle-kilimo": null, "drink:kombucha": null, "drink:sake": null, "drinking_water:refill": null, "drinking_water:refill:network": null, "payment:vpay": null, "payment:american_express": null, "source:name": null, "toilets": null, "diet:gluten_free": null, "diet:lactose_free": null, "post_office:id_check": null, "post_office:oversized_item": null, "post_office:packaging": null, "post_office:parcel_from": null, "post_office:parcel_pickup": null, "post_office:parcel_to": null, "post_office:post_bank": null, "post_office:stamps": null, "payment:visa_electron": null, "fair_trade": null, "reusable_packaging:accept": null, "payment:cryptocurrencies": null, "building": null, "building:levels": null, "roof:shape": null, "vending": null, "building:roof": null, "roof:colour": null, "building:colour": null, "height": null, "roof:levels": null, "roof:height": null, "drink:coffee": null, "contact:facebook": null, "delivery": null, "contact:instagram": null, "payment:netto_app": null, "landuse": null, "indoor": null, "name:ru": null, "room": null }, "geometry": { "type": "Point", "coordinates": [ 13.7408522, 51.0502511 ] } },
{ "type": "Feature", "properties": { "element": "node", "id": 9919098113, "addr:city": null, "addr:housenumber": null, "addr:postcode": null, "addr:street": null, "brand": "EDEKA", "brand:wikidata": "Q701755", "brand:wikipedia": null, "check_date:opening_hours": "2025-02-01", "level": null, "name": "EDEKA Griephan", "opening_hours": "Mo-Sa 07:00-21:00", "shop": "supermarket", "wheelchair": "yes", "internet_access": null, "internet_access:access": null, "internet_access:fee": null, "operator": "Reinhard Griephan", "phone": null, "website": null, "addr:country": null, "check_date": null, "email": null, "payment:mastercard": null, "payment:visa": null, "payment:cash": null, "payment:girocard": null, "payment:maestro": null, "self_checkout": null, "ref:vatin": null, "payment:credit_cards": null, "operator:tax": null, "ref": null, "diet:halal": null, "diet:kosher": null, "lastcheck": null, "access": null, "entrance": null, "cash_withdrawal": null, "cash_withdrawal:purchase_minimum": null, "cash_withdrawal:purchase_required": null, "cash_withdrawal:type": null, "drink:bionade": null, "drink:bionade_mate": null, "drink:charitea_mate": null, "drink:club-mate": null, "drink:club-mate_icetea": null, "drink:fritz-kola": null, "drink:fritz-limo": null, "drink:fritz-mischmasch": null, "drink:kolle-kolla": null, "drink:kolle-zotrine": null, "drink:lemonaid": null, "drink:mio_mio_cola": null, "drink:mio_mio_mate": null, "drink:vita_cola": null, "organic": null, "payment:contactless": null, "stroller": null, "start_date": null, "old_name": null, "contact:website": null, "layer": null, "toilets:wheelchair": null, "source": null, "payment:app": null, "payment:apple_pay": null, "payment:cards": null, "payment:coins": null, "payment:google_pay": null, "payment:visa_debit": null, "origin": null, "drink:charitea": null, "drink:kolle-jolle-mate": null, "drink:kolle-mate": null, "payment:debit_cards": null, "operator:wikidata": null, "drink:vita_limo": null, "contact:phone": null, "cash_withdrawal:limit": null, "post_office": null, "post_office:brand": null, "post_office:service_provider": null, "bulk_purchase": null, "dog": null, "air_conditioning": null, "payment:notes": null, "ref:rewe": null, "addr:suburb": null, "membership": null, "access:covid19": null, "alt_name": null, "delivery:covid19": null, "takeaway:covid19": null, "discount:students": null, "currency:EUR": null, "internet_access:password": null, "internet_access:ssid": null, "post_office:brand:wikidata": null, "post_office:brand:wikipedia": null, "ref:deutsche_post": null, "description": null, "payment:mastercard_contactless": null, "payment:sodexo": null, "payment:v_pay": null, "fax": null, "drink:club-mate_granat": null, "opening_date": null, "payment:account_cards": null, "payment:payback_app": null, "wheelchair:description:de": null, "note": null, "cuisine": null, "diet:vegan": null, "diet:vegetarian": null, "contact:email": null, "branch": null, "short_name": null, "drink:kolle-kilimo": null, "drink:kombucha": null, "drink:sake": null, "drinking_water:refill": null, "drinking_water:refill:network": null, "payment:vpay": null, "payment:american_express": null, "source:name": null, "toilets": null, "diet:gluten_free": null, "diet:lactose_free": null, "post_office:id_check": null, "post_office:oversized_item": null, "post_office:packaging": null, "post_office:parcel_from": null, "post_office:parcel_pickup": null, "post_office:parcel_to": null, "post_office:post_bank": null, "post_office:stamps": null, "payment:visa_electron": null, "fair_trade": null, "reusable_packaging:accept": null, "payment:cryptocurrencies": null, "building": null, "building:levels": null, "roof:shape": null, "vending": null, "building:roof": null, "roof:colour": null, "building:colour": null, "height": null, "roof:levels": null, "roof:height": null, "drink:coffee": null, "contact:facebook": null, "delivery": null, "contact:instagram": null, "payment:netto_app": null, "landuse": null, "indoor": null, "name:ru": null, "room": null }, "geometry": { "type": "Point", "coordinates": [ 13.7700017, 51.0484214 ] } },
{ "type": "Feature", "properties": { "element": "node", "id": 10188291008, "addr:city": "Dresden", "addr:housenumber": "4", "addr:postcode": "01067", "addr:street": "Hertha-Lindner-Straße", "brand": null, "brand:wikidata": null, "brand:wikipedia": null, "check_date:opening_hours": null, "level": null, "name": "Lider Supermarkt", "opening_hours": "Mo-Sa 08:00-20:00", "shop": "supermarket", "wheelchair": null, "internet_access": null, "internet_access:access": null, "internet_access:fee": null, "operator": null, "phone": "+49 351 49769270", "website": "http://lidersupermarktdresden.de/", "addr:country": null, "check_date": "2025-01-30", "email": null, "payment:mastercard": null, "payment:visa": null, "payment:cash": null, "payment:girocard": null, "payment:maestro": null, "self_checkout": null, "ref:vatin": null, "payment:credit_cards": null, "operator:tax": null, "ref": null, "diet:halal": "yes", "diet:kosher": null, "lastcheck": null, "access": null, "entrance": null, "cash_withdrawal": null, "cash_withdrawal:purchase_minimum": null, "cash_withdrawal:purchase_required": null, "cash_withdrawal:type": null, "drink:bionade": null, "drink:bionade_mate": null, "drink:charitea_mate": null, "drink:club-mate": null, "drink:club-mate_icetea": null, "drink:fritz-kola": null, "drink:fritz-limo": null, "drink:fritz-mischmasch": null, "drink:kolle-kolla": null, "drink:kolle-zotrine": null, "drink:lemonaid": null, "drink:mio_mio_cola": null, "drink:mio_mio_mate": null, "drink:vita_cola": null, "organic": null, "payment:contactless": null, "stroller": null, "start_date": null, "old_name": null, "contact:website": null, "layer": null, "toilets:wheelchair": null, "source": null, "payment:app": null, "payment:apple_pay": null, "payment:cards": null, "payment:coins": null, "payment:google_pay": null, "payment:visa_debit": null, "origin": null, "drink:charitea": null, "drink:kolle-jolle-mate": null, "drink:kolle-mate": null, "payment:debit_cards": null, "operator:wikidata": null, "drink:vita_limo": null, "contact:phone": null, "cash_withdrawal:limit": null, "post_office": null, "post_office:brand": null, "post_office:service_provider": null, "bulk_purchase": null, "dog": null, "air_conditioning": null, "payment:notes": null, "ref:rewe": null, "addr:suburb": null, "membership": null, "access:covid19": null, "alt_name": null, "delivery:covid19": null, "takeaway:covid19": null, "discount:students": null, "currency:EUR": null, "internet_access:password": null, "internet_access:ssid": null, "post_office:brand:wikidata": null, "post_office:brand:wikipedia": null, "ref:deutsche_post": null, "description": null, "payment:mastercard_contactless": null, "payment:sodexo": null, "payment:v_pay": null, "fax": null, "drink:club-mate_granat": null, "opening_date": null, "payment:account_cards": null, "payment:payback_app": null, "wheelchair:description:de": null, "note": null, "cuisine": null, "diet:vegan": null, "diet:vegetarian": null, "contact:email": null, "branch": null, "short_name": null, "drink:kolle-kilimo": null, "drink:kombucha": null, "drink:sake": null, "drinking_water:refill": null, "drinking_water:refill:network": null, "payment:vpay": null, "payment:american_express": null, "source:name": null, "toilets": null, "diet:gluten_free": null, "diet:lactose_free": null, "post_office:id_check": null, "post_office:oversized_item": null, "post_office:packaging": null, "post_office:parcel_from": null, "post_office:parcel_pickup": null, "post_office:parcel_to": null, "post_office:post_bank": null, "post_office:stamps": null, "payment:visa_electron": null, "fair_trade": null, "reusable_packaging:accept": null, "payment:cryptocurrencies": null, "building": null, "building:levels": null, "roof:shape": null, "vending": null, "building:roof": null, "roof:colour": null, "building:colour": null, "height": null, "roof:levels": null, "roof:height": null, "drink:coffee": null, "contact:facebook": null, "delivery": null, "contact:instagram": null, "payment:netto_app": null, "landuse": null, "indoor": null, "name:ru": null, "room": null }, "geometry": { "type": "Point", "coordinates": [ 13.7306587, 51.0532831 ] } },
{ "type": "Feature", "properties": { "element": "node", "id": 10215282557, "addr:city": "Dresden", "addr:housenumber": "56a", "addr:postcode": "01069", "addr:street": "Bergstraße", "brand": "REWE", "brand:wikidata": "Q16968817", "brand:wikipedia": null, "check_date:opening_hours": "2024-06-15", "level": "0", "name": "REWE", "opening_hours": "Mo-Sa 06:00-22:00", "shop": "supermarket", "wheelchair": "yes", "internet_access": "wlan", "internet_access:access": null, "internet_access:fee": "no", "operator": null, "phone": null, "website": null, "addr:country": null, "check_date": null, "email": null, "payment:mastercard": null, "payment:visa": null, "payment:cash": "yes", "payment:girocard": null, "payment:maestro": null, "self_checkout": null, "ref:vatin": null, "payment:credit_cards": "yes", "operator:tax": null, "ref": null, "diet:halal": null, "diet:kosher": null, "lastcheck": null, "access": null, "entrance": null, "cash_withdrawal": null, "cash_withdrawal:purchase_minimum": null, "cash_withdrawal:purchase_required": null, "cash_withdrawal:type": null, "drink:bionade": null, "drink:bionade_mate": null, "drink:charitea_mate": null, "drink:club-mate": null, "drink:club-mate_icetea": null, "drink:fritz-kola": null, "drink:fritz-limo": null, "drink:fritz-mischmasch": null, "drink:kolle-kolla": null, "drink:kolle-zotrine": null, "drink:lemonaid": null, "drink:mio_mio_cola": null, "drink:mio_mio_mate": null, "drink:vita_cola": null, "organic": null, "payment:contactless": "yes", "stroller": "yes", "start_date": null, "old_name": null, "contact:website": "https://www.rewe.de/marktseite/dresden/1100128/rewe-markt-bergstr-56a/", "layer": null, "toilets:wheelchair": null, "source": null, "payment:app": null, "payment:apple_pay": null, "payment:cards": null, "payment:coins": "yes", "payment:google_pay": null, "payment:visa_debit": null, "origin": null, "drink:charitea": null, "drink:kolle-jolle-mate": null, "drink:kolle-mate": null, "payment:debit_cards": "yes", "operator:wikidata": null, "drink:vita_limo": null, "contact:phone": "+4935132616020", "cash_withdrawal:limit": null, "post_office": "post_partner", "post_office:brand": "DHL Paketshop", "post_office:service_provider": "Deutsche Post", "bulk_purchase": null, "dog": null, "air_conditioning": "yes", "payment:notes": "yes", "ref:rewe": null, "addr:suburb": null, "membership": null, "access:covid19": null, "alt_name": null, "delivery:covid19": null, "takeaway:covid19": null, "discount:students": null, "currency:EUR": null, "internet_access:password": null, "internet_access:ssid": null, "post_office:brand:wikidata": "Q113529068", "post_office:brand:wikipedia": "de:Deutsche_Post", "ref:deutsche_post": null, "description": null, "payment:mastercard_contactless": null, "payment:sodexo": null, "payment:v_pay": null, "fax": null, "drink:club-mate_granat": null, "opening_date": null, "payment:account_cards": null, "payment:payback_app": null, "wheelchair:description:de": null, "note": null, "cuisine": null, "diet:vegan": "yes", "diet:vegetarian": "yes", "contact:email": null, "branch": "REWE Jenny Zinnow oHG", "short_name": null, "drink:kolle-kilimo": null, "drink:kombucha": null, "drink:sake": null, "drinking_water:refill": null, "drinking_water:refill:network": null, "payment:vpay": null, "payment:american_express": null, "source:name": null, "toilets": null, "diet:gluten_free": "yes", "diet:lactose_free": "yes", "post_office:id_check": "no", "post_office:oversized_item": "no", "post_office:packaging": "no", "post_office:parcel_from": "yes", "post_office:parcel_pickup": "yes", "post_office:parcel_to": "yes", "post_office:post_bank": "no", "post_office:stamps": "no", "payment:visa_electron": null, "fair_trade": null, "reusable_packaging:accept": null, "payment:cryptocurrencies": null, "building": null, "building:levels": null, "roof:shape": null, "vending": null, "building:roof": null, "roof:colour": null, "building:colour": null, "height": null, "roof:levels": null, "roof:height": null, "drink:coffee": null, "contact:facebook": null, "delivery": null, "contact:instagram": null, "payment:netto_app": null, "landuse": null, "indoor": null, "name:ru": null, "room": null }, "geometry": { "type": "Point", "coordinates": [ 13.729658, 51.0323998 ] } },
{ "type": "Feature", "properties": { "element": "node", "id": 10245405326, "addr:city": "Dresden", "addr:housenumber": "50", "addr:postcode": "01127", "addr:street": "Leipziger Straße", "brand": null, "brand:wikidata": null, "brand:wikipedia": null, "check_date:opening_hours": null, "level": null, "name": "dieLe50", "opening_hours": "Mo-Su 16:00-24:00", "shop": "supermarket", "wheelchair": null, "internet_access": null, "internet_access:access": null, "internet_access:fee": null, "operator": "Leddl UG (haftungsbeschränkt)", "phone": null, "website": null, "addr:country": "DE", "check_date": null, "email": "info@leddl.online", "payment:mastercard": "yes", "payment:visa": "yes", "payment:cash": null, "payment:girocard": null, "payment:maestro": "yes", "self_checkout": null, "ref:vatin": null, "payment:credit_cards": "yes", "operator:tax": null, "ref": null, "diet:halal": null, "diet:kosher": null, "lastcheck": null, "access": null, "entrance": null, "cash_withdrawal": null, "cash_withdrawal:purchase_minimum": null, "cash_withdrawal:purchase_required": null, "cash_withdrawal:type": null, "drink:bionade": null, "drink:bionade_mate": null, "drink:charitea_mate": null, "drink:club-mate": null, "drink:club-mate_icetea": null, "drink:fritz-kola": null, "drink:fritz-limo": null, "drink:fritz-mischmasch": null, "drink:kolle-kolla": null, "drink:kolle-zotrine": null, "drink:lemonaid": null, "drink:mio_mio_cola": null, "drink:mio_mio_mate": null, "drink:vita_cola": null, "organic": "yes", "payment:contactless": "yes", "stroller": null, "start_date": null, "old_name": null, "contact:website": null, "layer": null, "toilets:wheelchair": null, "source": null, "payment:app": "yes", "payment:apple_pay": "yes", "payment:cards": "yes", "payment:coins": "yes", "payment:google_pay": "yes", "payment:visa_debit": null, "origin": null, "drink:charitea": null, "drink:kolle-jolle-mate": null, "drink:kolle-mate": null, "payment:debit_cards": null, "operator:wikidata": null, "drink:vita_limo": null, "contact:phone": null, "cash_withdrawal:limit": null, "post_office": null, "post_office:brand": null, "post_office:service_provider": null, "bulk_purchase": null, "dog": null, "air_conditioning": null, "payment:notes": "yes", "ref:rewe": null, "addr:suburb": null, "membership": null, "access:covid19": null, "alt_name": null, "delivery:covid19": null, "takeaway:covid19": null, "discount:students": null, "currency:EUR": null, "internet_access:password": null, "internet_access:ssid": null, "post_office:brand:wikidata": null, "post_office:brand:wikipedia": null, "ref:deutsche_post": null, "description": "Nah- und Spätversorgung für Getränke, Snacks und Raucherbedarf", "payment:mastercard_contactless": null, "payment:sodexo": null, "payment:v_pay": "yes", "fax": null, "drink:club-mate_granat": null, "opening_date": null, "payment:account_cards": "yes", "payment:payback_app": null, "wheelchair:description:de": null, "note": "(haftungsbeschränkt) im Operator scheint nach verschiedenen Internetseiten Richtig zu sein.", "cuisine": null, "diet:vegan": null, "diet:vegetarian": null, "contact:email": null, "branch": null, "short_name": null, "drink:kolle-kilimo": null, "drink:kombucha": null, "drink:sake": null, "drinking_water:refill": null, "drinking_water:refill:network": null, "payment:vpay": null, "payment:american_express": "yes", "source:name": null, "toilets": "yes", "diet:gluten_free": null, "diet:lactose_free": null, "post_office:id_check": null, "post_office:oversized_item": null, "post_office:packaging": null, "post_office:parcel_from": null, "post_office:parcel_pickup": null, "post_office:parcel_to": null, "post_office:post_bank": null, "post_office:stamps": null, "payment:visa_electron": "yes", "fair_trade": null, "reusable_packaging:accept": null, "payment:cryptocurrencies": null, "building": null, "building:levels": null, "roof:shape": null, "vending": null, "building:roof": null, "roof:colour": null, "building:colour": null, "height": null, "roof:levels": null, "roof:height": null, "drink:coffee": null, "contact:facebook": null, "delivery": null, "contact:instagram": null, "payment:netto_app": null, "landuse": null, "indoor": null, "name:ru": null, "room": null }, "geometry": { "type": "Point", "coordinates": [ 13.7259821, 51.0725755 ] } },
{ "type": "Feature", "properties": { "element": "node", "id": 10727897471, "addr:city": "Dresden", "addr:housenumber": "2f", "addr:postcode": "01097", "addr:street": "Friedensstraße", "brand": null, "brand:wikidata": null, "brand:wikipedia": null, "check_date:opening_hours": null, "level": null, "name": "VG Bio-Markt", "opening_hours": "Mo-Fr 09:00-20:00; Sa 09:00-16:00", "shop": "supermarket", "wheelchair": "yes", "internet_access": null, "internet_access:access": null, "internet_access:fee": null, "operator": null, "phone": "+49 351 81060593", "website": "https://www.vg-dresden.de/", "addr:country": "DE", "check_date": null, "email": "naturkost.frieden@vg-dresden.de", "payment:mastercard": null, "payment:visa": null, "payment:cash": null, "payment:girocard": null, "payment:maestro": null, "self_checkout": null, "ref:vatin": null, "payment:credit_cards": null, "operator:tax": null, "ref": null, "diet:halal": null, "diet:kosher": null, "lastcheck": null, "access": null, "entrance": null, "cash_withdrawal": null, "cash_withdrawal:purchase_minimum": null, "cash_withdrawal:purchase_required": null, "cash_withdrawal:type": null, "drink:bionade": null, "drink:bionade_mate": null, "drink:charitea_mate": null, "drink:club-mate": null, "drink:club-mate_icetea": null, "drink:fritz-kola": null, "drink:fritz-limo": null, "drink:fritz-mischmasch": null, "drink:kolle-kolla": null, "drink:kolle-zotrine": null, "drink:lemonaid": null, "drink:mio_mio_cola": null, "drink:mio_mio_mate": null, "drink:vita_cola": null, "organic": "only", "payment:contactless": null, "stroller": null, "start_date": null, "old_name": null, "contact:website": null, "layer": null, "toilets:wheelchair": null, "source": null, "payment:app": null, "payment:apple_pay": null, "payment:cards": null, "payment:coins": null, "payment:google_pay": null, "payment:visa_debit": null, "origin": null, "drink:charitea": null, "drink:kolle-jolle-mate": null, "drink:kolle-mate": null, "payment:debit_cards": null, "operator:wikidata": null, "drink:vita_limo": null, "contact:phone": null, "cash_withdrawal:limit": null, "post_office": null, "post_office:brand": null, "post_office:service_provider": null, "bulk_purchase": "yes", "dog": null, "air_conditioning": null, "payment:notes": null, "ref:rewe": null, "addr:suburb": null, "membership": null, "access:covid19": null, "alt_name": null, "delivery:covid19": null, "takeaway:covid19": null, "discount:students": null, "currency:EUR": null, "internet_access:password": null, "internet_access:ssid": null, "post_office:brand:wikidata": null, "post_office:brand:wikipedia": null, "ref:deutsche_post": null, "description": null, "payment:mastercard_contactless": null, "payment:sodexo": null, "payment:v_pay": null, "fax": null, "drink:club-mate_granat": null, "opening_date": null, "payment:account_cards": null, "payment:payback_app": null, "wheelchair:description:de": null, "note": null, "cuisine": null, "diet:vegan": null, "diet:vegetarian": null, "contact:email": null, "branch": null, "short_name": null, "drink:kolle-kilimo": null, "drink:kombucha": null, "drink:sake": null, "drinking_water:refill": null, "drinking_water:refill:network": null, "payment:vpay": null, "payment:american_express": null, "source:name": null, "toilets": null, "diet:gluten_free": null, "diet:lactose_free": null, "post_office:id_check": null, "post_office:oversized_item": null, "post_office:packaging": null, "post_office:parcel_from": null, "post_office:parcel_pickup": null, "post_office:parcel_to": null, "post_office:post_bank": null, "post_office:stamps": null, "payment:visa_electron": null, "fair_trade": "yes", "reusable_packaging:accept": "yes", "payment:cryptocurrencies": null, "building": null, "building:levels": null, "roof:shape": null, "vending": null, "building:roof": null, "roof:colour": null, "building:colour": null, "height": null, "roof:levels": null, "roof:height": null, "drink:coffee": null, "contact:facebook": null, "delivery": null, "contact:instagram": null, "payment:netto_app": null, "landuse": null, "indoor": null, "name:ru": null, "room": null }, "geometry": { "type": "Point", "coordinates": [ 13.741762, 51.0694072 ] } },
{ "type": "Feature", "properties": { "element": "node", "id": 11145899822, "addr:city": null, "addr:housenumber": null, "addr:postcode": null, "addr:street": null, "brand": "Netto Marken-Discount", "brand:wikidata": "Q879858", "brand:wikipedia": null, "check_date:opening_hours": null, "level": null, "name": "Netto Marken-Discount", "opening_hours": null, "shop": "supermarket", "wheelchair": null, "internet_access": null, "internet_access:access": null, "internet_access:fee": null, "operator": null, "phone": null, "website": "https://www.netto-online.de/filialen/Dresden/Leutewitzer-Ring-143/5894/", "addr:country": null, "check_date": null, "email": null, "payment:mastercard": null, "payment:visa": null, "payment:cash": null, "payment:girocard": null, "payment:maestro": null, "self_checkout": null, "ref:vatin": null, "payment:credit_cards": null, "operator:tax": null, "ref": null, "diet:halal": null, "diet:kosher": null, "lastcheck": null, "access": null, "entrance": null, "cash_withdrawal": null, "cash_withdrawal:purchase_minimum": null, "cash_withdrawal:purchase_required": null, "cash_withdrawal:type": null, "drink:bionade": null, "drink:bionade_mate": null, "drink:charitea_mate": null, "drink:club-mate": null, "drink:club-mate_icetea": null, "drink:fritz-kola": null, "drink:fritz-limo": null, "drink:fritz-mischmasch": null, "drink:kolle-kolla": null, "drink:kolle-zotrine": null, "drink:lemonaid": null, "drink:mio_mio_cola": null, "drink:mio_mio_mate": null, "drink:vita_cola": null, "organic": null, "payment:contactless": null, "stroller": null, "start_date": null, "old_name": null, "contact:website": null, "layer": null, "toilets:wheelchair": null, "source": null, "payment:app": null, "payment:apple_pay": null, "payment:cards": null, "payment:coins": null, "payment:google_pay": null, "payment:visa_debit": null, "origin": null, "drink:charitea": null, "drink:kolle-jolle-mate": null, "drink:kolle-mate": null, "payment:debit_cards": null, "operator:wikidata": null, "drink:vita_limo": null, "contact:phone": null, "cash_withdrawal:limit": null, "post_office": null, "post_office:brand": null, "post_office:service_provider": null, "bulk_purchase": null, "dog": null, "air_conditioning": null, "payment:notes": null, "ref:rewe": null, "addr:suburb": null, "membership": null, "access:covid19": null, "alt_name": null, "delivery:covid19": null, "takeaway:covid19": null, "discount:students": null, "currency:EUR": null, "internet_access:password": null, "internet_access:ssid": null, "post_office:brand:wikidata": null, "post_office:brand:wikipedia": null, "ref:deutsche_post": null, "description": null, "payment:mastercard_contactless": null, "payment:sodexo": null, "payment:v_pay": null, "fax": null, "drink:club-mate_granat": null, "opening_date": null, "payment:account_cards": null, "payment:payback_app": null, "wheelchair:description:de": null, "note": null, "cuisine": null, "diet:vegan": null, "diet:vegetarian": null, "contact:email": null, "branch": null, "short_name": null, "drink:kolle-kilimo": null, "drink:kombucha": null, "drink:sake": null, "drinking_water:refill": null, "drinking_water:refill:network": null, "payment:vpay": null, "payment:american_express": null, "source:name": null, "toilets": null, "diet:gluten_free": null, "diet:lactose_free": null, "post_office:id_check": null, "post_office:oversized_item": null, "post_office:packaging": null, "post_office:parcel_from": null, "post_office:parcel_pickup": null, "post_office:parcel_to": null, "post_office:post_bank": null, "post_office:stamps": null, "payment:visa_electron": null, "fair_trade": null, "reusable_packaging:accept": null, "payment:cryptocurrencies": null, "building": null, "building:levels": null, "roof:shape": null, "vending": null, "building:roof": null, "roof:colour": null, "building:colour": null, "height": null, "roof:levels": null, "roof:height": null, "drink:coffee": null, "contact:facebook": null, "delivery": null, "contact:instagram": null, "payment:netto_app": null, "landuse": null, "indoor": null, "name:ru": null, "room": null }, "geometry": { "type": "Point", "coordinates": [ 13.6778621, 51.0456938 ] } },
{ "type": "Feature", "properties": { "element": "node", "id": 12061908073, "addr:city": "Dresden", "addr:housenumber": "108", "addr:postcode": "01127", "addr:street": "Großenhainer Straße", "brand": "Netto Marken-Discount", "brand:wikidata": "Q879858", "brand:wikipedia": "de:Netto Marken-Discount", "check_date:opening_hours": "2021-09-04", "level": null, "name": "Netto Marken-Discount", "opening_hours": "Mo-Sa 07:00-22:00", "shop": "supermarket", "wheelchair": "yes", "internet_access": null, "internet_access:access": null, "internet_access:fee": null, "operator": null, "phone": null, "website": "https://www.netto-online.de/filialen/dresden/grossenhainer-str-108/8723", "addr:country": "DE", "check_date": null, "email": null, "payment:mastercard": null, "payment:visa": null, "payment:cash": null, "payment:girocard": null, "payment:maestro": null, "self_checkout": null, "ref:vatin": null, "payment:credit_cards": null, "operator:tax": null, "ref": null, "diet:halal": null, "diet:kosher": null, "lastcheck": null, "access": null, "entrance": null, "cash_withdrawal": null, "cash_withdrawal:purchase_minimum": null, "cash_withdrawal:purchase_required": null, "cash_withdrawal:type": null, "drink:bionade": null, "drink:bionade_mate": null, "drink:charitea_mate": null, "drink:club-mate": null, "drink:club-mate_icetea": null, "drink:fritz-kola": null, "drink:fritz-limo": null, "drink:fritz-mischmasch": null, "drink:kolle-kolla": null, "drink:kolle-zotrine": null, "drink:lemonaid": null, "drink:mio_mio_cola": null, "drink:mio_mio_mate": null, "drink:vita_cola": null, "organic": null, "payment:contactless": null, "stroller": null, "start_date": null, "old_name": null, "contact:website": null, "layer": null, "toilets:wheelchair": null, "source": null, "payment:app": null, "payment:apple_pay": null, "payment:cards": null, "payment:coins": null, "payment:google_pay": null, "payment:visa_debit": null, "origin": null, "drink:charitea": null, "drink:kolle-jolle-mate": null, "drink:kolle-mate": null, "payment:debit_cards": null, "operator:wikidata": null, "drink:vita_limo": null, "contact:phone": null, "cash_withdrawal:limit": null, "post_office": null, "post_office:brand": null, "post_office:service_provider": null, "bulk_purchase": null, "dog": null, "air_conditioning": null, "payment:notes": null, "ref:rewe": null, "addr:suburb": null, "membership": null, "access:covid19": null, "alt_name": null, "delivery:covid19": null, "takeaway:covid19": null, "discount:students": null, "currency:EUR": null, "internet_access:password": null, "internet_access:ssid": null, "post_office:brand:wikidata": null, "post_office:brand:wikipedia": null, "ref:deutsche_post": null, "description": null, "payment:mastercard_contactless": null, "payment:sodexo": null, "payment:v_pay": null, "fax": null, "drink:club-mate_granat": null, "opening_date": null, "payment:account_cards": null, "payment:payback_app": null, "wheelchair:description:de": null, "note": null, "cuisine": null, "diet:vegan": null, "diet:vegetarian": null, "contact:email": null, "branch": null, "short_name": "Netto", "drink:kolle-kilimo": null, "drink:kombucha": null, "drink:sake": null, "drinking_water:refill": null, "drinking_water:refill:network": null, "payment:vpay": null, "payment:american_express": null, "source:name": null, "toilets": null, "diet:gluten_free": null, "diet:lactose_free": null, "post_office:id_check": null, "post_office:oversized_item": null, "post_office:packaging": null, "post_office:parcel_from": null, "post_office:parcel_pickup": null, "post_office:parcel_to": null, "post_office:post_bank": null, "post_office:stamps": null, "payment:visa_electron": null, "fair_trade": null, "reusable_packaging:accept": null, "payment:cryptocurrencies": null, "building": null, "building:levels": null, "roof:shape": null, "vending": null, "building:roof": null, "roof:colour": null, "building:colour": null, "height": null, "roof:levels": null, "roof:height": null, "drink:coffee": null, "contact:facebook": null, "delivery": null, "contact:instagram": null, "payment:netto_app": null, "landuse": null, "indoor": null, "name:ru": null, "room": null }, "geometry": { "type": "Point", "coordinates": [ 13.7288515, 51.0844497 ] } },
{ "type": "Feature", "properties": { "element": "node", "id": 12187252815, "addr:city": "Dresden", "addr:housenumber": "12", "addr:postcode": null, "addr:street": "Prager Straße", "brand": null, "brand:wikidata": null, "brand:wikipedia": null, "check_date:opening_hours": null, "level": "-1", "name": "Galeria Markthalle", "opening_hours": "Mo-Sa 09:30-20:00", "shop": "supermarket", "wheelchair": "yes", "internet_access": null, "internet_access:access": null, "internet_access:fee": null, "operator": null, "phone": null, "website": null, "addr:country": null, "check_date": null, "email": null, "payment:mastercard": "yes", "payment:visa": "yes", "payment:cash": "yes", "payment:girocard": null, "payment:maestro": "yes", "self_checkout": null, "ref:vatin": null, "payment:credit_cards": "yes", "operator:tax": null, "ref": null, "diet:halal": null, "diet:kosher": null, "lastcheck": null, "access": null, "entrance": null, "cash_withdrawal": null, "cash_withdrawal:purchase_minimum": null, "cash_withdrawal:purchase_required": null, "cash_withdrawal:type": null, "drink:bionade": null, "drink:bionade_mate": null, "drink:charitea_mate": null, "drink:club-mate": null, "drink:club-mate_icetea": null, "drink:fritz-kola": null, "drink:fritz-limo": null, "drink:fritz-mischmasch": null, "drink:kolle-kolla": null, "drink:kolle-zotrine": null, "drink:lemonaid": null, "drink:mio_mio_cola": null, "drink:mio_mio_mate": null, "drink:vita_cola": null, "organic": "yes", "payment:contactless": "yes", "stroller": "yes", "start_date": null, "old_name": null, "contact:website": null, "layer": null, "toilets:wheelchair": null, "source": null, "payment:app": null, "payment:apple_pay": "yes", "payment:cards": "yes", "payment:coins": "yes", "payment:google_pay": "yes", "payment:visa_debit": null, "origin": null, "drink:charitea": null, "drink:kolle-jolle-mate": null, "drink:kolle-mate": null, "payment:debit_cards": "yes", "operator:wikidata": null, "drink:vita_limo": null, "contact:phone": null, "cash_withdrawal:limit": null, "post_office": null, "post_office:brand": null, "post_office:service_provider": null, "bulk_purchase": null, "dog": null, "air_conditioning": "yes", "payment:notes": "yes", "ref:rewe": null, "addr:suburb": null, "membership": null, "access:covid19": null, "alt_name": null, "delivery:covid19": null, "takeaway:covid19": null, "discount:students": null, "currency:EUR": "yes", "internet_access:password": null, "internet_access:ssid": null, "post_office:brand:wikidata": null, "post_office:brand:wikipedia": null, "ref:deutsche_post": null, "description": null, "payment:mastercard_contactless": "yes", "payment:sodexo": null, "payment:v_pay": "yes", "fax": null, "drink:club-mate_granat": null, "opening_date": null, "payment:account_cards": null, "payment:payback_app": null, "wheelchair:description:de": null, "note": null, "cuisine": null, "diet:vegan": "yes", "diet:vegetarian": "yes", "contact:email": null, "branch": null, "short_name": null, "drink:kolle-kilimo": null, "drink:kombucha": null, "drink:sake": null, "drinking_water:refill": null, "drinking_water:refill:network": null, "payment:vpay": null, "payment:american_express": null, "source:name": null, "toilets": "yes", "diet:gluten_free": "yes", "diet:lactose_free": "yes", "post_office:id_check": null, "post_office:oversized_item": null, "post_office:packaging": null, "post_office:parcel_from": null, "post_office:parcel_pickup": null, "post_office:parcel_to": null, "post_office:post_bank": null, "post_office:stamps": null, "payment:visa_electron": null, "fair_trade": null, "reusable_packaging:accept": null, "payment:cryptocurrencies": "no", "building": null, "building:levels": null, "roof:shape": null, "vending": null, "building:roof": null, "roof:colour": null, "building:colour": null, "height": null, "roof:levels": null, "roof:height": null, "drink:coffee": null, "contact:facebook": null, "delivery": null, "contact:instagram": null, "payment:netto_app": null, "landuse": null, "indoor": null, "name:ru": null, "room": null }, "geometry": { "type": "Point", "coordinates": [ 13.7372869, 51.0463871 ] } },
{ "type": "Feature", "properties": { "element": "node", "id": 12345657806, "addr:city": null, "addr:housenumber": null, "addr:postcode": null, "addr:street": null, "brand": "EDEKA", "brand:wikidata": "Q701755", "brand:wikipedia": null, "check_date:opening_hours": null, "level": null, "name": "nah und gut", "opening_hours": "Mo-Sa 07:00-20:00", "shop": "supermarket", "wheelchair": null, "internet_access": null, "internet_access:access": null, "internet_access:fee": null, "operator": null, "phone": null, "website": null, "addr:country": null, "check_date": "2024-11-16", "email": null, "payment:mastercard": null, "payment:visa": null, "payment:cash": null, "payment:girocard": null, "payment:maestro": null, "self_checkout": null, "ref:vatin": null, "payment:credit_cards": null, "operator:tax": null, "ref": null, "diet:halal": null, "diet:kosher": null, "lastcheck": null, "access": null, "entrance": null, "cash_withdrawal": null, "cash_withdrawal:purchase_minimum": null, "cash_withdrawal:purchase_required": null, "cash_withdrawal:type": null, "drink:bionade": null, "drink:bionade_mate": null, "drink:charitea_mate": null, "drink:club-mate": null, "drink:club-mate_icetea": null, "drink:fritz-kola": null, "drink:fritz-limo": null, "drink:fritz-mischmasch": null, "drink:kolle-kolla": null, "drink:kolle-zotrine": null, "drink:lemonaid": null, "drink:mio_mio_cola": null, "drink:mio_mio_mate": null, "drink:vita_cola": null, "organic": null, "payment:contactless": null, "stroller": null, "start_date": null, "old_name": null, "contact:website": null, "layer": null, "toilets:wheelchair": null, "source": null, "payment:app": null, "payment:apple_pay": null, "payment:cards": null, "payment:coins": null, "payment:google_pay": null, "payment:visa_debit": null, "origin": null, "drink:charitea": null, "drink:kolle-jolle-mate": null, "drink:kolle-mate": null, "payment:debit_cards": null, "operator:wikidata": null, "drink:vita_limo": null, "contact:phone": null, "cash_withdrawal:limit": null, "post_office": null, "post_office:brand": null, "post_office:service_provider": null, "bulk_purchase": null, "dog": null, "air_conditioning": null, "payment:notes": null, "ref:rewe": null, "addr:suburb": null, "membership": null, "access:covid19": null, "alt_name": null, "delivery:covid19": null, "takeaway:covid19": null, "discount:students": null, "currency:EUR": null, "internet_access:password": null, "internet_access:ssid": null, "post_office:brand:wikidata": null, "post_office:brand:wikipedia": null, "ref:deutsche_post": null, "description": null, "payment:mastercard_contactless": null, "payment:sodexo": null, "payment:v_pay": null, "fax": null, "drink:club-mate_granat": null, "opening_date": null, "payment:account_cards": null, "payment:payback_app": null, "wheelchair:description:de": null, "note": null, "cuisine": null, "diet:vegan": null, "diet:vegetarian": null, "contact:email": null, "branch": null, "short_name": null, "drink:kolle-kilimo": null, "drink:kombucha": null, "drink:sake": null, "drinking_water:refill": null, "drinking_water:refill:network": null, "payment:vpay": null, "payment:american_express": null, "source:name": null, "toilets": null, "diet:gluten_free": null, "diet:lactose_free": null, "post_office:id_check": null, "post_office:oversized_item": null, "post_office:packaging": null, "post_office:parcel_from": null, "post_office:parcel_pickup": null, "post_office:parcel_to": null, "post_office:post_bank": null, "post_office:stamps": null, "payment:visa_electron": null, "fair_trade": null, "reusable_packaging:accept": null, "payment:cryptocurrencies": null, "building": null, "building:levels": null, "roof:shape": null, "vending": null, "building:roof": null, "roof:colour": null, "building:colour": null, "height": null, "roof:levels": null, "roof:height": null, "drink:coffee": null, "contact:facebook": null, "delivery": null, "contact:instagram": null, "payment:netto_app": null, "landuse": null, "indoor": null, "name:ru": null, "room": null }, "geometry": { "type": "Point", "coordinates": [ 13.7315288, 51.0390674 ] } },
{ "type": "Feature", "properties": { "element": "node", "id": 12457243931, "addr:city": "Dresden", "addr:housenumber": "246", "addr:postcode": "01239", "addr:street": "Dohnaer Straße", "brand": "Kaufland", "brand:wikidata": "Q685967", "brand:wikipedia": null, "check_date:opening_hours": null, "level": null, "name": "Kaufland", "opening_hours": null, "shop": "supermarket", "wheelchair": null, "internet_access": null, "internet_access:access": null, "internet_access:fee": null, "operator": null, "phone": null, "website": null, "addr:country": null, "check_date": null, "email": null, "payment:mastercard": null, "payment:visa": null, "payment:cash": null, "payment:girocard": null, "payment:maestro": null, "self_checkout": null, "ref:vatin": null, "payment:credit_cards": null, "operator:tax": null, "ref": null, "diet:halal": null, "diet:kosher": null, "lastcheck": null, "access": null, "entrance": null, "cash_withdrawal": null, "cash_withdrawal:purchase_minimum": null, "cash_withdrawal:purchase_required": null, "cash_withdrawal:type": null, "drink:bionade": null, "drink:bionade_mate": null, "drink:charitea_mate": null, "drink:club-mate": null, "drink:club-mate_icetea": null, "drink:fritz-kola": null, "drink:fritz-limo": null, "drink:fritz-mischmasch": null, "drink:kolle-kolla": null, "drink:kolle-zotrine": null, "drink:lemonaid": null, "drink:mio_mio_cola": null, "drink:mio_mio_mate": null, "drink:vita_cola": null, "organic": null, "payment:contactless": null, "stroller": null, "start_date": null, "old_name": null, "contact:website": null, "layer": null, "toilets:wheelchair": null, "source": null, "payment:app": null, "payment:apple_pay": null, "payment:cards": null, "payment:coins": null, "payment:google_pay": null, "payment:visa_debit": null, "origin": null, "drink:charitea": null, "drink:kolle-jolle-mate": null, "drink:kolle-mate": null, "payment:debit_cards": null, "operator:wikidata": null, "drink:vita_limo": null, "contact:phone": null, "cash_withdrawal:limit": null, "post_office": null, "post_office:brand": null, "post_office:service_provider": null, "bulk_purchase": null, "dog": null, "air_conditioning": null, "payment:notes": null, "ref:rewe": null, "addr:suburb": null, "membership": null, "access:covid19": null, "alt_name": null, "delivery:covid19": null, "takeaway:covid19": null, "discount:students": null, "currency:EUR": null, "internet_access:password": null, "internet_access:ssid": null, "post_office:brand:wikidata": null, "post_office:brand:wikipedia": null, "ref:deutsche_post": null, "description": null, "payment:mastercard_contactless": null, "payment:sodexo": null, "payment:v_pay": null, "fax": null, "drink:club-mate_granat": null, "opening_date": null, "payment:account_cards": null, "payment:payback_app": null, "wheelchair:description:de": null, "note": null, "cuisine": null, "diet:vegan": null, "diet:vegetarian": null, "contact:email": null, "branch": null, "short_name": null, "drink:kolle-kilimo": null, "drink:kombucha": null, "drink:sake": null, "drinking_water:refill": null, "drinking_water:refill:network": null, "payment:vpay": null, "payment:american_express": null, "source:name": null, "toilets": null, "diet:gluten_free": null, "diet:lactose_free": null, "post_office:id_check": null, "post_office:oversized_item": null, "post_office:packaging": null, "post_office:parcel_from": null, "post_office:parcel_pickup": null, "post_office:parcel_to": null, "post_office:post_bank": null, "post_office:stamps": null, "payment:visa_electron": null, "fair_trade": null, "reusable_packaging:accept": null, "payment:cryptocurrencies": null, "building": null, "building:levels": null, "roof:shape": null, "vending": null, "building:roof": null, "roof:colour": null, "building:colour": null, "height": null, "roof:levels": null, "roof:height": null, "drink:coffee": null, "contact:facebook": null, "delivery": null, "contact:instagram": null, "payment:netto_app": null, "landuse": null, "indoor": null, "name:ru": null, "room": null }, "geometry": { "type": "Point", "coordinates": [ 13.8005577, 50.9949353 ] } },
{ "type": "Feature", "properties": { "element": "way", "id": 5200951, "addr:city": "Dresden", "addr:housenumber": "46", "addr:postcode": "01189", "addr:street": "Karlsruher Straße", "brand": "Netto Marken-Discount", "brand:wikidata": "Q879858", "brand:wikipedia": "de:Netto Marken-Discount", "check_date:opening_hours": "2022-05-22", "level": null, "name": "Netto Marken-Discount", "opening_hours": "Mo-Sa 07:00-21:00", "shop": "supermarket", "wheelchair": "limited", "internet_access": null, "internet_access:access": null, "internet_access:fee": null, "operator": null, "phone": null, "website": "https://www.netto-online.de/filialen/Dresden-Coschuetz/Karlsruher-Str-46/4791/", "addr:country": "DE", "check_date": null, "email": null, "payment:mastercard": null, "payment:visa": null, "payment:cash": null, "payment:girocard": null, "payment:maestro": null, "self_checkout": null, "ref:vatin": null, "payment:credit_cards": null, "operator:tax": null, "ref": null, "diet:halal": null, "diet:kosher": null, "lastcheck": null, "access": null, "entrance": null, "cash_withdrawal": null, "cash_withdrawal:purchase_minimum": null, "cash_withdrawal:purchase_required": null, "cash_withdrawal:type": null, "drink:bionade": null, "drink:bionade_mate": null, "drink:charitea_mate": null, "drink:club-mate": null, "drink:club-mate_icetea": null, "drink:fritz-kola": null, "drink:fritz-limo": null, "drink:fritz-mischmasch": null, "drink:kolle-kolla": null, "drink:kolle-zotrine": null, "drink:lemonaid": null, "drink:mio_mio_cola": null, "drink:mio_mio_mate": null, "drink:vita_cola": null, "organic": null, "payment:contactless": null, "stroller": null, "start_date": null, "old_name": null, "contact:website": null, "layer": null, "toilets:wheelchair": null, "source": null, "payment:app": null, "payment:apple_pay": null, "payment:cards": null, "payment:coins": null, "payment:google_pay": null, "payment:visa_debit": null, "origin": null, "drink:charitea": null, "drink:kolle-jolle-mate": null, "drink:kolle-mate": null, "payment:debit_cards": null, "operator:wikidata": null, "drink:vita_limo": null, "contact:phone": null, "cash_withdrawal:limit": null, "post_office": null, "post_office:brand": null, "post_office:service_provider": null, "bulk_purchase": null, "dog": null, "air_conditioning": null, "payment:notes": null, "ref:rewe": null, "addr:suburb": null, "membership": null, "access:covid19": null, "alt_name": null, "delivery:covid19": null, "takeaway:covid19": null, "discount:students": null, "currency:EUR": null, "internet_access:password": null, "internet_access:ssid": null, "post_office:brand:wikidata": null, "post_office:brand:wikipedia": null, "ref:deutsche_post": null, "description": null, "payment:mastercard_contactless": null, "payment:sodexo": null, "payment:v_pay": null, "fax": null, "drink:club-mate_granat": null, "opening_date": null, "payment:account_cards": null, "payment:payback_app": null, "wheelchair:description:de": null, "note": null, "cuisine": null, "diet:vegan": null, "diet:vegetarian": null, "contact:email": null, "branch": null, "short_name": null, "drink:kolle-kilimo": null, "drink:kombucha": null, "drink:sake": null, "drinking_water:refill": null, "drinking_water:refill:network": null, "payment:vpay": null, "payment:american_express": null, "source:name": null, "toilets": null, "diet:gluten_free": null, "diet:lactose_free": null, "post_office:id_check": null, "post_office:oversized_item": null, "post_office:packaging": null, "post_office:parcel_from": null, "post_office:parcel_pickup": null, "post_office:parcel_to": null, "post_office:post_bank": null, "post_office:stamps": null, "payment:visa_electron": null, "fair_trade": null, "reusable_packaging:accept": null, "payment:cryptocurrencies": null, "building": "retail", "building:levels": "1", "roof:shape": "many", "vending": null, "building:roof": null, "roof:colour": null, "building:colour": null, "height": null, "roof:levels": null, "roof:height": null, "drink:coffee": null, "contact:facebook": null, "delivery": null, "contact:instagram": null, "payment:netto_app": null, "landuse": null, "indoor": null, "name:ru": null, "room": null }, "geometry": { "type": "Polygon", "coordinates": [ [ [ 13.6984239, 51.015638 ], [ 13.6983949, 51.0156395 ], [ 13.6983645, 51.0153868 ], [ 13.6983599, 51.0153481 ], [ 13.698464, 51.0152718 ], [ 13.6983381, 51.0152045 ], [ 13.6982411, 51.0152819 ], [ 13.6980731, 51.0152915 ], [ 13.6981352, 51.0158085 ], [ 13.698193, 51.0158051 ], [ 13.6981905, 51.0157798 ], [ 13.698188, 51.0157604 ], [ 13.6984382, 51.0157474 ], [ 13.6984239, 51.015638 ] ] ] } },
{ "type": "Feature", "properties": { "element": "way", "id": 11171920, "addr:city": "Dresden", "addr:housenumber": "4", "addr:postcode": null, "addr:street": "Cämmerswalder Straße", "brand": "Netto Marken-Discount", "brand:wikidata": "Q879858", "brand:wikipedia": "de:Netto Marken-Discount", "check_date:opening_hours": "2024-12-23", "level": null, "name": "Netto Marken-Discount", "opening_hours": "Mo-Sa 07:00-20:00", "shop": "supermarket", "wheelchair": "yes", "internet_access": null, "internet_access:access": null, "internet_access:fee": null, "operator": null, "phone": null, "website": "https://www.netto-online.de/filialen/Dresden/Caemmerswalder-Str-4/4751/", "addr:country": "DE", "check_date": null, "email": null, "payment:mastercard": null, "payment:visa": null, "payment:cash": null, "payment:girocard": null, "payment:maestro": null, "self_checkout": null, "ref:vatin": null, "payment:credit_cards": null, "operator:tax": null, "ref": null, "diet:halal": null, "diet:kosher": null, "lastcheck": null, "access": null, "entrance": null, "cash_withdrawal": null, "cash_withdrawal:purchase_minimum": null, "cash_withdrawal:purchase_required": null, "cash_withdrawal:type": null, "drink:bionade": null, "drink:bionade_mate": null, "drink:charitea_mate": null, "drink:club-mate": null, "drink:club-mate_icetea": null, "drink:fritz-kola": null, "drink:fritz-limo": null, "drink:fritz-mischmasch": null, "drink:kolle-kolla": null, "drink:kolle-zotrine": null, "drink:lemonaid": null, "drink:mio_mio_cola": null, "drink:mio_mio_mate": null, "drink:vita_cola": null, "organic": null, "payment:contactless": null, "stroller": null, "start_date": null, "old_name": null, "contact:website": null, "layer": null, "toilets:wheelchair": null, "source": null, "payment:app": null, "payment:apple_pay": null, "payment:cards": null, "payment:coins": null, "payment:google_pay": null, "payment:visa_debit": null, "origin": null, "drink:charitea": null, "drink:kolle-jolle-mate": null, "drink:kolle-mate": null, "payment:debit_cards": null, "operator:wikidata": null, "drink:vita_limo": null, "contact:phone": null, "cash_withdrawal:limit": null, "post_office": null, "post_office:brand": null, "post_office:service_provider": null, "bulk_purchase": null, "dog": null, "air_conditioning": null, "payment:notes": null, "ref:rewe": null, "addr:suburb": null, "membership": null, "access:covid19": null, "alt_name": null, "delivery:covid19": null, "takeaway:covid19": null, "discount:students": null, "currency:EUR": null, "internet_access:password": null, "internet_access:ssid": null, "post_office:brand:wikidata": null, "post_office:brand:wikipedia": null, "ref:deutsche_post": null, "description": null, "payment:mastercard_contactless": null, "payment:sodexo": null, "payment:v_pay": null, "fax": null, "drink:club-mate_granat": null, "opening_date": null, "payment:account_cards": null, "payment:payback_app": null, "wheelchair:description:de": null, "note": null, "cuisine": null, "diet:vegan": null, "diet:vegetarian": null, "contact:email": null, "branch": null, "short_name": null, "drink:kolle-kilimo": null, "drink:kombucha": null, "drink:sake": null, "drinking_water:refill": null, "drinking_water:refill:network": null, "payment:vpay": null, "payment:american_express": null, "source:name": null, "toilets": null, "diet:gluten_free": null, "diet:lactose_free": null, "post_office:id_check": null, "post_office:oversized_item": null, "post_office:packaging": null, "post_office:parcel_from": null, "post_office:parcel_pickup": null, "post_office:parcel_to": null, "post_office:post_bank": null, "post_office:stamps": null, "payment:visa_electron": null, "fair_trade": null, "reusable_packaging:accept": null, "payment:cryptocurrencies": null, "building": "retail", "building:levels": null, "roof:shape": "flat", "vending": null, "building:roof": null, "roof:colour": null, "building:colour": null, "height": null, "roof:levels": null, "roof:height": null, "drink:coffee": null, "contact:facebook": null, "delivery": null, "contact:instagram": null, "payment:netto_app": null, "landuse": null, "indoor": null, "name:ru": null, "room": null }, "geometry": { "type": "Polygon", "coordinates": [ [ [ 13.71875, 51.0194804 ], [ 13.7194298, 51.0195434 ], [ 13.7194915, 51.0192801 ], [ 13.7193028, 51.0192626 ], [ 13.7192895, 51.0193194 ], [ 13.7188553, 51.0192792 ], [ 13.7188145, 51.019453 ], [ 13.7187577, 51.0194477 ], [ 13.71875, 51.0194804 ] ] ] } },
{ "type": "Feature", "properties": { "element": "way", "id": 11272971, "addr:city": "Dresden", "addr:housenumber": "183a", "addr:postcode": "01257", "addr:street": "Pirnaer Landstraße", "brand": "Lidl", "brand:wikidata": "Q151954", "brand:wikipedia": null, "check_date:opening_hours": "2024-04-21", "level": null, "name": "Lidl", "opening_hours": "Mo-Sa 07:00-21:00", "shop": "supermarket", "wheelchair": "yes", "internet_access": null, "internet_access:access": null, "internet_access:fee": null, "operator": null, "phone": null, "website": null, "addr:country": "DE", "check_date": null, "email": null, "payment:mastercard": null, "payment:visa": null, "payment:cash": null, "payment:girocard": null, "payment:maestro": null, "self_checkout": null, "ref:vatin": null, "payment:credit_cards": null, "operator:tax": null, "ref": null, "diet:halal": null, "diet:kosher": null, "lastcheck": null, "access": null, "entrance": null, "cash_withdrawal": null, "cash_withdrawal:purchase_minimum": null, "cash_withdrawal:purchase_required": null, "cash_withdrawal:type": null, "drink:bionade": null, "drink:bionade_mate": null, "drink:charitea_mate": null, "drink:club-mate": null, "drink:club-mate_icetea": null, "drink:fritz-kola": null, "drink:fritz-limo": null, "drink:fritz-mischmasch": null, "drink:kolle-kolla": null, "drink:kolle-zotrine": null, "drink:lemonaid": null, "drink:mio_mio_cola": null, "drink:mio_mio_mate": null, "drink:vita_cola": null, "organic": null, "payment:contactless": null, "stroller": null, "start_date": null, "old_name": null, "contact:website": null, "layer": null, "toilets:wheelchair": null, "source": null, "payment:app": null, "payment:apple_pay": null, "payment:cards": null, "payment:coins": null, "payment:google_pay": null, "payment:visa_debit": null, "origin": null, "drink:charitea": null, "drink:kolle-jolle-mate": null, "drink:kolle-mate": null, "payment:debit_cards": null, "operator:wikidata": null, "drink:vita_limo": null, "contact:phone": null, "cash_withdrawal:limit": null, "post_office": null, "post_office:brand": null, "post_office:service_provider": null, "bulk_purchase": null, "dog": null, "air_conditioning": null, "payment:notes": null, "ref:rewe": null, "addr:suburb": null, "membership": null, "access:covid19": null, "alt_name": null, "delivery:covid19": null, "takeaway:covid19": null, "discount:students": null, "currency:EUR": null, "internet_access:password": null, "internet_access:ssid": null, "post_office:brand:wikidata": null, "post_office:brand:wikipedia": null, "ref:deutsche_post": null, "description": null, "payment:mastercard_contactless": null, "payment:sodexo": null, "payment:v_pay": null, "fax": null, "drink:club-mate_granat": null, "opening_date": null, "payment:account_cards": null, "payment:payback_app": null, "wheelchair:description:de": null, "note": null, "cuisine": null, "diet:vegan": null, "diet:vegetarian": null, "contact:email": null, "branch": null, "short_name": null, "drink:kolle-kilimo": null, "drink:kombucha": null, "drink:sake": null, "drinking_water:refill": null, "drinking_water:refill:network": null, "payment:vpay": null, "payment:american_express": null, "source:name": null, "toilets": null, "diet:gluten_free": null, "diet:lactose_free": null, "post_office:id_check": null, "post_office:oversized_item": null, "post_office:packaging": null, "post_office:parcel_from": null, "post_office:parcel_pickup": null, "post_office:parcel_to": null, "post_office:post_bank": null, "post_office:stamps": null, "payment:visa_electron": null, "fair_trade": null, "reusable_packaging:accept": null, "payment:cryptocurrencies": null, "building": "retail", "building:levels": "1", "roof:shape": null, "vending": null, "building:roof": null, "roof:colour": null, "building:colour": null, "height": null, "roof:levels": null, "roof:height": null, "drink:coffee": null, "contact:facebook": null, "delivery": null, "contact:instagram": null, "payment:netto_app": null, "landuse": null, "indoor": null, "name:ru": null, "room": null }, "geometry": { "type": "Polygon", "coordinates": [ [ [ 13.835298, 51.0084886 ], [ 13.835498, 51.0086733 ], [ 13.8356692, 51.0085999 ], [ 13.8357129, 51.0086403 ], [ 13.8357848, 51.0086095 ], [ 13.8357558, 51.0085828 ], [ 13.8357453, 51.008573 ], [ 13.8361529, 51.0083984 ], [ 13.8359126, 51.0081763 ], [ 13.8354637, 51.0083686 ], [ 13.8354522, 51.0083631 ], [ 13.8353219, 51.0084191 ], [ 13.8353658, 51.0084596 ], [ 13.835298, 51.0084886 ] ] ] } },
{ "type": "Feature", "properties": { "element": "way", "id": 22989671, "addr:city": "Dresden", "addr:housenumber": "46", "addr:postcode": null, "addr:street": "Schnorrstraße", "brand": "Netto Marken-Discount", "brand:wikidata": "Q879858", "brand:wikipedia": "de:Netto Marken-Discount", "check_date:opening_hours": "2024-01-21", "level": null, "name": "Netto Marken-Discount", "opening_hours": "Mo-Sa 07:00-22:00", "shop": "supermarket", "wheelchair": "yes", "internet_access": null, "internet_access:access": null, "internet_access:fee": null, "operator": null, "phone": null, "website": "https://www.netto-online.de/filialen/Dresden/Schnorrstr-46/4916/", "addr:country": "DE", "check_date": "2023-05-28", "email": null, "payment:mastercard": null, "payment:visa": null, "payment:cash": null, "payment:girocard": null, "payment:maestro": null, "self_checkout": "yes", "ref:vatin": null, "payment:credit_cards": null, "operator:tax": null, "ref": null, "diet:halal": null, "diet:kosher": null, "lastcheck": null, "access": null, "entrance": null, "cash_withdrawal": null, "cash_withdrawal:purchase_minimum": null, "cash_withdrawal:purchase_required": null, "cash_withdrawal:type": null, "drink:bionade": null, "drink:bionade_mate": null, "drink:charitea_mate": null, "drink:club-mate": null, "drink:club-mate_icetea": null, "drink:fritz-kola": null, "drink:fritz-limo": null, "drink:fritz-mischmasch": null, "drink:kolle-kolla": null, "drink:kolle-zotrine": null, "drink:lemonaid": null, "drink:mio_mio_cola": null, "drink:mio_mio_mate": null, "drink:vita_cola": null, "organic": null, "payment:contactless": null, "stroller": null, "start_date": null, "old_name": null, "contact:website": null, "layer": null, "toilets:wheelchair": null, "source": null, "payment:app": null, "payment:apple_pay": null, "payment:cards": null, "payment:coins": null, "payment:google_pay": null, "payment:visa_debit": null, "origin": null, "drink:charitea": null, "drink:kolle-jolle-mate": null, "drink:kolle-mate": null, "payment:debit_cards": null, "operator:wikidata": null, "drink:vita_limo": null, "contact:phone": null, "cash_withdrawal:limit": null, "post_office": null, "post_office:brand": null, "post_office:service_provider": null, "bulk_purchase": null, "dog": null, "air_conditioning": null, "payment:notes": null, "ref:rewe": null, "addr:suburb": null, "membership": null, "access:covid19": null, "alt_name": null, "delivery:covid19": null, "takeaway:covid19": null, "discount:students": null, "currency:EUR": null, "internet_access:password": null, "internet_access:ssid": null, "post_office:brand:wikidata": null, "post_office:brand:wikipedia": null, "ref:deutsche_post": null, "description": null, "payment:mastercard_contactless": null, "payment:sodexo": null, "payment:v_pay": null, "fax": null, "drink:club-mate_granat": null, "opening_date": null, "payment:account_cards": null, "payment:payback_app": null, "wheelchair:description:de": null, "note": null, "cuisine": null, "diet:vegan": null, "diet:vegetarian": null, "contact:email": null, "branch": null, "short_name": null, "drink:kolle-kilimo": null, "drink:kombucha": null, "drink:sake": null, "drinking_water:refill": null, "drinking_water:refill:network": null, "payment:vpay": null, "payment:american_express": null, "source:name": null, "toilets": null, "diet:gluten_free": null, "diet:lactose_free": null, "post_office:id_check": null, "post_office:oversized_item": null, "post_office:packaging": null, "post_office:parcel_from": null, "post_office:parcel_pickup": null, "post_office:parcel_to": null, "post_office:post_bank": null, "post_office:stamps": null, "payment:visa_electron": null, "fair_trade": null, "reusable_packaging:accept": null, "payment:cryptocurrencies": null, "building": "retail", "building:levels": "1", "roof:shape": "flat", "vending": "bottle_return", "building:roof": null, "roof:colour": null, "building:colour": null, "height": null, "roof:levels": null, "roof:height": null, "drink:coffee": null, "contact:facebook": null, "delivery": null, "contact:instagram": null, "payment:netto_app": null, "landuse": null, "indoor": null, "name:ru": null, "room": null }, "geometry": { "type": "Polygon", "coordinates": [ [ [ 13.7350207, 51.0345784 ], [ 13.7351461, 51.034847 ], [ 13.7352332, 51.0348309 ], [ 13.7353031, 51.0349806 ], [ 13.7353134, 51.0350026 ], [ 13.73489, 51.0350808 ], [ 13.7346652, 51.0345992 ], [ 13.7348182, 51.034571 ], [ 13.7348375, 51.0346122 ], [ 13.7350207, 51.0345784 ] ] ] } },
{ "type": "Feature", "properties": { "element": "way", "id": 22992229, "addr:city": "Dresden", "addr:housenumber": "5", "addr:postcode": "01069", "addr:street": "Uhlandstraße", "brand": "Aldi", "brand:wikidata": "Q125054", "brand:wikipedia": "en:Aldi", "check_date:opening_hours": "2022-06-27", "level": null, "name": "Aldi", "opening_hours": "Mo-Sa 07:00-20:00", "shop": "supermarket", "wheelchair": "yes", "internet_access": null, "internet_access:access": null, "internet_access:fee": null, "operator": "ALDI GmbH & Co. KG", "phone": null, "website": null, "addr:country": "DE", "check_date": null, "email": null, "payment:mastercard": null, "payment:visa": null, "payment:cash": null, "payment:girocard": null, "payment:maestro": null, "self_checkout": null, "ref:vatin": null, "payment:credit_cards": null, "operator:tax": null, "ref": null, "diet:halal": null, "diet:kosher": null, "lastcheck": null, "access": null, "entrance": null, "cash_withdrawal": null, "cash_withdrawal:purchase_minimum": null, "cash_withdrawal:purchase_required": null, "cash_withdrawal:type": null, "drink:bionade": null, "drink:bionade_mate": null, "drink:charitea_mate": null, "drink:club-mate": null, "drink:club-mate_icetea": null, "drink:fritz-kola": null, "drink:fritz-limo": null, "drink:fritz-mischmasch": null, "drink:kolle-kolla": null, "drink:kolle-zotrine": null, "drink:lemonaid": null, "drink:mio_mio_cola": null, "drink:mio_mio_mate": null, "drink:vita_cola": null, "organic": null, "payment:contactless": null, "stroller": null, "start_date": null, "old_name": null, "contact:website": null, "layer": null, "toilets:wheelchair": null, "source": null, "payment:app": null, "payment:apple_pay": null, "payment:cards": null, "payment:coins": null, "payment:google_pay": null, "payment:visa_debit": null, "origin": null, "drink:charitea": null, "drink:kolle-jolle-mate": null, "drink:kolle-mate": null, "payment:debit_cards": null, "operator:wikidata": null, "drink:vita_limo": null, "contact:phone": null, "cash_withdrawal:limit": null, "post_office": null, "post_office:brand": null, "post_office:service_provider": null, "bulk_purchase": null, "dog": null, "air_conditioning": null, "payment:notes": null, "ref:rewe": null, "addr:suburb": null, "membership": null, "access:covid19": null, "alt_name": null, "delivery:covid19": null, "takeaway:covid19": null, "discount:students": null, "currency:EUR": null, "internet_access:password": null, "internet_access:ssid": null, "post_office:brand:wikidata": null, "post_office:brand:wikipedia": null, "ref:deutsche_post": null, "description": null, "payment:mastercard_contactless": null, "payment:sodexo": null, "payment:v_pay": null, "fax": null, "drink:club-mate_granat": null, "opening_date": null, "payment:account_cards": null, "payment:payback_app": null, "wheelchair:description:de": null, "note": null, "cuisine": null, "diet:vegan": null, "diet:vegetarian": null, "contact:email": null, "branch": null, "short_name": null, "drink:kolle-kilimo": null, "drink:kombucha": null, "drink:sake": null, "drinking_water:refill": null, "drinking_water:refill:network": null, "payment:vpay": null, "payment:american_express": null, "source:name": null, "toilets": null, "diet:gluten_free": null, "diet:lactose_free": null, "post_office:id_check": null, "post_office:oversized_item": null, "post_office:packaging": null, "post_office:parcel_from": null, "post_office:parcel_pickup": null, "post_office:parcel_to": null, "post_office:post_bank": null, "post_office:stamps": null, "payment:visa_electron": null, "fair_trade": null, "reusable_packaging:accept": null, "payment:cryptocurrencies": null, "building": "retail", "building:levels": "1", "roof:shape": null, "vending": null, "building:roof": "flat", "roof:colour": "#6B6C5A", "building:colour": null, "height": null, "roof:levels": null, "roof:height": null, "drink:coffee": null, "contact:facebook": null, "delivery": null, "contact:instagram": null, "payment:netto_app": null, "landuse": null, "indoor": null, "name:ru": null, "room": null }, "geometry": { "type": "Polygon", "coordinates": [ [ [ 13.7398103, 51.0362831 ], [ 13.740405, 51.0361632 ], [ 13.7402734, 51.0359054 ], [ 13.7401974, 51.0359207 ], [ 13.7402059, 51.0359374 ], [ 13.740222, 51.0359689 ], [ 13.7397034, 51.0360736 ], [ 13.7398103, 51.0362831 ] ] ] } },
{ "type": "Feature", "properties": { "element": "way", "id": 23003455, "addr:city": "Dresden", "addr:housenumber": "8", "addr:postcode": "01069", "addr:street": "Lindengasse", "brand": "Netto", "brand:wikidata": "Q552652", "brand:wikipedia": "da:Netto (supermarkedskæde)", "check_date:opening_hours": null, "level": null, "name": "Netto", "opening_hours": "Mo-Sa 08:00-20:00", "shop": "supermarket", "wheelchair": "yes", "internet_access": null, "internet_access:access": null, "internet_access:fee": null, "operator": "Netto ApS & Co. KG, Preetzer Str. 22, 17153 Reuterstadt Stavenhagen", "phone": null, "website": "https://www.netto.de/", "addr:country": "DE", "check_date": "2024-08-23", "email": null, "payment:mastercard": null, "payment:visa": null, "payment:cash": null, "payment:girocard": null, "payment:maestro": null, "self_checkout": null, "ref:vatin": null, "payment:credit_cards": null, "operator:tax": null, "ref": null, "diet:halal": null, "diet:kosher": null, "lastcheck": null, "access": null, "entrance": null, "cash_withdrawal": null, "cash_withdrawal:purchase_minimum": null, "cash_withdrawal:purchase_required": null, "cash_withdrawal:type": null, "drink:bionade": null, "drink:bionade_mate": null, "drink:charitea_mate": null, "drink:club-mate": null, "drink:club-mate_icetea": null, "drink:fritz-kola": null, "drink:fritz-limo": null, "drink:fritz-mischmasch": null, "drink:kolle-kolla": null, "drink:kolle-zotrine": null, "drink:lemonaid": null, "drink:mio_mio_cola": null, "drink:mio_mio_mate": null, "drink:vita_cola": null, "organic": null, "payment:contactless": null, "stroller": null, "start_date": null, "old_name": null, "contact:website": null, "layer": null, "toilets:wheelchair": null, "source": null, "payment:app": null, "payment:apple_pay": null, "payment:cards": null, "payment:coins": null, "payment:google_pay": null, "payment:visa_debit": null, "origin": null, "drink:charitea": null, "drink:kolle-jolle-mate": null, "drink:kolle-mate": null, "payment:debit_cards": null, "operator:wikidata": null, "drink:vita_limo": null, "contact:phone": null, "cash_withdrawal:limit": null, "post_office": null, "post_office:brand": null, "post_office:service_provider": null, "bulk_purchase": null, "dog": null, "air_conditioning": null, "payment:notes": null, "ref:rewe": null, "addr:suburb": null, "membership": null, "access:covid19": null, "alt_name": null, "delivery:covid19": null, "takeaway:covid19": null, "discount:students": null, "currency:EUR": null, "internet_access:password": null, "internet_access:ssid": null, "post_office:brand:wikidata": null, "post_office:brand:wikipedia": null, "ref:deutsche_post": null, "description": null, "payment:mastercard_contactless": null, "payment:sodexo": null, "payment:v_pay": null, "fax": null, "drink:club-mate_granat": null, "opening_date": null, "payment:account_cards": null, "payment:payback_app": null, "wheelchair:description:de": null, "note": "\"schwarzer\" NETTO", "cuisine": null, "diet:vegan": null, "diet:vegetarian": null, "contact:email": null, "branch": null, "short_name": null, "drink:kolle-kilimo": null, "drink:kombucha": null, "drink:sake": null, "drinking_water:refill": null, "drinking_water:refill:network": null, "payment:vpay": null, "payment:american_express": null, "source:name": null, "toilets": null, "diet:gluten_free": null, "diet:lactose_free": null, "post_office:id_check": null, "post_office:oversized_item": null, "post_office:packaging": null, "post_office:parcel_from": null, "post_office:parcel_pickup": null, "post_office:parcel_to": null, "post_office:post_bank": null, "post_office:stamps": null, "payment:visa_electron": null, "fair_trade": null, "reusable_packaging:accept": null, "payment:cryptocurrencies": null, "building": "retail", "building:levels": null, "roof:shape": null, "vending": null, "building:roof": null, "roof:colour": "#A19F92", "building:colour": "#757C8F", "height": "5.5", "roof:levels": null, "roof:height": null, "drink:coffee": null, "contact:facebook": null, "delivery": null, "contact:instagram": null, "payment:netto_app": null, "landuse": null, "indoor": null, "name:ru": null, "room": null }, "geometry": { "type": "Polygon", "coordinates": [ [ [ 13.7403995, 51.0421662 ], [ 13.7404318, 51.0421399 ], [ 13.7407481, 51.0418826 ], [ 13.7408022, 51.0418386 ], [ 13.7408506, 51.0418622 ], [ 13.7410798, 51.0419735 ], [ 13.7407478, 51.0422436 ], [ 13.7407703, 51.0422545 ], [ 13.7408088, 51.0422732 ], [ 13.740738, 51.0423307 ], [ 13.7406747, 51.0422999 ], [ 13.7403995, 51.0421662 ] ] ] } },
{ "type": "Feature", "properties": { "element": "way", "id": 23282775, "addr:city": "Dresden", "addr:housenumber": "294", "addr:postcode": "01139", "addr:street": "Leipziger Straße", "brand": "Netto Marken-Discount", "brand:wikidata": "Q879858", "brand:wikipedia": null, "check_date:opening_hours": "2021-06-29", "level": null, "name": "Netto Marken-Discount", "opening_hours": "Mo-Sa 07:00-22:00", "shop": "supermarket", "wheelchair": "limited", "internet_access": null, "internet_access:access": null, "internet_access:fee": null, "operator": "Netto", "phone": null, "website": "https://www.netto-online.de/filialen/Dresden/Leipziger-Str-294/4682/", "addr:country": "DE", "check_date": null, "email": null, "payment:mastercard": null, "payment:visa": null, "payment:cash": null, "payment:girocard": null, "payment:maestro": null, "self_checkout": null, "ref:vatin": null, "payment:credit_cards": null, "operator:tax": null, "ref": null, "diet:halal": null, "diet:kosher": null, "lastcheck": null, "access": null, "entrance": null, "cash_withdrawal": null, "cash_withdrawal:purchase_minimum": null, "cash_withdrawal:purchase_required": null, "cash_withdrawal:type": null, "drink:bionade": null, "drink:bionade_mate": null, "drink:charitea_mate": null, "drink:club-mate": null, "drink:club-mate_icetea": null, "drink:fritz-kola": null, "drink:fritz-limo": null, "drink:fritz-mischmasch": null, "drink:kolle-kolla": null, "drink:kolle-zotrine": null, "drink:lemonaid": null, "drink:mio_mio_cola": null, "drink:mio_mio_mate": null, "drink:vita_cola": null, "organic": null, "payment:contactless": null, "stroller": null, "start_date": null, "old_name": null, "contact:website": null, "layer": null, "toilets:wheelchair": null, "source": null, "payment:app": null, "payment:apple_pay": null, "payment:cards": null, "payment:coins": null, "payment:google_pay": null, "payment:visa_debit": null, "origin": null, "drink:charitea": null, "drink:kolle-jolle-mate": null, "drink:kolle-mate": null, "payment:debit_cards": null, "operator:wikidata": null, "drink:vita_limo": null, "contact:phone": null, "cash_withdrawal:limit": null, "post_office": null, "post_office:brand": null, "post_office:service_provider": null, "bulk_purchase": null, "dog": null, "air_conditioning": null, "payment:notes": null, "ref:rewe": null, "addr:suburb": null, "membership": null, "access:covid19": null, "alt_name": null, "delivery:covid19": null, "takeaway:covid19": null, "discount:students": null, "currency:EUR": null, "internet_access:password": null, "internet_access:ssid": null, "post_office:brand:wikidata": null, "post_office:brand:wikipedia": null, "ref:deutsche_post": null, "description": null, "payment:mastercard_contactless": null, "payment:sodexo": null, "payment:v_pay": null, "fax": null, "drink:club-mate_granat": null, "opening_date": null, "payment:account_cards": null, "payment:payback_app": null, "wheelchair:description:de": null, "note": null, "cuisine": null, "diet:vegan": null, "diet:vegetarian": null, "contact:email": null, "branch": null, "short_name": null, "drink:kolle-kilimo": null, "drink:kombucha": null, "drink:sake": null, "drinking_water:refill": null, "drinking_water:refill:network": null, "payment:vpay": null, "payment:american_express": null, "source:name": null, "toilets": null, "diet:gluten_free": null, "diet:lactose_free": null, "post_office:id_check": null, "post_office:oversized_item": null, "post_office:packaging": null, "post_office:parcel_from": null, "post_office:parcel_pickup": null, "post_office:parcel_to": null, "post_office:post_bank": null, "post_office:stamps": null, "payment:visa_electron": null, "fair_trade": null, "reusable_packaging:accept": null, "payment:cryptocurrencies": null, "building": "retail", "building:levels": "1", "roof:shape": null, "vending": null, "building:roof": null, "roof:colour": null, "building:colour": null, "height": null, "roof:levels": "0", "roof:height": null, "drink:coffee": null, "contact:facebook": null, "delivery": null, "contact:instagram": null, "payment:netto_app": null, "landuse": null, "indoor": null, "name:ru": null, "room": null }, "geometry": { "type": "Polygon", "coordinates": [ [ [ 13.703596, 51.0893852 ], [ 13.7035019, 51.089409 ], [ 13.703588, 51.0895429 ], [ 13.7036816, 51.0895192 ], [ 13.7036926, 51.0895363 ], [ 13.704232, 51.0893995 ], [ 13.7042434, 51.0894172 ], [ 13.7043957, 51.0893786 ], [ 13.7042748, 51.0891905 ], [ 13.7035835, 51.0893658 ], [ 13.703596, 51.0893852 ] ] ] } },
{ "type": "Feature", "properties": { "element": "way", "id": 23284113, "addr:city": "Dresden", "addr:housenumber": "22a", "addr:postcode": "01309", "addr:street": "Schandauer Straße", "brand": "Lidl", "brand:wikidata": "Q151954", "brand:wikipedia": "en:Lidl", "check_date:opening_hours": "2024-04-01", "level": null, "name": "Lidl", "opening_hours": "Mo-Sa 07:00-21:00", "shop": "supermarket", "wheelchair": "yes", "internet_access": null, "internet_access:access": null, "internet_access:fee": null, "operator": null, "phone": null, "website": null, "addr:country": "DE", "check_date": null, "email": null, "payment:mastercard": null, "payment:visa": null, "payment:cash": null, "payment:girocard": null, "payment:maestro": null, "self_checkout": null, "ref:vatin": null, "payment:credit_cards": null, "operator:tax": null, "ref": null, "diet:halal": "yes", "diet:kosher": "yes", "lastcheck": null, "access": null, "entrance": null, "cash_withdrawal": null, "cash_withdrawal:purchase_minimum": null, "cash_withdrawal:purchase_required": null, "cash_withdrawal:type": null, "drink:bionade": null, "drink:bionade_mate": null, "drink:charitea_mate": null, "drink:club-mate": null, "drink:club-mate_icetea": null, "drink:fritz-kola": null, "drink:fritz-limo": null, "drink:fritz-mischmasch": null, "drink:kolle-kolla": null, "drink:kolle-zotrine": null, "drink:lemonaid": null, "drink:mio_mio_cola": null, "drink:mio_mio_mate": null, "drink:vita_cola": null, "organic": null, "payment:contactless": null, "stroller": null, "start_date": null, "old_name": null, "contact:website": null, "layer": null, "toilets:wheelchair": null, "source": null, "payment:app": null, "payment:apple_pay": null, "payment:cards": null, "payment:coins": null, "payment:google_pay": null, "payment:visa_debit": null, "origin": null, "drink:charitea": null, "drink:kolle-jolle-mate": null, "drink:kolle-mate": null, "payment:debit_cards": null, "operator:wikidata": null, "drink:vita_limo": null, "contact:phone": null, "cash_withdrawal:limit": null, "post_office": null, "post_office:brand": null, "post_office:service_provider": null, "bulk_purchase": null, "dog": null, "air_conditioning": null, "payment:notes": null, "ref:rewe": null, "addr:suburb": null, "membership": null, "access:covid19": null, "alt_name": null, "delivery:covid19": null, "takeaway:covid19": null, "discount:students": null, "currency:EUR": null, "internet_access:password": null, "internet_access:ssid": null, "post_office:brand:wikidata": null, "post_office:brand:wikipedia": null, "ref:deutsche_post": null, "description": null, "payment:mastercard_contactless": null, "payment:sodexo": null, "payment:v_pay": null, "fax": null, "drink:club-mate_granat": null, "opening_date": null, "payment:account_cards": null, "payment:payback_app": null, "wheelchair:description:de": null, "note": null, "cuisine": null, "diet:vegan": null, "diet:vegetarian": null, "contact:email": null, "branch": null, "short_name": null, "drink:kolle-kilimo": null, "drink:kombucha": null, "drink:sake": null, "drinking_water:refill": null, "drinking_water:refill:network": null, "payment:vpay": null, "payment:american_express": null, "source:name": null, "toilets": null, "diet:gluten_free": null, "diet:lactose_free": null, "post_office:id_check": null, "post_office:oversized_item": null, "post_office:packaging": null, "post_office:parcel_from": null, "post_office:parcel_pickup": null, "post_office:parcel_to": null, "post_office:post_bank": null, "post_office:stamps": null, "payment:visa_electron": null, "fair_trade": null, "reusable_packaging:accept": null, "payment:cryptocurrencies": null, "building": "retail", "building:levels": "1", "roof:shape": "flat", "vending": null, "building:roof": null, "roof:colour": null, "building:colour": null, "height": null, "roof:levels": "0", "roof:height": null, "drink:coffee": null, "contact:facebook": null, "delivery": null, "contact:instagram": null, "payment:netto_app": null, "landuse": null, "indoor": null, "name:ru": null, "room": null }, "geometry": { "type": "Polygon", "coordinates": [ [ [ 13.7864911, 51.0429055 ], [ 13.7867278, 51.0428979 ], [ 13.7867727, 51.0428968 ], [ 13.7867708, 51.0428677 ], [ 13.78685, 51.0428656 ], [ 13.7868402, 51.0427132 ], [ 13.786829, 51.0425319 ], [ 13.786825, 51.0424826 ], [ 13.7867356, 51.0424855 ], [ 13.7867301, 51.0424176 ], [ 13.7864521, 51.0424265 ], [ 13.7864911, 51.0429055 ] ] ] } },
{ "type": "Feature", "properties": { "element": "way", "id": 23295403, "addr:city": "Dresden", "addr:housenumber": "114", "addr:postcode": "01159", "addr:street": "Kesselsdorfer Straße", "brand": "Netto Marken-Discount", "brand:wikidata": "Q879858", "brand:wikipedia": "de:Netto Marken-Discount", "check_date:opening_hours": "2024-12-18", "level": null, "name": "Netto Marken-Discount", "opening_hours": "Mo-Sa 07:00-21:00", "shop": "supermarket", "wheelchair": "yes", "internet_access": null, "internet_access:access": null, "internet_access:fee": null, "operator": null, "phone": null, "website": "https://www.netto-online.de/filialen/Dresden/Kesselsdorfer-Str-114/8704/", "addr:country": "DE", "check_date": null, "email": null, "payment:mastercard": null, "payment:visa": null, "payment:cash": null, "payment:girocard": null, "payment:maestro": null, "self_checkout": null, "ref:vatin": null, "payment:credit_cards": null, "operator:tax": null, "ref": null, "diet:halal": null, "diet:kosher": null, "lastcheck": null, "access": null, "entrance": null, "cash_withdrawal": null, "cash_withdrawal:purchase_minimum": null, "cash_withdrawal:purchase_required": null, "cash_withdrawal:type": null, "drink:bionade": null, "drink:bionade_mate": null, "drink:charitea_mate": null, "drink:club-mate": null, "drink:club-mate_icetea": null, "drink:fritz-kola": null, "drink:fritz-limo": null, "drink:fritz-mischmasch": null, "drink:kolle-kolla": null, "drink:kolle-zotrine": null, "drink:lemonaid": null, "drink:mio_mio_cola": null, "drink:mio_mio_mate": null, "drink:vita_cola": null, "organic": null, "payment:contactless": null, "stroller": null, "start_date": null, "old_name": null, "contact:website": null, "layer": null, "toilets:wheelchair": null, "source": null, "payment:app": null, "payment:apple_pay": null, "payment:cards": null, "payment:coins": null, "payment:google_pay": null, "payment:visa_debit": null, "origin": null, "drink:charitea": null, "drink:kolle-jolle-mate": null, "drink:kolle-mate": null, "payment:debit_cards": null, "operator:wikidata": null, "drink:vita_limo": null, "contact:phone": null, "cash_withdrawal:limit": null, "post_office": null, "post_office:brand": null, "post_office:service_provider": null, "bulk_purchase": null, "dog": null, "air_conditioning": null, "payment:notes": null, "ref:rewe": null, "addr:suburb": null, "membership": null, "access:covid19": null, "alt_name": null, "delivery:covid19": null, "takeaway:covid19": null, "discount:students": null, "currency:EUR": null, "internet_access:password": null, "internet_access:ssid": null, "post_office:brand:wikidata": null, "post_office:brand:wikipedia": null, "ref:deutsche_post": null, "description": null, "payment:mastercard_contactless": null, "payment:sodexo": null, "payment:v_pay": null, "fax": null, "drink:club-mate_granat": null, "opening_date": null, "payment:account_cards": null, "payment:payback_app": null, "wheelchair:description:de": null, "note": null, "cuisine": null, "diet:vegan": null, "diet:vegetarian": null, "contact:email": null, "branch": null, "short_name": null, "drink:kolle-kilimo": null, "drink:kombucha": null, "drink:sake": null, "drinking_water:refill": null, "drinking_water:refill:network": null, "payment:vpay": null, "payment:american_express": null, "source:name": null, "toilets": null, "diet:gluten_free": null, "diet:lactose_free": null, "post_office:id_check": null, "post_office:oversized_item": null, "post_office:packaging": null, "post_office:parcel_from": null, "post_office:parcel_pickup": null, "post_office:parcel_to": null, "post_office:post_bank": null, "post_office:stamps": null, "payment:visa_electron": null, "fair_trade": null, "reusable_packaging:accept": null, "payment:cryptocurrencies": null, "building": "retail", "building:levels": "1", "roof:shape": "quadruple_saltbox", "vending": null, "building:roof": null, "roof:colour": null, "building:colour": null, "height": null, "roof:levels": "0", "roof:height": null, "drink:coffee": null, "contact:facebook": null, "delivery": null, "contact:instagram": null, "payment:netto_app": null, "landuse": null, "indoor": null, "name:ru": null, "room": null }, "geometry": { "type": "Polygon", "coordinates": [ [ [ 13.6819553, 51.0429391 ], [ 13.6822573, 51.0429463 ], [ 13.6822599, 51.0429029 ], [ 13.682276, 51.0426656 ], [ 13.6823305, 51.0426661 ], [ 13.682338, 51.0425296 ], [ 13.6819088, 51.0425213 ], [ 13.6818959, 51.0427328 ], [ 13.6819677, 51.0427345 ], [ 13.6819553, 51.0429391 ] ] ] } },
{ "type": "Feature", "properties": { "element": "way", "id": 23390626, "addr:city": "Dresden", "addr:housenumber": "26a", "addr:postcode": "01069", "addr:street": "Budapester Straße", "brand": "Lidl", "brand:wikidata": "Q151954", "brand:wikipedia": "en:Lidl", "check_date:opening_hours": "2022-11-15", "level": null, "name": "Lidl", "opening_hours": "Mo-Sa 07:00-21:00", "shop": "supermarket", "wheelchair": "yes", "internet_access": null, "internet_access:access": null, "internet_access:fee": null, "operator": null, "phone": null, "website": null, "addr:country": "DE", "check_date": null, "email": null, "payment:mastercard": null, "payment:visa": null, "payment:cash": null, "payment:girocard": null, "payment:maestro": null, "self_checkout": null, "ref:vatin": null, "payment:credit_cards": null, "operator:tax": null, "ref": null, "diet:halal": null, "diet:kosher": null, "lastcheck": null, "access": null, "entrance": null, "cash_withdrawal": null, "cash_withdrawal:purchase_minimum": null, "cash_withdrawal:purchase_required": null, "cash_withdrawal:type": null, "drink:bionade": null, "drink:bionade_mate": null, "drink:charitea_mate": null, "drink:club-mate": null, "drink:club-mate_icetea": null, "drink:fritz-kola": null, "drink:fritz-limo": null, "drink:fritz-mischmasch": null, "drink:kolle-kolla": null, "drink:kolle-zotrine": null, "drink:lemonaid": null, "drink:mio_mio_cola": null, "drink:mio_mio_mate": null, "drink:vita_cola": null, "organic": null, "payment:contactless": null, "stroller": null, "start_date": null, "old_name": null, "contact:website": null, "layer": null, "toilets:wheelchair": null, "source": null, "payment:app": null, "payment:apple_pay": null, "payment:cards": null, "payment:coins": null, "payment:google_pay": null, "payment:visa_debit": null, "origin": null, "drink:charitea": null, "drink:kolle-jolle-mate": null, "drink:kolle-mate": null, "payment:debit_cards": null, "operator:wikidata": null, "drink:vita_limo": null, "contact:phone": null, "cash_withdrawal:limit": null, "post_office": null, "post_office:brand": null, "post_office:service_provider": null, "bulk_purchase": null, "dog": null, "air_conditioning": null, "payment:notes": null, "ref:rewe": null, "addr:suburb": null, "membership": null, "access:covid19": null, "alt_name": null, "delivery:covid19": null, "takeaway:covid19": null, "discount:students": null, "currency:EUR": null, "internet_access:password": null, "internet_access:ssid": null, "post_office:brand:wikidata": null, "post_office:brand:wikipedia": null, "ref:deutsche_post": null, "description": null, "payment:mastercard_contactless": null, "payment:sodexo": null, "payment:v_pay": null, "fax": null, "drink:club-mate_granat": null, "opening_date": null, "payment:account_cards": null, "payment:payback_app": null, "wheelchair:description:de": null, "note": null, "cuisine": null, "diet:vegan": null, "diet:vegetarian": null, "contact:email": null, "branch": null, "short_name": null, "drink:kolle-kilimo": null, "drink:kombucha": null, "drink:sake": null, "drinking_water:refill": null, "drinking_water:refill:network": null, "payment:vpay": null, "payment:american_express": null, "source:name": null, "toilets": null, "diet:gluten_free": null, "diet:lactose_free": null, "post_office:id_check": null, "post_office:oversized_item": null, "post_office:packaging": null, "post_office:parcel_from": null, "post_office:parcel_pickup": null, "post_office:parcel_to": null, "post_office:post_bank": null, "post_office:stamps": null, "payment:visa_electron": null, "fair_trade": null, "reusable_packaging:accept": null, "payment:cryptocurrencies": null, "building": "retail", "building:levels": "1", "roof:shape": null, "vending": null, "building:roof": null, "roof:colour": null, "building:colour": null, "height": null, "roof:levels": null, "roof:height": null, "drink:coffee": null, "contact:facebook": null, "delivery": null, "contact:instagram": null, "payment:netto_app": null, "landuse": null, "indoor": null, "name:ru": null, "room": null }, "geometry": { "type": "Polygon", "coordinates": [ [ [ 13.7193464, 51.0419169 ], [ 13.7199882, 51.0422115 ], [ 13.7200295, 51.042176 ], [ 13.7199724, 51.0421497 ], [ 13.7201402, 51.0420052 ], [ 13.720103, 51.0419881 ], [ 13.7201493, 51.0419482 ], [ 13.7200122, 51.0418853 ], [ 13.7200081, 51.0418888 ], [ 13.7195977, 51.0417004 ], [ 13.7193464, 51.0419169 ] ] ] } },
{ "type": "Feature", "properties": { "element": "way", "id": 23423105, "addr:city": "Dresden", "addr:housenumber": "9", "addr:postcode": "01169", "addr:street": "Altgorbitzer Ring", "brand": "Netto Marken-Discount", "brand:wikidata": "Q879858", "brand:wikipedia": "de:Netto Marken-Discount", "check_date:opening_hours": null, "level": null, "name": "Netto Marken-Discount", "opening_hours": "Mo-Sa 08:00-20:00", "shop": "supermarket", "wheelchair": null, "internet_access": null, "internet_access:access": null, "internet_access:fee": null, "operator": null, "phone": null, "website": "https://www.netto-online.de/filialen/Dresden/Altgorbitzer-Ring-9/4789/", "addr:country": "DE", "check_date": null, "email": null, "payment:mastercard": null, "payment:visa": null, "payment:cash": null, "payment:girocard": null, "payment:maestro": null, "self_checkout": null, "ref:vatin": null, "payment:credit_cards": null, "operator:tax": null, "ref": null, "diet:halal": null, "diet:kosher": null, "lastcheck": null, "access": null, "entrance": null, "cash_withdrawal": null, "cash_withdrawal:purchase_minimum": null, "cash_withdrawal:purchase_required": null, "cash_withdrawal:type": null, "drink:bionade": null, "drink:bionade_mate": null, "drink:charitea_mate": null, "drink:club-mate": null, "drink:club-mate_icetea": null, "drink:fritz-kola": null, "drink:fritz-limo": null, "drink:fritz-mischmasch": null, "drink:kolle-kolla": null, "drink:kolle-zotrine": null, "drink:lemonaid": null, "drink:mio_mio_cola": null, "drink:mio_mio_mate": null, "drink:vita_cola": null, "organic": null, "payment:contactless": null, "stroller": null, "start_date": null, "old_name": null, "contact:website": null, "layer": null, "toilets:wheelchair": null, "source": null, "payment:app": null, "payment:apple_pay": null, "payment:cards": null, "payment:coins": null, "payment:google_pay": null, "payment:visa_debit": null, "origin": null, "drink:charitea": null, "drink:kolle-jolle-mate": null, "drink:kolle-mate": null, "payment:debit_cards": null, "operator:wikidata": null, "drink:vita_limo": null, "contact:phone": null, "cash_withdrawal:limit": null, "post_office": null, "post_office:brand": null, "post_office:service_provider": null, "bulk_purchase": null, "dog": null, "air_conditioning": null, "payment:notes": null, "ref:rewe": null, "addr:suburb": null, "membership": null, "access:covid19": null, "alt_name": null, "delivery:covid19": null, "takeaway:covid19": null, "discount:students": null, "currency:EUR": null, "internet_access:password": null, "internet_access:ssid": null, "post_office:brand:wikidata": null, "post_office:brand:wikipedia": null, "ref:deutsche_post": null, "description": null, "payment:mastercard_contactless": null, "payment:sodexo": null, "payment:v_pay": null, "fax": null, "drink:club-mate_granat": null, "opening_date": null, "payment:account_cards": null, "payment:payback_app": null, "wheelchair:description:de": null, "note": null, "cuisine": null, "diet:vegan": null, "diet:vegetarian": null, "contact:email": null, "branch": null, "short_name": null, "drink:kolle-kilimo": null, "drink:kombucha": null, "drink:sake": null, "drinking_water:refill": null, "drinking_water:refill:network": null, "payment:vpay": null, "payment:american_express": null, "source:name": null, "toilets": null, "diet:gluten_free": null, "diet:lactose_free": null, "post_office:id_check": null, "post_office:oversized_item": null, "post_office:packaging": null, "post_office:parcel_from": null, "post_office:parcel_pickup": null, "post_office:parcel_to": null, "post_office:post_bank": null, "post_office:stamps": null, "payment:visa_electron": null, "fair_trade": null, "reusable_packaging:accept": null, "payment:cryptocurrencies": null, "building": "retail", "building:levels": null, "roof:shape": null, "vending": null, "building:roof": null, "roof:colour": null, "building:colour": null, "height": null, "roof:levels": null, "roof:height": null, "drink:coffee": null, "contact:facebook": null, "delivery": null, "contact:instagram": null, "payment:netto_app": null, "landuse": null, "indoor": null, "name:ru": null, "room": null }, "geometry": { "type": "Polygon", "coordinates": [ [ [ 13.6640806, 51.0433111 ], [ 13.6644758, 51.0433953 ], [ 13.6645012, 51.043348 ], [ 13.6645398, 51.0432764 ], [ 13.6644508, 51.0432574 ], [ 13.6645452, 51.0430822 ], [ 13.6646091, 51.0429635 ], [ 13.6643828, 51.0429153 ], [ 13.664406, 51.0428721 ], [ 13.6643261, 51.0428551 ], [ 13.6643185, 51.0428692 ], [ 13.6642889, 51.0428629 ], [ 13.6642754, 51.0428879 ], [ 13.6643052, 51.0428942 ], [ 13.6640806, 51.0433111 ] ] ] } },
{ "type": "Feature", "properties": { "element": "way", "id": 23680927, "addr:city": "Dresden", "addr:housenumber": "8", "addr:postcode": "01307", "addr:street": "Tatzberg", "brand": "Netto Marken-Discount", "brand:wikidata": "Q879858", "brand:wikipedia": "de:Netto Marken-Discount", "check_date:opening_hours": "2024-08-31", "level": null, "name": "Netto Marken-Discount", "opening_hours": "Mo-Sa 07:00-21:00", "shop": "supermarket", "wheelchair": "limited", "internet_access": "wlan", "internet_access:access": null, "internet_access:fee": "no", "operator": null, "phone": null, "website": "https://www.netto-online.de/filialen/Dresden/Tatzberg-8/4504/", "addr:country": "DE", "check_date": null, "email": null, "payment:mastercard": null, "payment:visa": null, "payment:cash": null, "payment:girocard": "yes", "payment:maestro": null, "self_checkout": null, "ref:vatin": null, "payment:credit_cards": null, "operator:tax": null, "ref": null, "diet:halal": null, "diet:kosher": null, "lastcheck": null, "access": null, "entrance": null, "cash_withdrawal": null, "cash_withdrawal:purchase_minimum": null, "cash_withdrawal:purchase_required": null, "cash_withdrawal:type": null, "drink:bionade": null, "drink:bionade_mate": null, "drink:charitea_mate": null, "drink:club-mate": "bottled", "drink:club-mate_icetea": null, "drink:fritz-kola": null, "drink:fritz-limo": null, "drink:fritz-mischmasch": null, "drink:kolle-kolla": null, "drink:kolle-zotrine": null, "drink:lemonaid": null, "drink:mio_mio_cola": null, "drink:mio_mio_mate": null, "drink:vita_cola": "bottled", "organic": null, "payment:contactless": "yes", "stroller": null, "start_date": null, "old_name": null, "contact:website": null, "layer": null, "toilets:wheelchair": null, "source": null, "payment:app": null, "payment:apple_pay": null, "payment:cards": null, "payment:coins": null, "payment:google_pay": null, "payment:visa_debit": null, "origin": null, "drink:charitea": null, "drink:kolle-jolle-mate": null, "drink:kolle-mate": null, "payment:debit_cards": null, "operator:wikidata": null, "drink:vita_limo": null, "contact:phone": null, "cash_withdrawal:limit": null, "post_office": null, "post_office:brand": null, "post_office:service_provider": null, "bulk_purchase": null, "dog": null, "air_conditioning": null, "payment:notes": null, "ref:rewe": null, "addr:suburb": null, "membership": null, "access:covid19": null, "alt_name": null, "delivery:covid19": null, "takeaway:covid19": null, "discount:students": null, "currency:EUR": null, "internet_access:password": null, "internet_access:ssid": null, "post_office:brand:wikidata": null, "post_office:brand:wikipedia": null, "ref:deutsche_post": null, "description": null, "payment:mastercard_contactless": null, "payment:sodexo": null, "payment:v_pay": null, "fax": null, "drink:club-mate_granat": null, "opening_date": null, "payment:account_cards": null, "payment:payback_app": null, "wheelchair:description:de": null, "note": null, "cuisine": null, "diet:vegan": null, "diet:vegetarian": null, "contact:email": null, "branch": null, "short_name": null, "drink:kolle-kilimo": null, "drink:kombucha": null, "drink:sake": null, "drinking_water:refill": null, "drinking_water:refill:network": null, "payment:vpay": null, "payment:american_express": null, "source:name": null, "toilets": null, "diet:gluten_free": null, "diet:lactose_free": null, "post_office:id_check": null, "post_office:oversized_item": null, "post_office:packaging": null, "post_office:parcel_from": null, "post_office:parcel_pickup": null, "post_office:parcel_to": null, "post_office:post_bank": null, "post_office:stamps": null, "payment:visa_electron": null, "fair_trade": null, "reusable_packaging:accept": null, "payment:cryptocurrencies": null, "building": "retail", "building:levels": "1", "roof:shape": "gabled", "vending": null, "building:roof": null, "roof:colour": "red", "building:colour": null, "height": null, "roof:levels": "0", "roof:height": null, "drink:coffee": null, "contact:facebook": null, "delivery": null, "contact:instagram": null, "payment:netto_app": null, "landuse": null, "indoor": null, "name:ru": null, "room": null }, "geometry": { "type": "Polygon", "coordinates": [ [ [ 13.775881, 51.0558671 ], [ 13.7758903, 51.0557722 ], [ 13.7758971, 51.0557041 ], [ 13.7758676, 51.055703 ], [ 13.7758472, 51.0557022 ], [ 13.775852, 51.0556535 ], [ 13.7765083, 51.0556791 ], [ 13.7765119, 51.0556423 ], [ 13.7765682, 51.0556445 ], [ 13.7766245, 51.0556467 ], [ 13.7766209, 51.0556831 ], [ 13.7766634, 51.0556848 ], [ 13.7766521, 51.0557992 ], [ 13.7766459, 51.0558621 ], [ 13.7765571, 51.0558587 ], [ 13.7765538, 51.0558925 ], [ 13.7760305, 51.055872 ], [ 13.7760296, 51.0558819 ], [ 13.7759825, 51.0558801 ], [ 13.7759354, 51.0558783 ], [ 13.7759363, 51.0558693 ], [ 13.775881, 51.0558671 ] ] ] } },
{ "type": "Feature", "properties": { "element": "way", "id": 23752799, "addr:city": "Dresden", "addr:housenumber": "35", "addr:postcode": "01309", "addr:street": "Borsbergstraße", "brand": "Kaufland", "brand:wikidata": "Q685967", "brand:wikipedia": "en:Kaufland", "check_date:opening_hours": "2022-08-28", "level": null, "name": "Kaufland", "opening_hours": "Mo-Sa 07:00-22:00; PH off", "shop": "supermarket", "wheelchair": "yes", "internet_access": "wlan", "internet_access:access": null, "internet_access:fee": null, "operator": null, "phone": "+49 351 433480", "website": null, "addr:country": null, "check_date": null, "email": null, "payment:mastercard": null, "payment:visa": null, "payment:cash": "yes", "payment:girocard": null, "payment:maestro": null, "self_checkout": "yes", "ref:vatin": null, "payment:credit_cards": "yes", "operator:tax": null, "ref": null, "diet:halal": "yes", "diet:kosher": "yes", "lastcheck": null, "access": null, "entrance": null, "cash_withdrawal": null, "cash_withdrawal:purchase_minimum": null, "cash_withdrawal:purchase_required": null, "cash_withdrawal:type": null, "drink:bionade": null, "drink:bionade_mate": null, "drink:charitea_mate": null, "drink:club-mate": null, "drink:club-mate_icetea": null, "drink:fritz-kola": null, "drink:fritz-limo": null, "drink:fritz-mischmasch": null, "drink:kolle-kolla": null, "drink:kolle-zotrine": null, "drink:lemonaid": null, "drink:mio_mio_cola": null, "drink:mio_mio_mate": null, "drink:vita_cola": null, "organic": null, "payment:contactless": null, "stroller": null, "start_date": null, "old_name": null, "contact:website": null, "layer": null, "toilets:wheelchair": null, "source": null, "payment:app": null, "payment:apple_pay": null, "payment:cards": null, "payment:coins": null, "payment:google_pay": null, "payment:visa_debit": null, "origin": null, "drink:charitea": null, "drink:kolle-jolle-mate": null, "drink:kolle-mate": null, "payment:debit_cards": "yes", "operator:wikidata": null, "drink:vita_limo": null, "contact:phone": null, "cash_withdrawal:limit": null, "post_office": null, "post_office:brand": null, "post_office:service_provider": null, "bulk_purchase": null, "dog": null, "air_conditioning": null, "payment:notes": null, "ref:rewe": null, "addr:suburb": null, "membership": null, "access:covid19": null, "alt_name": null, "delivery:covid19": null, "takeaway:covid19": null, "discount:students": null, "currency:EUR": null, "internet_access:password": null, "internet_access:ssid": null, "post_office:brand:wikidata": null, "post_office:brand:wikipedia": null, "ref:deutsche_post": null, "description": null, "payment:mastercard_contactless": null, "payment:sodexo": null, "payment:v_pay": null, "fax": null, "drink:club-mate_granat": null, "opening_date": null, "payment:account_cards": null, "payment:payback_app": null, "wheelchair:description:de": null, "note": null, "cuisine": null, "diet:vegan": null, "diet:vegetarian": null, "contact:email": null, "branch": null, "short_name": null, "drink:kolle-kilimo": null, "drink:kombucha": null, "drink:sake": null, "drinking_water:refill": null, "drinking_water:refill:network": null, "payment:vpay": null, "payment:american_express": null, "source:name": null, "toilets": null, "diet:gluten_free": null, "diet:lactose_free": null, "post_office:id_check": null, "post_office:oversized_item": null, "post_office:packaging": null, "post_office:parcel_from": null, "post_office:parcel_pickup": null, "post_office:parcel_to": null, "post_office:post_bank": null, "post_office:stamps": null, "payment:visa_electron": null, "fair_trade": null, "reusable_packaging:accept": null, "payment:cryptocurrencies": null, "building": "retail", "building:levels": "3", "roof:shape": "flat", "vending": null, "building:roof": null, "roof:colour": null, "building:colour": "#F6CECE", "height": "10", "roof:levels": null, "roof:height": null, "drink:coffee": null, "contact:facebook": null, "delivery": null, "contact:instagram": null, "payment:netto_app": null, "landuse": null, "indoor": null, "name:ru": null, "room": null }, "geometry": { "type": "Polygon", "coordinates": [ [ [ 13.7808572, 51.0448652 ], [ 13.7817879, 51.0446306 ], [ 13.7816991, 51.0445088 ], [ 13.7814911, 51.0442039 ], [ 13.7815429, 51.0441913 ], [ 13.7814493, 51.0440489 ], [ 13.7812207, 51.0441084 ], [ 13.7812418, 51.0441404 ], [ 13.7805536, 51.044315 ], [ 13.7805869, 51.0443679 ], [ 13.78064, 51.0444525 ], [ 13.7805447, 51.0444767 ], [ 13.7806311, 51.0446112 ], [ 13.7806852, 51.0445975 ], [ 13.7808572, 51.0448652 ] ] ] } },
{ "type": "Feature", "properties": { "element": "way", "id": 23820529, "addr:city": "Dresden", "addr:housenumber": "78", "addr:postcode": "01219", "addr:street": "Wiener Straße", "brand": "Netto Marken-Discount", "brand:wikidata": "Q879858", "brand:wikipedia": "de:Netto Marken-Discount", "check_date:opening_hours": "2024-06-12", "level": null, "name": "Netto Marken-Discount", "opening_hours": "Mo-Sa 07:00-21:00; PH off", "shop": "supermarket", "wheelchair": "yes", "internet_access": null, "internet_access:access": null, "internet_access:fee": null, "operator": "Netto Marken-Discount", "phone": null, "website": "https://www.netto-online.de/filialen/Dresden-Strehlen/Wiener-Str-78/4816/", "addr:country": null, "check_date": null, "email": null, "payment:mastercard": null, "payment:visa": null, "payment:cash": null, "payment:girocard": null, "payment:maestro": null, "self_checkout": null, "ref:vatin": null, "payment:credit_cards": null, "operator:tax": null, "ref": null, "diet:halal": "yes", "diet:kosher": "yes", "lastcheck": null, "access": null, "entrance": null, "cash_withdrawal": null, "cash_withdrawal:purchase_minimum": null, "cash_withdrawal:purchase_required": null, "cash_withdrawal:type": null, "drink:bionade": null, "drink:bionade_mate": null, "drink:charitea_mate": null, "drink:club-mate": null, "drink:club-mate_icetea": null, "drink:fritz-kola": null, "drink:fritz-limo": null, "drink:fritz-mischmasch": null, "drink:kolle-kolla": null, "drink:kolle-zotrine": null, "drink:lemonaid": null, "drink:mio_mio_cola": null, "drink:mio_mio_mate": null, "drink:vita_cola": null, "organic": null, "payment:contactless": null, "stroller": null, "start_date": null, "old_name": null, "contact:website": null, "layer": null, "toilets:wheelchair": null, "source": null, "payment:app": null, "payment:apple_pay": null, "payment:cards": null, "payment:coins": null, "payment:google_pay": null, "payment:visa_debit": null, "origin": null, "drink:charitea": null, "drink:kolle-jolle-mate": null, "drink:kolle-mate": null, "payment:debit_cards": null, "operator:wikidata": null, "drink:vita_limo": null, "contact:phone": null, "cash_withdrawal:limit": null, "post_office": null, "post_office:brand": null, "post_office:service_provider": null, "bulk_purchase": null, "dog": null, "air_conditioning": null, "payment:notes": null, "ref:rewe": null, "addr:suburb": null, "membership": null, "access:covid19": null, "alt_name": null, "delivery:covid19": null, "takeaway:covid19": null, "discount:students": null, "currency:EUR": null, "internet_access:password": null, "internet_access:ssid": null, "post_office:brand:wikidata": null, "post_office:brand:wikipedia": null, "ref:deutsche_post": null, "description": null, "payment:mastercard_contactless": null, "payment:sodexo": null, "payment:v_pay": null, "fax": null, "drink:club-mate_granat": null, "opening_date": null, "payment:account_cards": null, "payment:payback_app": null, "wheelchair:description:de": null, "note": null, "cuisine": null, "diet:vegan": null, "diet:vegetarian": null, "contact:email": null, "branch": null, "short_name": null, "drink:kolle-kilimo": null, "drink:kombucha": null, "drink:sake": null, "drinking_water:refill": null, "drinking_water:refill:network": null, "payment:vpay": null, "payment:american_express": null, "source:name": null, "toilets": null, "diet:gluten_free": null, "diet:lactose_free": null, "post_office:id_check": null, "post_office:oversized_item": null, "post_office:packaging": null, "post_office:parcel_from": null, "post_office:parcel_pickup": null, "post_office:parcel_to": null, "post_office:post_bank": null, "post_office:stamps": null, "payment:visa_electron": null, "fair_trade": null, "reusable_packaging:accept": null, "payment:cryptocurrencies": null, "building": "retail", "building:levels": "1", "roof:shape": "flat", "vending": null, "building:roof": null, "roof:colour": "#C1BBAE", "building:colour": null, "height": null, "roof:levels": null, "roof:height": null, "drink:coffee": null, "contact:facebook": null, "delivery": null, "contact:instagram": null, "payment:netto_app": null, "landuse": null, "indoor": null, "name:ru": null, "room": null }, "geometry": { "type": "Polygon", "coordinates": [ [ [ 13.7572843, 51.0329642 ], [ 13.7575992, 51.0328627 ], [ 13.7572553, 51.032441 ], [ 13.757298, 51.0324272 ], [ 13.7572678, 51.0323903 ], [ 13.7571227, 51.0324371 ], [ 13.7571591, 51.0324817 ], [ 13.7570228, 51.0325256 ], [ 13.7570404, 51.0325473 ], [ 13.7570181, 51.0325545 ], [ 13.757026, 51.0325642 ], [ 13.7570711, 51.0326198 ], [ 13.7570959, 51.0326118 ], [ 13.757224, 51.0327698 ], [ 13.7572008, 51.0327772 ], [ 13.7571462, 51.0327949 ], [ 13.7572843, 51.0329642 ] ] ] } },
{ "type": "Feature", "properties": { "element": "way", "id": 23914676, "addr:city": "Dresden", "addr:housenumber": "2", "addr:postcode": "01307", "addr:street": "Comeniusplatz", "brand": "Lidl", "brand:wikidata": "Q151954", "brand:wikipedia": "en:Lidl", "check_date:opening_hours": "2025-02-04", "level": null, "name": "Lidl", "opening_hours": "Mo-Sa 07:00-21:00", "shop": "supermarket", "wheelchair": "yes", "internet_access": null, "internet_access:access": null, "internet_access:fee": null, "operator": "Lidl", "phone": null, "website": null, "addr:country": "DE", "check_date": "2025-02-04", "email": null, "payment:mastercard": null, "payment:visa": null, "payment:cash": null, "payment:girocard": null, "payment:maestro": null, "self_checkout": null, "ref:vatin": null, "payment:credit_cards": null, "operator:tax": null, "ref": null, "diet:halal": "yes", "diet:kosher": "yes", "lastcheck": null, "access": null, "entrance": null, "cash_withdrawal": null, "cash_withdrawal:purchase_minimum": null, "cash_withdrawal:purchase_required": null, "cash_withdrawal:type": null, "drink:bionade": null, "drink:bionade_mate": null, "drink:charitea_mate": null, "drink:club-mate": null, "drink:club-mate_icetea": null, "drink:fritz-kola": null, "drink:fritz-limo": null, "drink:fritz-mischmasch": null, "drink:kolle-kolla": null, "drink:kolle-zotrine": null, "drink:lemonaid": null, "drink:mio_mio_cola": null, "drink:mio_mio_mate": null, "drink:vita_cola": null, "organic": null, "payment:contactless": null, "stroller": null, "start_date": null, "old_name": null, "contact:website": null, "layer": null, "toilets:wheelchair": null, "source": null, "payment:app": null, "payment:apple_pay": null, "payment:cards": null, "payment:coins": null, "payment:google_pay": null, "payment:visa_debit": null, "origin": null, "drink:charitea": null, "drink:kolle-jolle-mate": null, "drink:kolle-mate": null, "payment:debit_cards": null, "operator:wikidata": null, "drink:vita_limo": null, "contact:phone": null, "cash_withdrawal:limit": null, "post_office": null, "post_office:brand": null, "post_office:service_provider": null, "bulk_purchase": null, "dog": null, "air_conditioning": null, "payment:notes": null, "ref:rewe": null, "addr:suburb": null, "membership": null, "access:covid19": null, "alt_name": null, "delivery:covid19": null, "takeaway:covid19": null, "discount:students": null, "currency:EUR": null, "internet_access:password": null, "internet_access:ssid": null, "post_office:brand:wikidata": null, "post_office:brand:wikipedia": null, "ref:deutsche_post": null, "description": null, "payment:mastercard_contactless": null, "payment:sodexo": null, "payment:v_pay": null, "fax": null, "drink:club-mate_granat": null, "opening_date": null, "payment:account_cards": null, "payment:payback_app": null, "wheelchair:description:de": null, "note": null, "cuisine": null, "diet:vegan": null, "diet:vegetarian": null, "contact:email": null, "branch": null, "short_name": null, "drink:kolle-kilimo": null, "drink:kombucha": null, "drink:sake": null, "drinking_water:refill": null, "drinking_water:refill:network": null, "payment:vpay": null, "payment:american_express": null, "source:name": null, "toilets": null, "diet:gluten_free": null, "diet:lactose_free": null, "post_office:id_check": null, "post_office:oversized_item": null, "post_office:packaging": null, "post_office:parcel_from": null, "post_office:parcel_pickup": null, "post_office:parcel_to": null, "post_office:post_bank": null, "post_office:stamps": null, "payment:visa_electron": null, "fair_trade": null, "reusable_packaging:accept": null, "payment:cryptocurrencies": null, "building": "retail", "building:levels": "1", "roof:shape": "flat", "vending": null, "building:roof": null, "roof:colour": "#B4BAB0", "building:colour": null, "height": null, "roof:levels": "0", "roof:height": null, "drink:coffee": null, "contact:facebook": null, "delivery": null, "contact:instagram": null, "payment:netto_app": null, "landuse": null, "indoor": null, "name:ru": null, "room": null }, "geometry": { "type": "Polygon", "coordinates": [ [ [ 13.7675483, 51.0417614 ], [ 13.7680064, 51.0422156 ], [ 13.7680828, 51.0421851 ], [ 13.7680406, 51.0421433 ], [ 13.7682477, 51.0420606 ], [ 13.768209, 51.0420223 ], [ 13.7682795, 51.0419942 ], [ 13.7679147, 51.0416328 ], [ 13.7679021, 51.0416203 ], [ 13.7675483, 51.0417614 ] ] ] } },
{ "type": "Feature", "properties": { "element": "way", "id": 24042700, "addr:city": "Dresden", "addr:housenumber": "10", "addr:postcode": "01237", "addr:street": "Lübbenauer Straße", "brand": "Netto Marken-Discount", "brand:wikidata": "Q879858", "brand:wikipedia": "de:Netto Marken-Discount", "check_date:opening_hours": null, "level": null, "name": "Netto Marken-Discount", "opening_hours": "Mo-Sa 07:00-21:00", "shop": "supermarket", "wheelchair": "limited", "internet_access": null, "internet_access:access": null, "internet_access:fee": null, "operator": "Netto Marken-Discount AG & Co. KG", "phone": null, "website": null, "addr:country": "DE", "check_date": null, "email": null, "payment:mastercard": null, "payment:visa": null, "payment:cash": null, "payment:girocard": null, "payment:maestro": null, "self_checkout": null, "ref:vatin": null, "payment:credit_cards": null, "operator:tax": null, "ref": null, "diet:halal": null, "diet:kosher": null, "lastcheck": null, "access": null, "entrance": null, "cash_withdrawal": null, "cash_withdrawal:purchase_minimum": null, "cash_withdrawal:purchase_required": null, "cash_withdrawal:type": null, "drink:bionade": null, "drink:bionade_mate": null, "drink:charitea_mate": null, "drink:club-mate": null, "drink:club-mate_icetea": null, "drink:fritz-kola": null, "drink:fritz-limo": null, "drink:fritz-mischmasch": null, "drink:kolle-kolla": null, "drink:kolle-zotrine": null, "drink:lemonaid": null, "drink:mio_mio_cola": null, "drink:mio_mio_mate": null, "drink:vita_cola": null, "organic": null, "payment:contactless": null, "stroller": null, "start_date": null, "old_name": null, "contact:website": "https://www.netto-online.de/filialen/Dresden/Luebbenauer-Str-10/8711/", "layer": null, "toilets:wheelchair": null, "source": null, "payment:app": null, "payment:apple_pay": null, "payment:cards": null, "payment:coins": null, "payment:google_pay": null, "payment:visa_debit": null, "origin": null, "drink:charitea": null, "drink:kolle-jolle-mate": null, "drink:kolle-mate": null, "payment:debit_cards": null, "operator:wikidata": null, "drink:vita_limo": null, "contact:phone": null, "cash_withdrawal:limit": null, "post_office": null, "post_office:brand": null, "post_office:service_provider": null, "bulk_purchase": null, "dog": null, "air_conditioning": null, "payment:notes": null, "ref:rewe": null, "addr:suburb": null, "membership": null, "access:covid19": null, "alt_name": null, "delivery:covid19": null, "takeaway:covid19": null, "discount:students": null, "currency:EUR": null, "internet_access:password": null, "internet_access:ssid": null, "post_office:brand:wikidata": null, "post_office:brand:wikipedia": null, "ref:deutsche_post": null, "description": null, "payment:mastercard_contactless": null, "payment:sodexo": null, "payment:v_pay": null, "fax": null, "drink:club-mate_granat": null, "opening_date": null, "payment:account_cards": null, "payment:payback_app": null, "wheelchair:description:de": null, "note": null, "cuisine": null, "diet:vegan": null, "diet:vegetarian": null, "contact:email": null, "branch": null, "short_name": null, "drink:kolle-kilimo": null, "drink:kombucha": null, "drink:sake": null, "drinking_water:refill": null, "drinking_water:refill:network": null, "payment:vpay": null, "payment:american_express": null, "source:name": null, "toilets": null, "diet:gluten_free": null, "diet:lactose_free": null, "post_office:id_check": null, "post_office:oversized_item": null, "post_office:packaging": null, "post_office:parcel_from": null, "post_office:parcel_pickup": null, "post_office:parcel_to": null, "post_office:post_bank": null, "post_office:stamps": null, "payment:visa_electron": null, "fair_trade": null, "reusable_packaging:accept": null, "payment:cryptocurrencies": null, "building": "retail", "building:levels": "1", "roof:shape": "gabled", "vending": null, "building:roof": null, "roof:colour": null, "building:colour": null, "height": null, "roof:levels": "0", "roof:height": null, "drink:coffee": null, "contact:facebook": null, "delivery": null, "contact:instagram": null, "payment:netto_app": null, "landuse": null, "indoor": null, "name:ru": null, "room": null }, "geometry": { "type": "Polygon", "coordinates": [ [ [ 13.794689, 51.0127533 ], [ 13.7950656, 51.0127011 ], [ 13.7950145, 51.0125552 ], [ 13.7950675, 51.0125479 ], [ 13.7950362, 51.0124585 ], [ 13.7949894, 51.0124649 ], [ 13.7949156, 51.012254 ], [ 13.7945366, 51.0123065 ], [ 13.7946249, 51.012559 ], [ 13.7945721, 51.0125663 ], [ 13.7946203, 51.0127042 ], [ 13.7946694, 51.0126974 ], [ 13.794689, 51.0127533 ] ] ] } },
{ "type": "Feature", "properties": { "element": "way", "id": 24365741, "addr:city": null, "addr:housenumber": null, "addr:postcode": null, "addr:street": null, "brand": "ALDI Nord", "brand:wikidata": "Q41171373", "brand:wikipedia": null, "check_date:opening_hours": "2024-08-31", "level": null, "name": "ALDI Nord", "opening_hours": "Mo-Sa 07:00-21:00", "shop": "supermarket", "wheelchair": "yes", "internet_access": null, "internet_access:access": null, "internet_access:fee": null, "operator": "ALDI GmbH & Co KG Wilsdruff", "phone": null, "website": null, "addr:country": null, "check_date": null, "email": null, "payment:mastercard": "yes", "payment:visa": "yes", "payment:cash": null, "payment:girocard": "yes", "payment:maestro": "yes", "self_checkout": null, "ref:vatin": null, "payment:credit_cards": null, "operator:tax": null, "ref": null, "diet:halal": null, "diet:kosher": null, "lastcheck": null, "access": null, "entrance": null, "cash_withdrawal": null, "cash_withdrawal:purchase_minimum": null, "cash_withdrawal:purchase_required": null, "cash_withdrawal:type": null, "drink:bionade": null, "drink:bionade_mate": null, "drink:charitea_mate": null, "drink:club-mate": null, "drink:club-mate_icetea": null, "drink:fritz-kola": null, "drink:fritz-limo": null, "drink:fritz-mischmasch": null, "drink:kolle-kolla": null, "drink:kolle-zotrine": null, "drink:lemonaid": null, "drink:mio_mio_cola": null, "drink:mio_mio_mate": null, "drink:vita_cola": null, "organic": null, "payment:contactless": "yes", "stroller": null, "start_date": "2020-11-30", "old_name": null, "contact:website": null, "layer": null, "toilets:wheelchair": null, "source": null, "payment:app": null, "payment:apple_pay": null, "payment:cards": null, "payment:coins": null, "payment:google_pay": null, "payment:visa_debit": null, "origin": null, "drink:charitea": null, "drink:kolle-jolle-mate": null, "drink:kolle-mate": null, "payment:debit_cards": null, "operator:wikidata": null, "drink:vita_limo": null, "contact:phone": null, "cash_withdrawal:limit": null, "post_office": null, "post_office:brand": null, "post_office:service_provider": null, "bulk_purchase": null, "dog": null, "air_conditioning": null, "payment:notes": null, "ref:rewe": null, "addr:suburb": null, "membership": null, "access:covid19": null, "alt_name": null, "delivery:covid19": null, "takeaway:covid19": null, "discount:students": null, "currency:EUR": null, "internet_access:password": null, "internet_access:ssid": null, "post_office:brand:wikidata": null, "post_office:brand:wikipedia": null, "ref:deutsche_post": null, "description": null, "payment:mastercard_contactless": null, "payment:sodexo": null, "payment:v_pay": null, "fax": null, "drink:club-mate_granat": null, "opening_date": null, "payment:account_cards": null, "payment:payback_app": null, "wheelchair:description:de": null, "note": null, "cuisine": null, "diet:vegan": null, "diet:vegetarian": null, "contact:email": null, "branch": null, "short_name": null, "drink:kolle-kilimo": null, "drink:kombucha": null, "drink:sake": null, "drinking_water:refill": null, "drinking_water:refill:network": null, "payment:vpay": null, "payment:american_express": "yes", "source:name": null, "toilets": null, "diet:gluten_free": null, "diet:lactose_free": null, "post_office:id_check": null, "post_office:oversized_item": null, "post_office:packaging": null, "post_office:parcel_from": null, "post_office:parcel_pickup": null, "post_office:parcel_to": null, "post_office:post_bank": null, "post_office:stamps": null, "payment:visa_electron": null, "fair_trade": null, "reusable_packaging:accept": null, "payment:cryptocurrencies": null, "building": "supermarket", "building:levels": null, "roof:shape": null, "vending": null, "building:roof": null, "roof:colour": null, "building:colour": null, "height": null, "roof:levels": null, "roof:height": null, "drink:coffee": null, "contact:facebook": null, "delivery": null, "contact:instagram": null, "payment:netto_app": null, "landuse": null, "indoor": null, "name:ru": null, "room": null }, "geometry": { "type": "Polygon", "coordinates": [ [ [ 13.765756, 51.057073 ], [ 13.7656271, 51.0570302 ], [ 13.7655768, 51.0570016 ], [ 13.7655473, 51.0570327 ], [ 13.7654986, 51.0570842 ], [ 13.7654763, 51.0570759 ], [ 13.7654583, 51.0570666 ], [ 13.7654423, 51.0570542 ], [ 13.7654262, 51.0570377 ], [ 13.7654129, 51.0570168 ], [ 13.7654122, 51.0569951 ], [ 13.7654273, 51.056968 ], [ 13.7657943, 51.0564765 ], [ 13.7657511, 51.0564653 ], [ 13.7658038, 51.056398 ], [ 13.7659844, 51.056435 ], [ 13.7662186, 51.0564874 ], [ 13.7657961, 51.0570222 ], [ 13.765756, 51.057073 ] ] ] } },
{ "type": "Feature", "properties": { "element": "way", "id": 24374607, "addr:city": "Dresden", "addr:housenumber": "20", "addr:postcode": "01309", "addr:street": "Löscherstraße", "brand": "Konsum Dresden", "brand:wikidata": "Q1618877", "brand:wikipedia": "de:Konsum Dresden", "check_date:opening_hours": "2023-01-18", "level": null, "name": "Konsum", "opening_hours": "Mo-Sa 07:00-20:00", "shop": "supermarket", "wheelchair": "yes", "internet_access": null, "internet_access:access": null, "internet_access:fee": null, "operator": null, "phone": null, "website": null, "addr:country": "DE", "check_date": null, "email": null, "payment:mastercard": null, "payment:visa": null, "payment:cash": null, "payment:girocard": null, "payment:maestro": null, "self_checkout": null, "ref:vatin": null, "payment:credit_cards": null, "operator:tax": null, "ref": null, "diet:halal": null, "diet:kosher": null, "lastcheck": null, "access": null, "entrance": null, "cash_withdrawal": null, "cash_withdrawal:purchase_minimum": null, "cash_withdrawal:purchase_required": null, "cash_withdrawal:type": null, "drink:bionade": null, "drink:bionade_mate": null, "drink:charitea_mate": null, "drink:club-mate": null, "drink:club-mate_icetea": null, "drink:fritz-kola": null, "drink:fritz-limo": null, "drink:fritz-mischmasch": null, "drink:kolle-kolla": null, "drink:kolle-zotrine": null, "drink:lemonaid": null, "drink:mio_mio_cola": null, "drink:mio_mio_mate": null, "drink:vita_cola": null, "organic": null, "payment:contactless": null, "stroller": null, "start_date": null, "old_name": null, "contact:website": null, "layer": null, "toilets:wheelchair": null, "source": null, "payment:app": null, "payment:apple_pay": null, "payment:cards": null, "payment:coins": null, "payment:google_pay": null, "payment:visa_debit": null, "origin": null, "drink:charitea": null, "drink:kolle-jolle-mate": null, "drink:kolle-mate": null, "payment:debit_cards": null, "operator:wikidata": null, "drink:vita_limo": null, "contact:phone": null, "cash_withdrawal:limit": null, "post_office": null, "post_office:brand": null, "post_office:service_provider": null, "bulk_purchase": null, "dog": null, "air_conditioning": null, "payment:notes": null, "ref:rewe": null, "addr:suburb": null, "membership": null, "access:covid19": null, "alt_name": null, "delivery:covid19": null, "takeaway:covid19": null, "discount:students": null, "currency:EUR": null, "internet_access:password": null, "internet_access:ssid": null, "post_office:brand:wikidata": null, "post_office:brand:wikipedia": null, "ref:deutsche_post": null, "description": null, "payment:mastercard_contactless": null, "payment:sodexo": null, "payment:v_pay": null, "fax": null, "drink:club-mate_granat": null, "opening_date": null, "payment:account_cards": null, "payment:payback_app": null, "wheelchair:description:de": null, "note": null, "cuisine": null, "diet:vegan": null, "diet:vegetarian": null, "contact:email": null, "branch": null, "short_name": null, "drink:kolle-kilimo": null, "drink:kombucha": null, "drink:sake": null, "drinking_water:refill": null, "drinking_water:refill:network": null, "payment:vpay": null, "payment:american_express": null, "source:name": null, "toilets": null, "diet:gluten_free": null, "diet:lactose_free": null, "post_office:id_check": null, "post_office:oversized_item": null, "post_office:packaging": null, "post_office:parcel_from": null, "post_office:parcel_pickup": null, "post_office:parcel_to": null, "post_office:post_bank": null, "post_office:stamps": null, "payment:visa_electron": null, "fair_trade": null, "reusable_packaging:accept": null, "payment:cryptocurrencies": null, "building": "retail", "building:levels": "1", "roof:shape": "flat", "vending": null, "building:roof": null, "roof:colour": "black", "building:colour": null, "height": null, "roof:levels": null, "roof:height": null, "drink:coffee": null, "contact:facebook": null, "delivery": null, "contact:instagram": null, "payment:netto_app": null, "landuse": null, "indoor": null, "name:ru": null, "room": null }, "geometry": { "type": "Polygon", "coordinates": [ [ [ 13.7833352, 51.0509613 ], [ 13.7835218, 51.0508759 ], [ 13.7834949, 51.0508527 ], [ 13.7835988, 51.0508051 ], [ 13.7835476, 51.0507609 ], [ 13.7833327, 51.0505754 ], [ 13.7832375, 51.050619 ], [ 13.7832215, 51.0506052 ], [ 13.7830263, 51.0506946 ], [ 13.7830894, 51.0507491 ], [ 13.7833352, 51.0509613 ] ] ] } },
{ "type": "Feature", "properties": { "element": "way", "id": 24552390, "addr:city": "Dresden", "addr:housenumber": "33", "addr:postcode": "01217", "addr:street": "Räcknitzhöhe", "brand": "Konsum Dresden", "brand:wikidata": "Q1618877", "brand:wikipedia": null, "check_date:opening_hours": "2025-02-18", "level": null, "name": "Konsum", "opening_hours": "Mo-Sa 08:00-20:00", "shop": "supermarket", "wheelchair": "yes", "internet_access": "wlan", "internet_access:access": "customers", "internet_access:fee": "no", "operator": "KONSUM DRESDEN eG", "phone": null, "website": "https://www.konsum.de/", "addr:country": "DE", "check_date": null, "email": null, "payment:mastercard": null, "payment:visa": null, "payment:cash": null, "payment:girocard": null, "payment:maestro": null, "self_checkout": null, "ref:vatin": null, "payment:credit_cards": null, "operator:tax": null, "ref": null, "diet:halal": null, "diet:kosher": null, "lastcheck": null, "access": null, "entrance": null, "cash_withdrawal": null, "cash_withdrawal:purchase_minimum": null, "cash_withdrawal:purchase_required": null, "cash_withdrawal:type": null, "drink:bionade": null, "drink:bionade_mate": null, "drink:charitea_mate": null, "drink:club-mate": null, "drink:club-mate_icetea": null, "drink:fritz-kola": null, "drink:fritz-limo": null, "drink:fritz-mischmasch": null, "drink:kolle-kolla": null, "drink:kolle-zotrine": null, "drink:lemonaid": null, "drink:mio_mio_cola": null, "drink:mio_mio_mate": null, "drink:vita_cola": null, "organic": null, "payment:contactless": null, "stroller": null, "start_date": null, "old_name": null, "contact:website": null, "layer": null, "toilets:wheelchair": null, "source": null, "payment:app": null, "payment:apple_pay": null, "payment:cards": null, "payment:coins": null, "payment:google_pay": null, "payment:visa_debit": null, "origin": null, "drink:charitea": null, "drink:kolle-jolle-mate": null, "drink:kolle-mate": null, "payment:debit_cards": null, "operator:wikidata": null, "drink:vita_limo": null, "contact:phone": null, "cash_withdrawal:limit": null, "post_office": null, "post_office:brand": null, "post_office:service_provider": null, "bulk_purchase": null, "dog": null, "air_conditioning": null, "payment:notes": null, "ref:rewe": null, "addr:suburb": null, "membership": null, "access:covid19": null, "alt_name": null, "delivery:covid19": null, "takeaway:covid19": null, "discount:students": null, "currency:EUR": null, "internet_access:password": null, "internet_access:ssid": null, "post_office:brand:wikidata": null, "post_office:brand:wikipedia": null, "ref:deutsche_post": null, "description": null, "payment:mastercard_contactless": null, "payment:sodexo": null, "payment:v_pay": null, "fax": null, "drink:club-mate_granat": null, "opening_date": null, "payment:account_cards": null, "payment:payback_app": null, "wheelchair:description:de": null, "note": null, "cuisine": null, "diet:vegan": null, "diet:vegetarian": null, "contact:email": null, "branch": null, "short_name": null, "drink:kolle-kilimo": null, "drink:kombucha": null, "drink:sake": null, "drinking_water:refill": null, "drinking_water:refill:network": null, "payment:vpay": null, "payment:american_express": null, "source:name": null, "toilets": null, "diet:gluten_free": null, "diet:lactose_free": null, "post_office:id_check": null, "post_office:oversized_item": null, "post_office:packaging": null, "post_office:parcel_from": null, "post_office:parcel_pickup": null, "post_office:parcel_to": null, "post_office:post_bank": null, "post_office:stamps": null, "payment:visa_electron": null, "fair_trade": null, "reusable_packaging:accept": null, "payment:cryptocurrencies": null, "building": "retail", "building:levels": "1", "roof:shape": "flat", "vending": null, "building:roof": null, "roof:colour": null, "building:colour": null, "height": null, "roof:levels": null, "roof:height": null, "drink:coffee": null, "contact:facebook": null, "delivery": null, "contact:instagram": null, "payment:netto_app": null, "landuse": null, "indoor": null, "name:ru": null, "room": null }, "geometry": { "type": "Polygon", "coordinates": [ [ [ 13.7422324, 51.0244129 ], [ 13.7429436, 51.0243322 ], [ 13.7429663, 51.024304 ], [ 13.7428439, 51.0239175 ], [ 13.7422476, 51.0239878 ], [ 13.7421123, 51.024011 ], [ 13.7420799, 51.0240166 ], [ 13.7420865, 51.0240351 ], [ 13.742093, 51.024053 ], [ 13.7421212, 51.0240483 ], [ 13.7422324, 51.0244129 ] ] ] } },
{ "type": "Feature", "properties": { "element": "way", "id": 24559074, "addr:city": "Dresden", "addr:housenumber": "7", "addr:postcode": "01217", "addr:street": "Bulgakowstraße", "brand": "ALDI Nord", "brand:wikidata": "Q41171373", "brand:wikipedia": "en:Aldi", "check_date:opening_hours": "2022-12-08", "level": null, "name": "Aldi", "opening_hours": "Mo-Sa 07:00-21:00", "shop": "supermarket", "wheelchair": "yes", "internet_access": null, "internet_access:access": null, "internet_access:fee": null, "operator": "ALDI Nord", "phone": null, "website": null, "addr:country": "DE", "check_date": null, "email": null, "payment:mastercard": null, "payment:visa": null, "payment:cash": null, "payment:girocard": null, "payment:maestro": null, "self_checkout": null, "ref:vatin": null, "payment:credit_cards": null, "operator:tax": null, "ref": null, "diet:halal": null, "diet:kosher": "no", "lastcheck": null, "access": null, "entrance": null, "cash_withdrawal": null, "cash_withdrawal:purchase_minimum": null, "cash_withdrawal:purchase_required": null, "cash_withdrawal:type": null, "drink:bionade": null, "drink:bionade_mate": null, "drink:charitea_mate": null, "drink:club-mate": null, "drink:club-mate_icetea": null, "drink:fritz-kola": null, "drink:fritz-limo": null, "drink:fritz-mischmasch": null, "drink:kolle-kolla": null, "drink:kolle-zotrine": null, "drink:lemonaid": null, "drink:mio_mio_cola": null, "drink:mio_mio_mate": null, "drink:vita_cola": null, "organic": null, "payment:contactless": null, "stroller": null, "start_date": null, "old_name": null, "contact:website": null, "layer": null, "toilets:wheelchair": null, "source": null, "payment:app": null, "payment:apple_pay": null, "payment:cards": null, "payment:coins": null, "payment:google_pay": null, "payment:visa_debit": null, "origin": null, "drink:charitea": null, "drink:kolle-jolle-mate": null, "drink:kolle-mate": null, "payment:debit_cards": null, "operator:wikidata": null, "drink:vita_limo": null, "contact:phone": null, "cash_withdrawal:limit": null, "post_office": null, "post_office:brand": null, "post_office:service_provider": null, "bulk_purchase": null, "dog": null, "air_conditioning": null, "payment:notes": null, "ref:rewe": null, "addr:suburb": null, "membership": null, "access:covid19": null, "alt_name": null, "delivery:covid19": null, "takeaway:covid19": null, "discount:students": null, "currency:EUR": null, "internet_access:password": null, "internet_access:ssid": null, "post_office:brand:wikidata": null, "post_office:brand:wikipedia": null, "ref:deutsche_post": null, "description": null, "payment:mastercard_contactless": null, "payment:sodexo": null, "payment:v_pay": null, "fax": null, "drink:club-mate_granat": null, "opening_date": null, "payment:account_cards": null, "payment:payback_app": null, "wheelchair:description:de": null, "note": null, "cuisine": null, "diet:vegan": null, "diet:vegetarian": null, "contact:email": null, "branch": null, "short_name": null, "drink:kolle-kilimo": null, "drink:kombucha": null, "drink:sake": null, "drinking_water:refill": null, "drinking_water:refill:network": null, "payment:vpay": null, "payment:american_express": null, "source:name": null, "toilets": null, "diet:gluten_free": null, "diet:lactose_free": null, "post_office:id_check": null, "post_office:oversized_item": null, "post_office:packaging": null, "post_office:parcel_from": null, "post_office:parcel_pickup": null, "post_office:parcel_to": null, "post_office:post_bank": null, "post_office:stamps": null, "payment:visa_electron": null, "fair_trade": null, "reusable_packaging:accept": null, "payment:cryptocurrencies": null, "building": "retail", "building:levels": "1", "roof:shape": "flat", "vending": null, "building:roof": null, "roof:colour": null, "building:colour": null, "height": null, "roof:levels": "0", "roof:height": null, "drink:coffee": null, "contact:facebook": null, "delivery": null, "contact:instagram": null, "payment:netto_app": null, "landuse": null, "indoor": null, "name:ru": null, "room": null }, "geometry": { "type": "Polygon", "coordinates": [ [ [ 13.7357438, 51.0192782 ], [ 13.7352773, 51.0192952 ], [ 13.735287, 51.0194004 ], [ 13.7353647, 51.0193975 ], [ 13.7353912, 51.0196863 ], [ 13.7357765, 51.0196723 ], [ 13.7357741, 51.019646 ], [ 13.7357716, 51.0196182 ], [ 13.7358306, 51.019616 ], [ 13.7358242, 51.0195454 ], [ 13.7357685, 51.0195474 ], [ 13.7357438, 51.0192782 ] ] ] } },
{ "type": "Feature", "properties": { "element": "way", "id": 24678211, "addr:city": "Dresden", "addr:housenumber": "80", "addr:postcode": "01189", "addr:street": "Karlsruher Straße", "brand": "Netto Marken-Discount", "brand:wikidata": "Q879858", "brand:wikipedia": "de:Netto Marken-Discount", "check_date:opening_hours": null, "level": null, "name": "Netto Marken-Discount", "opening_hours": "Mo-Sa 07:00-20:00", "shop": "supermarket", "wheelchair": "yes", "internet_access": null, "internet_access:access": null, "internet_access:fee": null, "operator": null, "phone": null, "website": "https://www.netto-online.de/filialen/Dresden/Karlsruher-Str-80/8703/", "addr:country": "DE", "check_date": null, "email": null, "payment:mastercard": null, "payment:visa": null, "payment:cash": null, "payment:girocard": null, "payment:maestro": null, "self_checkout": null, "ref:vatin": null, "payment:credit_cards": null, "operator:tax": null, "ref": null, "diet:halal": null, "diet:kosher": null, "lastcheck": null, "access": null, "entrance": null, "cash_withdrawal": null, "cash_withdrawal:purchase_minimum": null, "cash_withdrawal:purchase_required": null, "cash_withdrawal:type": null, "drink:bionade": null, "drink:bionade_mate": null, "drink:charitea_mate": null, "drink:club-mate": null, "drink:club-mate_icetea": null, "drink:fritz-kola": null, "drink:fritz-limo": null, "drink:fritz-mischmasch": null, "drink:kolle-kolla": null, "drink:kolle-zotrine": null, "drink:lemonaid": null, "drink:mio_mio_cola": null, "drink:mio_mio_mate": null, "drink:vita_cola": null, "organic": null, "payment:contactless": null, "stroller": null, "start_date": null, "old_name": null, "contact:website": null, "layer": null, "toilets:wheelchair": null, "source": null, "payment:app": null, "payment:apple_pay": null, "payment:cards": null, "payment:coins": null, "payment:google_pay": null, "payment:visa_debit": null, "origin": null, "drink:charitea": null, "drink:kolle-jolle-mate": null, "drink:kolle-mate": null, "payment:debit_cards": null, "operator:wikidata": null, "drink:vita_limo": null, "contact:phone": null, "cash_withdrawal:limit": null, "post_office": null, "post_office:brand": null, "post_office:service_provider": null, "bulk_purchase": null, "dog": null, "air_conditioning": null, "payment:notes": null, "ref:rewe": null, "addr:suburb": null, "membership": null, "access:covid19": null, "alt_name": null, "delivery:covid19": null, "takeaway:covid19": null, "discount:students": null, "currency:EUR": null, "internet_access:password": null, "internet_access:ssid": null, "post_office:brand:wikidata": null, "post_office:brand:wikipedia": null, "ref:deutsche_post": null, "description": null, "payment:mastercard_contactless": null, "payment:sodexo": null, "payment:v_pay": null, "fax": null, "drink:club-mate_granat": null, "opening_date": null, "payment:account_cards": null, "payment:payback_app": null, "wheelchair:description:de": null, "note": null, "cuisine": null, "diet:vegan": null, "diet:vegetarian": null, "contact:email": null, "branch": null, "short_name": null, "drink:kolle-kilimo": null, "drink:kombucha": null, "drink:sake": null, "drinking_water:refill": null, "drinking_water:refill:network": null, "payment:vpay": null, "payment:american_express": null, "source:name": null, "toilets": null, "diet:gluten_free": null, "diet:lactose_free": null, "post_office:id_check": null, "post_office:oversized_item": null, "post_office:packaging": null, "post_office:parcel_from": null, "post_office:parcel_pickup": null, "post_office:parcel_to": null, "post_office:post_bank": null, "post_office:stamps": null, "payment:visa_electron": null, "fair_trade": null, "reusable_packaging:accept": null, "payment:cryptocurrencies": null, "building": "retail", "building:levels": null, "roof:shape": null, "vending": null, "building:roof": null, "roof:colour": null, "building:colour": null, "height": null, "roof:levels": null, "roof:height": null, "drink:coffee": null, "contact:facebook": null, "delivery": null, "contact:instagram": null, "payment:netto_app": null, "landuse": null, "indoor": null, "name:ru": null, "room": null }, "geometry": { "type": "Polygon", "coordinates": [ [ [ 13.692695, 51.0120975 ], [ 13.6930542, 51.0120163 ], [ 13.6930761, 51.0120545 ], [ 13.6932835, 51.0120075 ], [ 13.6932074, 51.0118744 ], [ 13.6933106, 51.0118511 ], [ 13.6932244, 51.0117004 ], [ 13.6931193, 51.0117242 ], [ 13.6931139, 51.0117149 ], [ 13.6928647, 51.0117713 ], [ 13.6928757, 51.0117906 ], [ 13.6928873, 51.0118109 ], [ 13.6926227, 51.0118708 ], [ 13.692647, 51.0119134 ], [ 13.6925963, 51.0119249 ], [ 13.692695, 51.0120975 ] ] ] } },
{ "type": "Feature", "properties": { "element": "way", "id": 24897217, "addr:city": "Dresden", "addr:housenumber": "6", "addr:postcode": "01157", "addr:street": "Cossebauder Straße", "brand": "Lidl", "brand:wikidata": "Q151954", "brand:wikipedia": "en:Lidl", "check_date:opening_hours": "2024-08-26", "level": null, "name": "Lidl", "opening_hours": "Mo-Sa 07:00-21:00", "shop": "supermarket", "wheelchair": "yes", "internet_access": null, "internet_access:access": null, "internet_access:fee": null, "operator": null, "phone": null, "website": null, "addr:country": "DE", "check_date": null, "email": null, "payment:mastercard": "yes", "payment:visa": "yes", "payment:cash": "yes", "payment:girocard": "yes", "payment:maestro": null, "self_checkout": null, "ref:vatin": null, "payment:credit_cards": null, "operator:tax": null, "ref": null, "diet:halal": null, "diet:kosher": null, "lastcheck": null, "access": null, "entrance": null, "cash_withdrawal": null, "cash_withdrawal:purchase_minimum": null, "cash_withdrawal:purchase_required": null, "cash_withdrawal:type": null, "drink:bionade": null, "drink:bionade_mate": null, "drink:charitea_mate": null, "drink:club-mate": null, "drink:club-mate_icetea": null, "drink:fritz-kola": null, "drink:fritz-limo": null, "drink:fritz-mischmasch": null, "drink:kolle-kolla": null, "drink:kolle-zotrine": null, "drink:lemonaid": null, "drink:mio_mio_cola": null, "drink:mio_mio_mate": null, "drink:vita_cola": null, "organic": null, "payment:contactless": "yes", "stroller": null, "start_date": null, "old_name": null, "contact:website": null, "layer": null, "toilets:wheelchair": null, "source": "Bing", "payment:app": null, "payment:apple_pay": null, "payment:cards": null, "payment:coins": null, "payment:google_pay": null, "payment:visa_debit": null, "origin": null, "drink:charitea": null, "drink:kolle-jolle-mate": null, "drink:kolle-mate": null, "payment:debit_cards": null, "operator:wikidata": null, "drink:vita_limo": null, "contact:phone": null, "cash_withdrawal:limit": null, "post_office": null, "post_office:brand": null, "post_office:service_provider": null, "bulk_purchase": null, "dog": null, "air_conditioning": null, "payment:notes": null, "ref:rewe": null, "addr:suburb": null, "membership": null, "access:covid19": null, "alt_name": null, "delivery:covid19": null, "takeaway:covid19": null, "discount:students": null, "currency:EUR": null, "internet_access:password": null, "internet_access:ssid": null, "post_office:brand:wikidata": null, "post_office:brand:wikipedia": null, "ref:deutsche_post": null, "description": null, "payment:mastercard_contactless": null, "payment:sodexo": null, "payment:v_pay": null, "fax": null, "drink:club-mate_granat": null, "opening_date": null, "payment:account_cards": null, "payment:payback_app": null, "wheelchair:description:de": null, "note": null, "cuisine": null, "diet:vegan": null, "diet:vegetarian": null, "contact:email": null, "branch": null, "short_name": null, "drink:kolle-kilimo": null, "drink:kombucha": null, "drink:sake": null, "drinking_water:refill": null, "drinking_water:refill:network": null, "payment:vpay": null, "payment:american_express": null, "source:name": null, "toilets": null, "diet:gluten_free": null, "diet:lactose_free": null, "post_office:id_check": null, "post_office:oversized_item": null, "post_office:packaging": null, "post_office:parcel_from": null, "post_office:parcel_pickup": null, "post_office:parcel_to": null, "post_office:post_bank": null, "post_office:stamps": null, "payment:visa_electron": null, "fair_trade": null, "reusable_packaging:accept": null, "payment:cryptocurrencies": null, "building": "retail", "building:levels": null, "roof:shape": null, "vending": null, "building:roof": null, "roof:colour": null, "building:colour": null, "height": null, "roof:levels": null, "roof:height": null, "drink:coffee": null, "contact:facebook": null, "delivery": null, "contact:instagram": null, "payment:netto_app": null, "landuse": null, "indoor": null, "name:ru": null, "room": null }, "geometry": { "type": "Polygon", "coordinates": [ [ [ 13.6804673, 51.0607637 ], [ 13.6807322, 51.0607779 ], [ 13.6807262, 51.0608221 ], [ 13.6813871, 51.0608573 ], [ 13.6814151, 51.0606503 ], [ 13.68147, 51.0606532 ], [ 13.681478, 51.0605941 ], [ 13.6804201, 51.0605375 ], [ 13.6804076, 51.0606303 ], [ 13.6804848, 51.0606344 ], [ 13.6804673, 51.0607637 ] ] ] } },
{ "type": "Feature", "properties": { "element": "way", "id": 24967327, "addr:city": "Dresden", "addr:housenumber": "1", "addr:postcode": "01109", "addr:street": "Kunitzteichweg", "brand": "Netto Marken-Discount", "brand:wikidata": "Q879858", "brand:wikipedia": "de:Netto Marken-Discount", "check_date:opening_hours": null, "level": null, "name": "Netto Marken-Discount", "opening_hours": "Mo-Sa 07:00-22:00", "shop": "supermarket", "wheelchair": "limited", "internet_access": null, "internet_access:access": null, "internet_access:fee": null, "operator": "Netto Marken-Discount AG & Co. KG", "phone": "+49 351 7958166", "website": "https://www.netto-online.de/filialen/Dresden-Klotzsche/Kunitzteichweg-1/4817/", "addr:country": "DE", "check_date": null, "email": null, "payment:mastercard": null, "payment:visa": null, "payment:cash": null, "payment:girocard": null, "payment:maestro": null, "self_checkout": null, "ref:vatin": null, "payment:credit_cards": null, "operator:tax": null, "ref": null, "diet:halal": null, "diet:kosher": null, "lastcheck": null, "access": null, "entrance": null, "cash_withdrawal": null, "cash_withdrawal:purchase_minimum": null, "cash_withdrawal:purchase_required": null, "cash_withdrawal:type": null, "drink:bionade": null, "drink:bionade_mate": null, "drink:charitea_mate": null, "drink:club-mate": null, "drink:club-mate_icetea": null, "drink:fritz-kola": null, "drink:fritz-limo": null, "drink:fritz-mischmasch": null, "drink:kolle-kolla": null, "drink:kolle-zotrine": null, "drink:lemonaid": null, "drink:mio_mio_cola": null, "drink:mio_mio_mate": null, "drink:vita_cola": null, "organic": null, "payment:contactless": null, "stroller": null, "start_date": null, "old_name": null, "contact:website": null, "layer": null, "toilets:wheelchair": null, "source": null, "payment:app": null, "payment:apple_pay": null, "payment:cards": null, "payment:coins": null, "payment:google_pay": null, "payment:visa_debit": null, "origin": null, "drink:charitea": null, "drink:kolle-jolle-mate": null, "drink:kolle-mate": null, "payment:debit_cards": null, "operator:wikidata": null, "drink:vita_limo": null, "contact:phone": null, "cash_withdrawal:limit": null, "post_office": null, "post_office:brand": null, "post_office:service_provider": null, "bulk_purchase": null, "dog": null, "air_conditioning": null, "payment:notes": null, "ref:rewe": null, "addr:suburb": null, "membership": null, "access:covid19": null, "alt_name": null, "delivery:covid19": null, "takeaway:covid19": null, "discount:students": null, "currency:EUR": null, "internet_access:password": null, "internet_access:ssid": null, "post_office:brand:wikidata": null, "post_office:brand:wikipedia": null, "ref:deutsche_post": null, "description": null, "payment:mastercard_contactless": null, "payment:sodexo": null, "payment:v_pay": null, "fax": null, "drink:club-mate_granat": null, "opening_date": null, "payment:account_cards": null, "payment:payback_app": null, "wheelchair:description:de": null, "note": null, "cuisine": null, "diet:vegan": null, "diet:vegetarian": null, "contact:email": null, "branch": null, "short_name": null, "drink:kolle-kilimo": null, "drink:kombucha": null, "drink:sake": null, "drinking_water:refill": null, "drinking_water:refill:network": null, "payment:vpay": null, "payment:american_express": null, "source:name": null, "toilets": null, "diet:gluten_free": null, "diet:lactose_free": null, "post_office:id_check": null, "post_office:oversized_item": null, "post_office:packaging": null, "post_office:parcel_from": null, "post_office:parcel_pickup": null, "post_office:parcel_to": null, "post_office:post_bank": null, "post_office:stamps": null, "payment:visa_electron": null, "fair_trade": null, "reusable_packaging:accept": null, "payment:cryptocurrencies": null, "building": "retail", "building:levels": "1", "roof:shape": "flat", "vending": null, "building:roof": null, "roof:colour": "#B6B7B1", "building:colour": null, "height": "4.5", "roof:levels": "0", "roof:height": null, "drink:coffee": null, "contact:facebook": null, "delivery": null, "contact:instagram": null, "payment:netto_app": null, "landuse": null, "indoor": null, "name:ru": null, "room": null }, "geometry": { "type": "Polygon", "coordinates": [ [ [ 13.7918581, 51.1219879 ], [ 13.7920107, 51.1219776 ], [ 13.7921427, 51.1219687 ], [ 13.7920626, 51.1214986 ], [ 13.7916936, 51.1215236 ], [ 13.7917015, 51.1215689 ], [ 13.7917037, 51.1215817 ], [ 13.7917264, 51.1217136 ], [ 13.7918098, 51.1217079 ], [ 13.7918581, 51.1219879 ] ] ] } },
{ "type": "Feature", "properties": { "element": "way", "id": 25033949, "addr:city": "Dresden", "addr:housenumber": "1", "addr:postcode": "01219", "addr:street": "Strehlener Platz", "brand": "Lidl", "brand:wikidata": "Q151954", "brand:wikipedia": null, "check_date:opening_hours": null, "level": null, "name": "Lidl", "opening_hours": "Mo-Sa 07:00-21:00", "shop": "supermarket", "wheelchair": "yes", "internet_access": null, "internet_access:access": null, "internet_access:fee": null, "operator": null, "phone": "+498004353361", "website": "https://www.lidl.de/", "addr:country": "DE", "check_date": "2024-07-24", "email": null, "payment:mastercard": "yes", "payment:visa": "yes", "payment:cash": null, "payment:girocard": null, "payment:maestro": null, "self_checkout": null, "ref:vatin": null, "payment:credit_cards": null, "operator:tax": null, "ref": null, "diet:halal": "yes", "diet:kosher": "yes", "lastcheck": null, "access": null, "entrance": null, "cash_withdrawal": null, "cash_withdrawal:purchase_minimum": null, "cash_withdrawal:purchase_required": null, "cash_withdrawal:type": null, "drink:bionade": null, "drink:bionade_mate": null, "drink:charitea_mate": null, "drink:club-mate": null, "drink:club-mate_icetea": null, "drink:fritz-kola": null, "drink:fritz-limo": null, "drink:fritz-mischmasch": null, "drink:kolle-kolla": null, "drink:kolle-zotrine": null, "drink:lemonaid": null, "drink:mio_mio_cola": null, "drink:mio_mio_mate": null, "drink:vita_cola": null, "organic": null, "payment:contactless": null, "stroller": null, "start_date": null, "old_name": null, "contact:website": null, "layer": null, "toilets:wheelchair": null, "source": null, "payment:app": null, "payment:apple_pay": null, "payment:cards": null, "payment:coins": null, "payment:google_pay": null, "payment:visa_debit": null, "origin": null, "drink:charitea": null, "drink:kolle-jolle-mate": null, "drink:kolle-mate": null, "payment:debit_cards": null, "operator:wikidata": null, "drink:vita_limo": null, "contact:phone": null, "cash_withdrawal:limit": null, "post_office": null, "post_office:brand": null, "post_office:service_provider": null, "bulk_purchase": null, "dog": null, "air_conditioning": null, "payment:notes": null, "ref:rewe": null, "addr:suburb": null, "membership": null, "access:covid19": null, "alt_name": null, "delivery:covid19": null, "takeaway:covid19": null, "discount:students": null, "currency:EUR": null, "internet_access:password": null, "internet_access:ssid": null, "post_office:brand:wikidata": null, "post_office:brand:wikipedia": null, "ref:deutsche_post": null, "description": null, "payment:mastercard_contactless": null, "payment:sodexo": null, "payment:v_pay": null, "fax": null, "drink:club-mate_granat": null, "opening_date": null, "payment:account_cards": null, "payment:payback_app": null, "wheelchair:description:de": null, "note": null, "cuisine": null, "diet:vegan": null, "diet:vegetarian": null, "contact:email": null, "branch": null, "short_name": null, "drink:kolle-kilimo": null, "drink:kombucha": null, "drink:sake": null, "drinking_water:refill": null, "drinking_water:refill:network": null, "payment:vpay": null, "payment:american_express": null, "source:name": null, "toilets": null, "diet:gluten_free": null, "diet:lactose_free": null, "post_office:id_check": null, "post_office:oversized_item": null, "post_office:packaging": null, "post_office:parcel_from": null, "post_office:parcel_pickup": null, "post_office:parcel_to": null, "post_office:post_bank": null, "post_office:stamps": null, "payment:visa_electron": null, "fair_trade": null, "reusable_packaging:accept": null, "payment:cryptocurrencies": null, "building": "retail", "building:levels": "1", "roof:shape": "many", "vending": null, "building:roof": null, "roof:colour": "red", "building:colour": null, "height": null, "roof:levels": "0", "roof:height": null, "drink:coffee": null, "contact:facebook": null, "delivery": null, "contact:instagram": null, "payment:netto_app": null, "landuse": null, "indoor": null, "name:ru": null, "room": null }, "geometry": { "type": "Polygon", "coordinates": [ [ [ 13.7509591, 51.0337676 ], [ 13.7511308, 51.0336566 ], [ 13.7511643, 51.0336771 ], [ 13.7511877, 51.0336914 ], [ 13.7512649, 51.0336414 ], [ 13.75065, 51.0332655 ], [ 13.75035, 51.0334596 ], [ 13.7503777, 51.0334765 ], [ 13.7504063, 51.033494 ], [ 13.7504304, 51.0335087 ], [ 13.7508248, 51.0337498 ], [ 13.7508759, 51.0337168 ], [ 13.7509591, 51.0337676 ] ] ] } },
{ "type": "Feature", "properties": { "element": "way", "id": 25260840, "addr:city": "Dresden", "addr:housenumber": "21", "addr:postcode": "01157", "addr:street": "Felix-Dahn-Weg", "brand": "Netto Marken-Discount", "brand:wikidata": "Q879858", "brand:wikipedia": null, "check_date:opening_hours": "2024-01-30", "level": null, "name": "Netto Marken-Discount", "opening_hours": "Mo-Sa 07:00-21:00", "shop": "supermarket", "wheelchair": "yes", "internet_access": null, "internet_access:access": null, "internet_access:fee": null, "operator": null, "phone": null, "website": "https://www.netto-online.de/filialen/Dresden-Briesnitz/Felix-Dahn-Weg-21/4766/", "addr:country": "DE", "check_date": null, "email": null, "payment:mastercard": null, "payment:visa": null, "payment:cash": null, "payment:girocard": null, "payment:maestro": null, "self_checkout": null, "ref:vatin": null, "payment:credit_cards": null, "operator:tax": null, "ref": null, "diet:halal": null, "diet:kosher": null, "lastcheck": null, "access": null, "entrance": null, "cash_withdrawal": null, "cash_withdrawal:purchase_minimum": null, "cash_withdrawal:purchase_required": null, "cash_withdrawal:type": null, "drink:bionade": null, "drink:bionade_mate": null, "drink:charitea_mate": null, "drink:club-mate": null, "drink:club-mate_icetea": null, "drink:fritz-kola": null, "drink:fritz-limo": null, "drink:fritz-mischmasch": null, "drink:kolle-kolla": null, "drink:kolle-zotrine": null, "drink:lemonaid": null, "drink:mio_mio_cola": null, "drink:mio_mio_mate": null, "drink:vita_cola": null, "organic": null, "payment:contactless": null, "stroller": null, "start_date": null, "old_name": null, "contact:website": null, "layer": null, "toilets:wheelchair": null, "source": null, "payment:app": null, "payment:apple_pay": null, "payment:cards": null, "payment:coins": null, "payment:google_pay": null, "payment:visa_debit": null, "origin": null, "drink:charitea": null, "drink:kolle-jolle-mate": null, "drink:kolle-mate": null, "payment:debit_cards": null, "operator:wikidata": null, "drink:vita_limo": null, "contact:phone": null, "cash_withdrawal:limit": null, "post_office": null, "post_office:brand": null, "post_office:service_provider": null, "bulk_purchase": null, "dog": null, "air_conditioning": null, "payment:notes": null, "ref:rewe": null, "addr:suburb": null, "membership": null, "access:covid19": null, "alt_name": null, "delivery:covid19": null, "takeaway:covid19": null, "discount:students": null, "currency:EUR": null, "internet_access:password": null, "internet_access:ssid": null, "post_office:brand:wikidata": null, "post_office:brand:wikipedia": null, "ref:deutsche_post": null, "description": null, "payment:mastercard_contactless": null, "payment:sodexo": null, "payment:v_pay": null, "fax": null, "drink:club-mate_granat": null, "opening_date": null, "payment:account_cards": null, "payment:payback_app": null, "wheelchair:description:de": null, "note": null, "cuisine": null, "diet:vegan": null, "diet:vegetarian": null, "contact:email": null, "branch": null, "short_name": null, "drink:kolle-kilimo": null, "drink:kombucha": null, "drink:sake": null, "drinking_water:refill": null, "drinking_water:refill:network": null, "payment:vpay": null, "payment:american_express": null, "source:name": null, "toilets": null, "diet:gluten_free": null, "diet:lactose_free": null, "post_office:id_check": null, "post_office:oversized_item": null, "post_office:packaging": null, "post_office:parcel_from": null, "post_office:parcel_pickup": null, "post_office:parcel_to": null, "post_office:post_bank": null, "post_office:stamps": null, "payment:visa_electron": null, "fair_trade": null, "reusable_packaging:accept": null, "payment:cryptocurrencies": null, "building": "apartments", "building:levels": "4", "roof:shape": null, "vending": null, "building:roof": null, "roof:colour": null, "building:colour": null, "height": null, "roof:levels": "0", "roof:height": null, "drink:coffee": null, "contact:facebook": null, "delivery": null, "contact:instagram": null, "payment:netto_app": null, "landuse": null, "indoor": null, "name:ru": null, "room": null }, "geometry": { "type": "Polygon", "coordinates": [ [ [ 13.6724272, 51.0634788 ], [ 13.6728093, 51.0635477 ], [ 13.6728298, 51.0635027 ], [ 13.6728898, 51.0635135 ], [ 13.6729079, 51.0634736 ], [ 13.6728486, 51.063463 ], [ 13.6729608, 51.063217 ], [ 13.6728535, 51.0631976 ], [ 13.6728115, 51.0632896 ], [ 13.6726637, 51.063263 ], [ 13.6727059, 51.0631706 ], [ 13.6725783, 51.0631476 ], [ 13.6724272, 51.0634788 ] ] ] } },
{ "type": "Feature", "properties": { "element": "way", "id": 26563196, "addr:city": "Dresden", "addr:housenumber": "196", "addr:postcode": "01257", "addr:street": "Pirnaer Landstraße", "brand": "ALDI Nord", "brand:wikidata": "Q41171373", "brand:wikipedia": "en:Aldi", "check_date:opening_hours": null, "level": null, "name": "ALDI Nord", "opening_hours": null, "shop": "supermarket", "wheelchair": null, "internet_access": null, "internet_access:access": null, "internet_access:fee": null, "operator": null, "phone": null, "website": null, "addr:country": "DE", "check_date": "2024-04-25", "email": null, "payment:mastercard": null, "payment:visa": null, "payment:cash": null, "payment:girocard": null, "payment:maestro": null, "self_checkout": null, "ref:vatin": null, "payment:credit_cards": null, "operator:tax": null, "ref": null, "diet:halal": null, "diet:kosher": null, "lastcheck": null, "access": null, "entrance": null, "cash_withdrawal": null, "cash_withdrawal:purchase_minimum": null, "cash_withdrawal:purchase_required": null, "cash_withdrawal:type": null, "drink:bionade": null, "drink:bionade_mate": null, "drink:charitea_mate": null, "drink:club-mate": null, "drink:club-mate_icetea": null, "drink:fritz-kola": null, "drink:fritz-limo": null, "drink:fritz-mischmasch": null, "drink:kolle-kolla": null, "drink:kolle-zotrine": null, "drink:lemonaid": null, "drink:mio_mio_cola": null, "drink:mio_mio_mate": null, "drink:vita_cola": null, "organic": null, "payment:contactless": null, "stroller": null, "start_date": null, "old_name": null, "contact:website": null, "layer": null, "toilets:wheelchair": null, "source": null, "payment:app": null, "payment:apple_pay": null, "payment:cards": null, "payment:coins": null, "payment:google_pay": null, "payment:visa_debit": null, "origin": null, "drink:charitea": null, "drink:kolle-jolle-mate": null, "drink:kolle-mate": null, "payment:debit_cards": null, "operator:wikidata": null, "drink:vita_limo": null, "contact:phone": null, "cash_withdrawal:limit": null, "post_office": null, "post_office:brand": null, "post_office:service_provider": null, "bulk_purchase": null, "dog": null, "air_conditioning": null, "payment:notes": null, "ref:rewe": null, "addr:suburb": null, "membership": null, "access:covid19": null, "alt_name": null, "delivery:covid19": null, "takeaway:covid19": null, "discount:students": null, "currency:EUR": null, "internet_access:password": null, "internet_access:ssid": null, "post_office:brand:wikidata": null, "post_office:brand:wikipedia": null, "ref:deutsche_post": null, "description": null, "payment:mastercard_contactless": null, "payment:sodexo": null, "payment:v_pay": null, "fax": null, "drink:club-mate_granat": null, "opening_date": null, "payment:account_cards": null, "payment:payback_app": null, "wheelchair:description:de": null, "note": null, "cuisine": null, "diet:vegan": null, "diet:vegetarian": null, "contact:email": null, "branch": null, "short_name": null, "drink:kolle-kilimo": null, "drink:kombucha": null, "drink:sake": null, "drinking_water:refill": null, "drinking_water:refill:network": null, "payment:vpay": null, "payment:american_express": null, "source:name": null, "toilets": null, "diet:gluten_free": null, "diet:lactose_free": null, "post_office:id_check": null, "post_office:oversized_item": null, "post_office:packaging": null, "post_office:parcel_from": null, "post_office:parcel_pickup": null, "post_office:parcel_to": null, "post_office:post_bank": null, "post_office:stamps": null, "payment:visa_electron": null, "fair_trade": null, "reusable_packaging:accept": null, "payment:cryptocurrencies": null, "building": "retail", "building:levels": null, "roof:shape": null, "vending": null, "building:roof": null, "roof:colour": null, "building:colour": null, "height": null, "roof:levels": null, "roof:height": null, "drink:coffee": null, "contact:facebook": null, "delivery": null, "contact:instagram": null, "payment:netto_app": null, "landuse": null, "indoor": null, "name:ru": null, "room": null }, "geometry": { "type": "Polygon", "coordinates": [ [ [ 13.8361145, 51.0059822 ], [ 13.8362699, 51.0058951 ], [ 13.836355, 51.0059552 ], [ 13.8366272, 51.0058026 ], [ 13.8364834, 51.0057008 ], [ 13.836551, 51.0056688 ], [ 13.8363575, 51.0055386 ], [ 13.8358713, 51.0058104 ], [ 13.8361145, 51.0059822 ] ] ] } },
{ "type": "Feature", "properties": { "element": "way", "id": 27112525, "addr:city": "Dresden", "addr:housenumber": "6", "addr:postcode": "01257", "addr:street": "Zamenhofstraße", "brand": "EDEKA", "brand:wikidata": "Q701755", "brand:wikipedia": "de:Edeka", "check_date:opening_hours": null, "level": null, "name": "EDEKA - Megyesi", "opening_hours": "Mo-Sa 07:00-20:00; PH,Su off", "shop": "supermarket", "wheelchair": "yes", "internet_access": null, "internet_access:access": null, "internet_access:fee": null, "operator": "Laszlo Megyesi", "phone": null, "website": null, "addr:country": "DE", "check_date": null, "email": null, "payment:mastercard": null, "payment:visa": null, "payment:cash": null, "payment:girocard": null, "payment:maestro": null, "self_checkout": null, "ref:vatin": null, "payment:credit_cards": null, "operator:tax": null, "ref": null, "diet:halal": null, "diet:kosher": null, "lastcheck": null, "access": null, "entrance": null, "cash_withdrawal": null, "cash_withdrawal:purchase_minimum": null, "cash_withdrawal:purchase_required": null, "cash_withdrawal:type": null, "drink:bionade": null, "drink:bionade_mate": null, "drink:charitea_mate": null, "drink:club-mate": null, "drink:club-mate_icetea": null, "drink:fritz-kola": null, "drink:fritz-limo": null, "drink:fritz-mischmasch": null, "drink:kolle-kolla": null, "drink:kolle-zotrine": null, "drink:lemonaid": null, "drink:mio_mio_cola": null, "drink:mio_mio_mate": null, "drink:vita_cola": null, "organic": null, "payment:contactless": null, "stroller": null, "start_date": null, "old_name": null, "contact:website": null, "layer": null, "toilets:wheelchair": "yes", "source": null, "payment:app": null, "payment:apple_pay": null, "payment:cards": null, "payment:coins": null, "payment:google_pay": null, "payment:visa_debit": null, "origin": null, "drink:charitea": null, "drink:kolle-jolle-mate": null, "drink:kolle-mate": null, "payment:debit_cards": null, "operator:wikidata": null, "drink:vita_limo": null, "contact:phone": null, "cash_withdrawal:limit": null, "post_office": null, "post_office:brand": null, "post_office:service_provider": null, "bulk_purchase": null, "dog": null, "air_conditioning": null, "payment:notes": null, "ref:rewe": null, "addr:suburb": null, "membership": null, "access:covid19": null, "alt_name": null, "delivery:covid19": null, "takeaway:covid19": null, "discount:students": null, "currency:EUR": null, "internet_access:password": null, "internet_access:ssid": null, "post_office:brand:wikidata": null, "post_office:brand:wikipedia": null, "ref:deutsche_post": null, "description": null, "payment:mastercard_contactless": null, "payment:sodexo": null, "payment:v_pay": null, "fax": null, "drink:club-mate_granat": null, "opening_date": null, "payment:account_cards": null, "payment:payback_app": null, "wheelchair:description:de": null, "note": null, "cuisine": null, "diet:vegan": null, "diet:vegetarian": null, "contact:email": null, "branch": null, "short_name": null, "drink:kolle-kilimo": null, "drink:kombucha": null, "drink:sake": null, "drinking_water:refill": null, "drinking_water:refill:network": null, "payment:vpay": null, "payment:american_express": null, "source:name": null, "toilets": null, "diet:gluten_free": null, "diet:lactose_free": null, "post_office:id_check": null, "post_office:oversized_item": null, "post_office:packaging": null, "post_office:parcel_from": null, "post_office:parcel_pickup": null, "post_office:parcel_to": null, "post_office:post_bank": null, "post_office:stamps": null, "payment:visa_electron": null, "fair_trade": null, "reusable_packaging:accept": null, "payment:cryptocurrencies": null, "building": "commercial", "building:levels": "1", "roof:shape": "flat", "vending": null, "building:roof": null, "roof:colour": null, "building:colour": null, "height": null, "roof:levels": null, "roof:height": null, "drink:coffee": null, "contact:facebook": null, "delivery": null, "contact:instagram": null, "payment:netto_app": null, "landuse": null, "indoor": null, "name:ru": null, "room": null }, "geometry": { "type": "Polygon", "coordinates": [ [ [ 13.8218562, 51.0118772 ], [ 13.822404, 51.0117062 ], [ 13.8223844, 51.0116803 ], [ 13.8222793, 51.0115413 ], [ 13.8222103, 51.0114502 ], [ 13.8221115, 51.0114825 ], [ 13.8219383, 51.0112727 ], [ 13.8216371, 51.0113673 ], [ 13.8216167, 51.0113356 ], [ 13.8215817, 51.0112868 ], [ 13.8214309, 51.0113394 ], [ 13.8215377, 51.0114749 ], [ 13.8215826, 51.0115316 ], [ 13.8218562, 51.0118772 ] ] ] } },
{ "type": "Feature", "properties": { "element": "way", "id": 27444115, "addr:city": "Dresden", "addr:housenumber": "87", "addr:postcode": "01277", "addr:street": "Glashütter Straße", "brand": "ALDI Nord", "brand:wikidata": "Q41171373", "brand:wikipedia": "en:Aldi", "check_date:opening_hours": "2024-06-26", "level": null, "name": "ALDI Nord", "opening_hours": "Mo-Sa 07:00-21:00", "shop": "supermarket", "wheelchair": "yes", "internet_access": null, "internet_access:access": null, "internet_access:fee": null, "operator": "Aldi Nord", "phone": null, "website": null, "addr:country": "DE", "check_date": "2024-01-12", "email": null, "payment:mastercard": null, "payment:visa": null, "payment:cash": null, "payment:girocard": null, "payment:maestro": null, "self_checkout": null, "ref:vatin": null, "payment:credit_cards": null, "operator:tax": null, "ref": null, "diet:halal": null, "diet:kosher": null, "lastcheck": null, "access": null, "entrance": null, "cash_withdrawal": null, "cash_withdrawal:purchase_minimum": null, "cash_withdrawal:purchase_required": null, "cash_withdrawal:type": null, "drink:bionade": null, "drink:bionade_mate": null, "drink:charitea_mate": null, "drink:club-mate": null, "drink:club-mate_icetea": null, "drink:fritz-kola": null, "drink:fritz-limo": null, "drink:fritz-mischmasch": null, "drink:kolle-kolla": null, "drink:kolle-zotrine": null, "drink:lemonaid": null, "drink:mio_mio_cola": null, "drink:mio_mio_mate": null, "drink:vita_cola": null, "organic": null, "payment:contactless": null, "stroller": null, "start_date": null, "old_name": null, "contact:website": null, "layer": null, "toilets:wheelchair": null, "source": null, "payment:app": null, "payment:apple_pay": null, "payment:cards": null, "payment:coins": null, "payment:google_pay": null, "payment:visa_debit": null, "origin": null, "drink:charitea": null, "drink:kolle-jolle-mate": null, "drink:kolle-mate": null, "payment:debit_cards": null, "operator:wikidata": null, "drink:vita_limo": null, "contact:phone": null, "cash_withdrawal:limit": null, "post_office": null, "post_office:brand": null, "post_office:service_provider": null, "bulk_purchase": null, "dog": null, "air_conditioning": null, "payment:notes": null, "ref:rewe": null, "addr:suburb": null, "membership": null, "access:covid19": null, "alt_name": null, "delivery:covid19": null, "takeaway:covid19": null, "discount:students": null, "currency:EUR": null, "internet_access:password": null, "internet_access:ssid": null, "post_office:brand:wikidata": null, "post_office:brand:wikipedia": null, "ref:deutsche_post": null, "description": null, "payment:mastercard_contactless": null, "payment:sodexo": null, "payment:v_pay": null, "fax": null, "drink:club-mate_granat": null, "opening_date": null, "payment:account_cards": null, "payment:payback_app": null, "wheelchair:description:de": null, "note": null, "cuisine": null, "diet:vegan": null, "diet:vegetarian": null, "contact:email": null, "branch": null, "short_name": null, "drink:kolle-kilimo": null, "drink:kombucha": null, "drink:sake": null, "drinking_water:refill": null, "drinking_water:refill:network": null, "payment:vpay": null, "payment:american_express": null, "source:name": null, "toilets": null, "diet:gluten_free": null, "diet:lactose_free": null, "post_office:id_check": null, "post_office:oversized_item": null, "post_office:packaging": null, "post_office:parcel_from": null, "post_office:parcel_pickup": null, "post_office:parcel_to": null, "post_office:post_bank": null, "post_office:stamps": null, "payment:visa_electron": null, "fair_trade": null, "reusable_packaging:accept": null, "payment:cryptocurrencies": null, "building": "retail", "building:levels": "1", "roof:shape": "flat", "vending": null, "building:roof": null, "roof:colour": null, "building:colour": null, "height": null, "roof:levels": null, "roof:height": null, "drink:coffee": null, "contact:facebook": null, "delivery": null, "contact:instagram": null, "payment:netto_app": null, "landuse": null, "indoor": null, "name:ru": null, "room": null }, "geometry": { "type": "Polygon", "coordinates": [ [ [ 13.7989924, 51.0411034 ], [ 13.799326, 51.0409885 ], [ 13.7993545, 51.0410214 ], [ 13.7994188, 51.0409994 ], [ 13.7993902, 51.0409664 ], [ 13.7995329, 51.0409173 ], [ 13.799484, 51.0408598 ], [ 13.7993665, 51.0407261 ], [ 13.7988259, 51.0409121 ], [ 13.7989924, 51.0411034 ] ] ] } },
{ "type": "Feature", "properties": { "element": "way", "id": 27569935, "addr:city": "Dresden", "addr:housenumber": "8", "addr:postcode": null, "addr:street": "Alaunstraße", "brand": "Denns BioMarkt", "brand:wikidata": "Q48883773", "brand:wikipedia": null, "check_date:opening_hours": null, "level": null, "name": "Denns BioMarkt", "opening_hours": "Mo-Sa 09:00-21:00", "shop": "supermarket", "wheelchair": "yes", "internet_access": null, "internet_access:access": null, "internet_access:fee": null, "operator": "Dennree GmbH", "phone": null, "website": "https://www.biomarkt.de/dresden-alaunstr-8/marktseite", "addr:country": null, "check_date": null, "email": null, "payment:mastercard": null, "payment:visa": null, "payment:cash": null, "payment:girocard": "yes", "payment:maestro": null, "self_checkout": null, "ref:vatin": null, "payment:credit_cards": null, "operator:tax": null, "ref": null, "diet:halal": null, "diet:kosher": null, "lastcheck": null, "access": null, "entrance": null, "cash_withdrawal": "yes", "cash_withdrawal:purchase_minimum": "20", "cash_withdrawal:purchase_required": "yes", "cash_withdrawal:type": null, "drink:bionade": null, "drink:bionade_mate": null, "drink:charitea_mate": null, "drink:club-mate": null, "drink:club-mate_icetea": null, "drink:fritz-kola": null, "drink:fritz-limo": null, "drink:fritz-mischmasch": null, "drink:kolle-kolla": null, "drink:kolle-zotrine": null, "drink:lemonaid": null, "drink:mio_mio_cola": null, "drink:mio_mio_mate": null, "drink:vita_cola": null, "organic": "only", "payment:contactless": "yes", "stroller": null, "start_date": null, "old_name": null, "contact:website": null, "layer": null, "toilets:wheelchair": null, "source": null, "payment:app": null, "payment:apple_pay": null, "payment:cards": null, "payment:coins": null, "payment:google_pay": null, "payment:visa_debit": null, "origin": null, "drink:charitea": null, "drink:kolle-jolle-mate": null, "drink:kolle-mate": null, "payment:debit_cards": null, "operator:wikidata": "Q1189641", "drink:vita_limo": null, "contact:phone": null, "cash_withdrawal:limit": null, "post_office": null, "post_office:brand": null, "post_office:service_provider": null, "bulk_purchase": null, "dog": null, "air_conditioning": null, "payment:notes": null, "ref:rewe": null, "addr:suburb": null, "membership": null, "access:covid19": null, "alt_name": null, "delivery:covid19": null, "takeaway:covid19": null, "discount:students": null, "currency:EUR": null, "internet_access:password": null, "internet_access:ssid": null, "post_office:brand:wikidata": null, "post_office:brand:wikipedia": null, "ref:deutsche_post": null, "description": null, "payment:mastercard_contactless": null, "payment:sodexo": null, "payment:v_pay": null, "fax": null, "drink:club-mate_granat": null, "opening_date": null, "payment:account_cards": null, "payment:payback_app": null, "wheelchair:description:de": null, "note": null, "cuisine": null, "diet:vegan": null, "diet:vegetarian": null, "contact:email": null, "branch": null, "short_name": null, "drink:kolle-kilimo": null, "drink:kombucha": null, "drink:sake": null, "drinking_water:refill": null, "drinking_water:refill:network": null, "payment:vpay": null, "payment:american_express": null, "source:name": null, "toilets": null, "diet:gluten_free": null, "diet:lactose_free": null, "post_office:id_check": null, "post_office:oversized_item": null, "post_office:packaging": null, "post_office:parcel_from": null, "post_office:parcel_pickup": null, "post_office:parcel_to": null, "post_office:post_bank": null, "post_office:stamps": null, "payment:visa_electron": null, "fair_trade": null, "reusable_packaging:accept": null, "payment:cryptocurrencies": null, "building": "retail", "building:levels": "1", "roof:shape": null, "vending": null, "building:roof": null, "roof:colour": null, "building:colour": null, "height": null, "roof:levels": "0", "roof:height": null, "drink:coffee": null, "contact:facebook": null, "delivery": null, "contact:instagram": null, "payment:netto_app": null, "landuse": null, "indoor": null, "name:ru": null, "room": null }, "geometry": { "type": "Polygon", "coordinates": [ [ [ 13.7491059, 51.0641279 ], [ 13.7489741, 51.0641748 ], [ 13.7487707, 51.063965 ], [ 13.7488946, 51.0639194 ], [ 13.748933, 51.0639597 ], [ 13.7490217, 51.06393 ], [ 13.7490658, 51.0639768 ], [ 13.7492358, 51.0639268 ], [ 13.749336, 51.0640485 ], [ 13.7491059, 51.0641279 ] ] ] } },
{ "type": "Feature", "properties": { "element": "way", "id": 27867384, "addr:city": "Dresden", "addr:housenumber": "65", "addr:postcode": "01187", "addr:street": "Tharandter Straße", "brand": "Netto Marken-Discount", "brand:wikidata": "Q879858", "brand:wikipedia": "de:Netto Marken-Discount", "check_date:opening_hours": "2023-10-18", "level": null, "name": "Netto Marken-Discount", "opening_hours": "Mo-Sa 07:00-22:00", "shop": "supermarket", "wheelchair": "yes", "internet_access": null, "internet_access:access": null, "internet_access:fee": null, "operator": "Netto Marken-Discount AG & Co. KG", "phone": null, "website": null, "addr:country": "DE", "check_date": null, "email": null, "payment:mastercard": null, "payment:visa": null, "payment:cash": null, "payment:girocard": null, "payment:maestro": null, "self_checkout": null, "ref:vatin": null, "payment:credit_cards": null, "operator:tax": null, "ref": null, "diet:halal": null, "diet:kosher": null, "lastcheck": null, "access": null, "entrance": null, "cash_withdrawal": null, "cash_withdrawal:purchase_minimum": null, "cash_withdrawal:purchase_required": null, "cash_withdrawal:type": null, "drink:bionade": null, "drink:bionade_mate": null, "drink:charitea_mate": null, "drink:club-mate": null, "drink:club-mate_icetea": null, "drink:fritz-kola": null, "drink:fritz-limo": null, "drink:fritz-mischmasch": null, "drink:kolle-kolla": null, "drink:kolle-zotrine": null, "drink:lemonaid": null, "drink:mio_mio_cola": null, "drink:mio_mio_mate": null, "drink:vita_cola": null, "organic": null, "payment:contactless": null, "stroller": null, "start_date": null, "old_name": null, "contact:website": "https://www.netto-online.de/filialen/Dresden/Tharandter-Str-65/8684/", "layer": null, "toilets:wheelchair": null, "source": "Bing", "payment:app": null, "payment:apple_pay": null, "payment:cards": null, "payment:coins": null, "payment:google_pay": null, "payment:visa_debit": null, "origin": null, "drink:charitea": null, "drink:kolle-jolle-mate": null, "drink:kolle-mate": null, "payment:debit_cards": null, "operator:wikidata": null, "drink:vita_limo": null, "contact:phone": "+49 351 4135078", "cash_withdrawal:limit": null, "post_office": null, "post_office:brand": null, "post_office:service_provider": null, "bulk_purchase": null, "dog": null, "air_conditioning": null, "payment:notes": null, "ref:rewe": null, "addr:suburb": null, "membership": null, "access:covid19": null, "alt_name": null, "delivery:covid19": null, "takeaway:covid19": null, "discount:students": null, "currency:EUR": null, "internet_access:password": null, "internet_access:ssid": null, "post_office:brand:wikidata": null, "post_office:brand:wikipedia": null, "ref:deutsche_post": null, "description": null, "payment:mastercard_contactless": null, "payment:sodexo": null, "payment:v_pay": null, "fax": null, "drink:club-mate_granat": null, "opening_date": null, "payment:account_cards": null, "payment:payback_app": null, "wheelchair:description:de": null, "note": null, "cuisine": null, "diet:vegan": null, "diet:vegetarian": null, "contact:email": null, "branch": null, "short_name": null, "drink:kolle-kilimo": null, "drink:kombucha": null, "drink:sake": null, "drinking_water:refill": null, "drinking_water:refill:network": null, "payment:vpay": null, "payment:american_express": null, "source:name": null, "toilets": null, "diet:gluten_free": null, "diet:lactose_free": null, "post_office:id_check": null, "post_office:oversized_item": null, "post_office:packaging": null, "post_office:parcel_from": null, "post_office:parcel_pickup": null, "post_office:parcel_to": null, "post_office:post_bank": null, "post_office:stamps": null, "payment:visa_electron": null, "fair_trade": null, "reusable_packaging:accept": null, "payment:cryptocurrencies": null, "building": "retail", "building:levels": "1", "roof:shape": "gabled", "vending": null, "building:roof": null, "roof:colour": "#524F46", "building:colour": "#918E84", "height": null, "roof:levels": "0", "roof:height": null, "drink:coffee": null, "contact:facebook": null, "delivery": null, "contact:instagram": null, "payment:netto_app": null, "landuse": null, "indoor": null, "name:ru": null, "room": null }, "geometry": { "type": "Polygon", "coordinates": [ [ [ 13.7028039, 51.0327967 ], [ 13.7031827, 51.0326824 ], [ 13.7034489, 51.0330312 ], [ 13.7034803, 51.0330723 ], [ 13.7033709, 51.0331053 ], [ 13.7033395, 51.0330642 ], [ 13.7031234, 51.0331294 ], [ 13.7029876, 51.0329514 ], [ 13.7029342, 51.0329675 ], [ 13.7028039, 51.0327967 ] ] ] } },
{ "type": "Feature", "properties": { "element": "way", "id": 28072835, "addr:city": "Dresden", "addr:housenumber": "38", "addr:postcode": "01217", "addr:street": "Südhöhe", "brand": "Lidl", "brand:wikidata": "Q151954", "brand:wikipedia": "en:Lidl", "check_date:opening_hours": "2024-01-21", "level": null, "name": "Lidl", "opening_hours": "Mo-Sa 07:00-21:00", "shop": "supermarket", "wheelchair": "yes", "internet_access": "wlan", "internet_access:access": null, "internet_access:fee": null, "operator": null, "phone": null, "website": null, "addr:country": "DE", "check_date": null, "email": null, "payment:mastercard": null, "payment:visa": null, "payment:cash": null, "payment:girocard": null, "payment:maestro": null, "self_checkout": null, "ref:vatin": null, "payment:credit_cards": null, "operator:tax": null, "ref": null, "diet:halal": null, "diet:kosher": "no", "lastcheck": null, "access": null, "entrance": null, "cash_withdrawal": null, "cash_withdrawal:purchase_minimum": null, "cash_withdrawal:purchase_required": null, "cash_withdrawal:type": null, "drink:bionade": null, "drink:bionade_mate": null, "drink:charitea_mate": null, "drink:club-mate": null, "drink:club-mate_icetea": null, "drink:fritz-kola": null, "drink:fritz-limo": null, "drink:fritz-mischmasch": null, "drink:kolle-kolla": null, "drink:kolle-zotrine": null, "drink:lemonaid": null, "drink:mio_mio_cola": null, "drink:mio_mio_mate": null, "drink:vita_cola": null, "organic": null, "payment:contactless": null, "stroller": null, "start_date": null, "old_name": null, "contact:website": null, "layer": null, "toilets:wheelchair": "yes", "source": null, "payment:app": null, "payment:apple_pay": null, "payment:cards": null, "payment:coins": null, "payment:google_pay": null, "payment:visa_debit": null, "origin": null, "drink:charitea": null, "drink:kolle-jolle-mate": null, "drink:kolle-mate": null, "payment:debit_cards": null, "operator:wikidata": null, "drink:vita_limo": null, "contact:phone": null, "cash_withdrawal:limit": null, "post_office": null, "post_office:brand": null, "post_office:service_provider": null, "bulk_purchase": null, "dog": null, "air_conditioning": null, "payment:notes": null, "ref:rewe": null, "addr:suburb": null, "membership": null, "access:covid19": null, "alt_name": null, "delivery:covid19": null, "takeaway:covid19": null, "discount:students": null, "currency:EUR": null, "internet_access:password": null, "internet_access:ssid": null, "post_office:brand:wikidata": null, "post_office:brand:wikipedia": null, "ref:deutsche_post": null, "description": null, "payment:mastercard_contactless": null, "payment:sodexo": null, "payment:v_pay": null, "fax": null, "drink:club-mate_granat": null, "opening_date": null, "payment:account_cards": null, "payment:payback_app": null, "wheelchair:description:de": null, "note": null, "cuisine": null, "diet:vegan": null, "diet:vegetarian": null, "contact:email": null, "branch": null, "short_name": null, "drink:kolle-kilimo": null, "drink:kombucha": null, "drink:sake": null, "drinking_water:refill": null, "drinking_water:refill:network": null, "payment:vpay": null, "payment:american_express": null, "source:name": null, "toilets": null, "diet:gluten_free": null, "diet:lactose_free": null, "post_office:id_check": null, "post_office:oversized_item": null, "post_office:packaging": null, "post_office:parcel_from": null, "post_office:parcel_pickup": null, "post_office:parcel_to": null, "post_office:post_bank": null, "post_office:stamps": null, "payment:visa_electron": null, "fair_trade": null, "reusable_packaging:accept": null, "payment:cryptocurrencies": null, "building": "retail", "building:levels": "1", "roof:shape": "flat", "vending": null, "building:roof": null, "roof:colour": null, "building:colour": null, "height": null, "roof:levels": "0", "roof:height": null, "drink:coffee": null, "contact:facebook": null, "delivery": null, "contact:instagram": null, "payment:netto_app": null, "landuse": null, "indoor": null, "name:ru": null, "room": null }, "geometry": { "type": "Polygon", "coordinates": [ [ [ 13.7375104, 51.0197673 ], [ 13.7379914, 51.0197728 ], [ 13.7379901, 51.019818 ], [ 13.7380999, 51.0198193 ], [ 13.7381012, 51.019774 ], [ 13.7382828, 51.0197761 ], [ 13.7382892, 51.0195504 ], [ 13.7382257, 51.0195497 ], [ 13.7382269, 51.0195079 ], [ 13.737518, 51.0194999 ], [ 13.7375104, 51.0197673 ] ] ] } },
{ "type": "Feature", "properties": { "element": "way", "id": 28380120, "addr:city": "Dresden", "addr:housenumber": "26", "addr:postcode": "01159", "addr:street": "Löbtauer Straße", "brand": "Lidl", "brand:wikidata": "Q151954", "brand:wikipedia": null, "check_date:opening_hours": null, "level": null, "name": "Lidl", "opening_hours": "Mo-Sa 07:00-21:00", "shop": "supermarket", "wheelchair": "yes", "internet_access": null, "internet_access:access": null, "internet_access:fee": null, "operator": null, "phone": null, "website": null, "addr:country": "DE", "check_date": null, "email": null, "payment:mastercard": null, "payment:visa": null, "payment:cash": null, "payment:girocard": null, "payment:maestro": null, "self_checkout": null, "ref:vatin": null, "payment:credit_cards": null, "operator:tax": null, "ref": null, "diet:halal": null, "diet:kosher": null, "lastcheck": null, "access": null, "entrance": null, "cash_withdrawal": null, "cash_withdrawal:purchase_minimum": null, "cash_withdrawal:purchase_required": null, "cash_withdrawal:type": null, "drink:bionade": null, "drink:bionade_mate": null, "drink:charitea_mate": null, "drink:club-mate": null, "drink:club-mate_icetea": null, "drink:fritz-kola": null, "drink:fritz-limo": null, "drink:fritz-mischmasch": null, "drink:kolle-kolla": null, "drink:kolle-zotrine": null, "drink:lemonaid": null, "drink:mio_mio_cola": null, "drink:mio_mio_mate": null, "drink:vita_cola": null, "organic": null, "payment:contactless": null, "stroller": null, "start_date": null, "old_name": null, "contact:website": null, "layer": null, "toilets:wheelchair": null, "source": null, "payment:app": null, "payment:apple_pay": null, "payment:cards": null, "payment:coins": null, "payment:google_pay": null, "payment:visa_debit": null, "origin": null, "drink:charitea": null, "drink:kolle-jolle-mate": null, "drink:kolle-mate": null, "payment:debit_cards": null, "operator:wikidata": null, "drink:vita_limo": null, "contact:phone": null, "cash_withdrawal:limit": null, "post_office": null, "post_office:brand": null, "post_office:service_provider": null, "bulk_purchase": null, "dog": null, "air_conditioning": null, "payment:notes": null, "ref:rewe": null, "addr:suburb": null, "membership": null, "access:covid19": null, "alt_name": null, "delivery:covid19": null, "takeaway:covid19": null, "discount:students": null, "currency:EUR": null, "internet_access:password": null, "internet_access:ssid": null, "post_office:brand:wikidata": null, "post_office:brand:wikipedia": null, "ref:deutsche_post": null, "description": null, "payment:mastercard_contactless": null, "payment:sodexo": null, "payment:v_pay": null, "fax": null, "drink:club-mate_granat": null, "opening_date": null, "payment:account_cards": null, "payment:payback_app": null, "wheelchair:description:de": null, "note": null, "cuisine": null, "diet:vegan": null, "diet:vegetarian": null, "contact:email": null, "branch": null, "short_name": null, "drink:kolle-kilimo": null, "drink:kombucha": null, "drink:sake": null, "drinking_water:refill": null, "drinking_water:refill:network": null, "payment:vpay": null, "payment:american_express": null, "source:name": null, "toilets": null, "diet:gluten_free": null, "diet:lactose_free": null, "post_office:id_check": null, "post_office:oversized_item": null, "post_office:packaging": null, "post_office:parcel_from": null, "post_office:parcel_pickup": null, "post_office:parcel_to": null, "post_office:post_bank": null, "post_office:stamps": null, "payment:visa_electron": null, "fair_trade": null, "reusable_packaging:accept": null, "payment:cryptocurrencies": null, "building": "retail", "building:levels": "1", "roof:shape": "gabled", "vending": null, "building:roof": null, "roof:colour": null, "building:colour": null, "height": null, "roof:levels": "0", "roof:height": null, "drink:coffee": null, "contact:facebook": null, "delivery": null, "contact:instagram": null, "payment:netto_app": null, "landuse": null, "indoor": null, "name:ru": null, "room": null }, "geometry": { "type": "Polygon", "coordinates": [ [ [ 13.7146702, 51.0527155 ], [ 13.714967, 51.052527 ], [ 13.7154759, 51.0528437 ], [ 13.7154371, 51.0528683 ], [ 13.7154764, 51.0528928 ], [ 13.715217, 51.0530575 ], [ 13.7151236, 51.0529994 ], [ 13.7150721, 51.0530321 ], [ 13.7149927, 51.0529826 ], [ 13.7150456, 51.0529491 ], [ 13.7146702, 51.0527155 ] ] ] } },
{ "type": "Feature", "properties": { "element": "way", "id": 28698807, "addr:city": "Dresden", "addr:housenumber": "3", "addr:postcode": "01099", "addr:street": "Provianthofstraße", "brand": "EDEKA", "brand:wikidata": "Q701755", "brand:wikipedia": null, "check_date:opening_hours": "2021-10-27", "level": null, "name": "Edeka center Heeresbäckerei", "opening_hours": "Mo-Sa 07:00-21:00", "shop": "supermarket", "wheelchair": "yes", "internet_access": null, "internet_access:access": null, "internet_access:fee": null, "operator": null, "phone": "+49 351 8023901", "website": null, "addr:country": "DE", "check_date": null, "email": null, "payment:mastercard": null, "payment:visa": null, "payment:cash": null, "payment:girocard": null, "payment:maestro": null, "self_checkout": null, "ref:vatin": null, "payment:credit_cards": null, "operator:tax": null, "ref": null, "diet:halal": null, "diet:kosher": null, "lastcheck": null, "access": null, "entrance": null, "cash_withdrawal": null, "cash_withdrawal:purchase_minimum": null, "cash_withdrawal:purchase_required": null, "cash_withdrawal:type": null, "drink:bionade": null, "drink:bionade_mate": null, "drink:charitea_mate": null, "drink:club-mate": null, "drink:club-mate_icetea": null, "drink:fritz-kola": null, "drink:fritz-limo": null, "drink:fritz-mischmasch": null, "drink:kolle-kolla": null, "drink:kolle-zotrine": null, "drink:lemonaid": null, "drink:mio_mio_cola": null, "drink:mio_mio_mate": null, "drink:vita_cola": null, "organic": null, "payment:contactless": null, "stroller": null, "start_date": null, "old_name": null, "contact:website": null, "layer": null, "toilets:wheelchair": null, "source": null, "payment:app": null, "payment:apple_pay": null, "payment:cards": null, "payment:coins": null, "payment:google_pay": null, "payment:visa_debit": null, "origin": null, "drink:charitea": null, "drink:kolle-jolle-mate": null, "drink:kolle-mate": null, "payment:debit_cards": null, "operator:wikidata": null, "drink:vita_limo": null, "contact:phone": null, "cash_withdrawal:limit": null, "post_office": null, "post_office:brand": null, "post_office:service_provider": null, "bulk_purchase": null, "dog": null, "air_conditioning": null, "payment:notes": null, "ref:rewe": null, "addr:suburb": null, "membership": null, "access:covid19": null, "alt_name": null, "delivery:covid19": null, "takeaway:covid19": null, "discount:students": null, "currency:EUR": null, "internet_access:password": null, "internet_access:ssid": null, "post_office:brand:wikidata": null, "post_office:brand:wikipedia": null, "ref:deutsche_post": null, "description": null, "payment:mastercard_contactless": null, "payment:sodexo": null, "payment:v_pay": null, "fax": null, "drink:club-mate_granat": null, "opening_date": null, "payment:account_cards": null, "payment:payback_app": null, "wheelchair:description:de": null, "note": null, "cuisine": null, "diet:vegan": null, "diet:vegetarian": null, "contact:email": null, "branch": null, "short_name": null, "drink:kolle-kilimo": null, "drink:kombucha": null, "drink:sake": null, "drinking_water:refill": null, "drinking_water:refill:network": null, "payment:vpay": null, "payment:american_express": null, "source:name": null, "toilets": null, "diet:gluten_free": null, "diet:lactose_free": null, "post_office:id_check": null, "post_office:oversized_item": null, "post_office:packaging": null, "post_office:parcel_from": null, "post_office:parcel_pickup": null, "post_office:parcel_to": null, "post_office:post_bank": null, "post_office:stamps": null, "payment:visa_electron": null, "fair_trade": null, "reusable_packaging:accept": null, "payment:cryptocurrencies": null, "building": "retail", "building:levels": "1", "roof:shape": "flat", "vending": null, "building:roof": null, "roof:colour": null, "building:colour": null, "height": null, "roof:levels": null, "roof:height": null, "drink:coffee": null, "contact:facebook": null, "delivery": null, "contact:instagram": null, "payment:netto_app": null, "landuse": null, "indoor": null, "name:ru": null, "room": null }, "geometry": { "type": "Polygon", "coordinates": [ [ [ 13.7581617, 51.0811813 ], [ 13.7582278, 51.0811566 ], [ 13.7582211, 51.0811469 ], [ 13.7585114, 51.0810403 ], [ 13.758482, 51.0810012 ], [ 13.758541, 51.0809838 ], [ 13.7585427, 51.080986 ], [ 13.7585488, 51.0809842 ], [ 13.7585472, 51.0809819 ], [ 13.7586061, 51.0809645 ], [ 13.7586076, 51.0809666 ], [ 13.7586134, 51.0809649 ], [ 13.7586118, 51.0809628 ], [ 13.7586701, 51.0809456 ], [ 13.7586717, 51.0809478 ], [ 13.7586782, 51.0809459 ], [ 13.7586766, 51.0809437 ], [ 13.7587352, 51.0809264 ], [ 13.7587367, 51.0809284 ], [ 13.7587426, 51.0809267 ], [ 13.7587411, 51.0809247 ], [ 13.7587991, 51.0809076 ], [ 13.7588006, 51.0809097 ], [ 13.758807, 51.0809078 ], [ 13.7588054, 51.0809057 ], [ 13.7588636, 51.0808885 ], [ 13.7588653, 51.0808908 ], [ 13.7588722, 51.0808887 ], [ 13.7588705, 51.0808865 ], [ 13.7589283, 51.0808694 ], [ 13.7589298, 51.0808714 ], [ 13.7589353, 51.0808698 ], [ 13.7589322, 51.0808657 ], [ 13.7589296, 51.0808664 ], [ 13.7589026, 51.0808301 ], [ 13.7589054, 51.0808293 ], [ 13.7589028, 51.0808259 ], [ 13.7589001, 51.0808267 ], [ 13.7588723, 51.0807894 ], [ 13.7588749, 51.0807886 ], [ 13.7588723, 51.0807851 ], [ 13.7588696, 51.0807859 ], [ 13.7588418, 51.0807485 ], [ 13.7588446, 51.0807477 ], [ 13.7588419, 51.0807441 ], [ 13.7588392, 51.0807449 ], [ 13.7588114, 51.0807077 ], [ 13.7588144, 51.0807068 ], [ 13.7588117, 51.0807032 ], [ 13.7588087, 51.0807041 ], [ 13.7587814, 51.0806673 ], [ 13.758784, 51.0806666 ], [ 13.758781, 51.0806625 ], [ 13.7587784, 51.0806633 ], [ 13.7587508, 51.0806262 ], [ 13.7587535, 51.0806254 ], [ 13.7587508, 51.0806218 ], [ 13.7587481, 51.0806226 ], [ 13.7587207, 51.0805858 ], [ 13.7587232, 51.0805851 ], [ 13.7587205, 51.0805815 ], [ 13.758718, 51.0805822 ], [ 13.7586902, 51.0805448 ], [ 13.7586932, 51.080544 ], [ 13.7586905, 51.0805404 ], [ 13.7586875, 51.0805413 ], [ 13.7586597, 51.0805039 ], [ 13.7586624, 51.0805031 ], [ 13.7586599, 51.0804998 ], [ 13.7586572, 51.0805006 ], [ 13.7586435, 51.0804822 ], [ 13.7586456, 51.0804816 ], [ 13.7585048, 51.0802925 ], [ 13.7583702, 51.0803328 ], [ 13.7583708, 51.0803346 ], [ 13.7583056, 51.0803535 ], [ 13.758365, 51.0804337 ], [ 13.7581482, 51.0804982 ], [ 13.758149, 51.0805016 ], [ 13.758119, 51.0805093 ], [ 13.758111, 51.0804996 ], [ 13.757751, 51.0806069 ], [ 13.7577596, 51.0806191 ], [ 13.7577426, 51.0806241 ], [ 13.7581617, 51.0811813 ] ] ] } },
{ "type": "Feature", "properties": { "element": "way", "id": 29087603, "addr:city": "Dresden", "addr:housenumber": "32", "addr:postcode": "01257", "addr:street": "Straße des 17. Juni", "brand": "REWE", "brand:wikidata": "Q16968817", "brand:wikipedia": "en:REWE", "check_date:opening_hours": "2024-04-21", "level": null, "name": "REWE", "opening_hours": "Mo-Sa 07:00-22:00", "shop": "supermarket", "wheelchair": "yes", "internet_access": null, "internet_access:access": null, "internet_access:fee": null, "operator": null, "phone": null, "website": null, "addr:country": "DE", "check_date": null, "email": null, "payment:mastercard": null, "payment:visa": null, "payment:cash": null, "payment:girocard": null, "payment:maestro": null, "self_checkout": null, "ref:vatin": null, "payment:credit_cards": null, "operator:tax": null, "ref": null, "diet:halal": null, "diet:kosher": null, "lastcheck": null, "access": null, "entrance": null, "cash_withdrawal": null, "cash_withdrawal:purchase_minimum": null, "cash_withdrawal:purchase_required": null, "cash_withdrawal:type": null, "drink:bionade": null, "drink:bionade_mate": null, "drink:charitea_mate": null, "drink:club-mate": null, "drink:club-mate_icetea": null, "drink:fritz-kola": null, "drink:fritz-limo": null, "drink:fritz-mischmasch": null, "drink:kolle-kolla": null, "drink:kolle-zotrine": null, "drink:lemonaid": null, "drink:mio_mio_cola": null, "drink:mio_mio_mate": null, "drink:vita_cola": null, "organic": null, "payment:contactless": null, "stroller": null, "start_date": null, "old_name": null, "contact:website": null, "layer": null, "toilets:wheelchair": null, "source": "survey;Yahoo_aerial_imagery", "payment:app": null, "payment:apple_pay": null, "payment:cards": null, "payment:coins": null, "payment:google_pay": null, "payment:visa_debit": null, "origin": null, "drink:charitea": null, "drink:kolle-jolle-mate": null, "drink:kolle-mate": null, "payment:debit_cards": null, "operator:wikidata": null, "drink:vita_limo": null, "contact:phone": null, "cash_withdrawal:limit": null, "post_office": null, "post_office:brand": null, "post_office:service_provider": null, "bulk_purchase": null, "dog": null, "air_conditioning": null, "payment:notes": null, "ref:rewe": null, "addr:suburb": null, "membership": null, "access:covid19": null, "alt_name": null, "delivery:covid19": null, "takeaway:covid19": null, "discount:students": null, "currency:EUR": null, "internet_access:password": null, "internet_access:ssid": null, "post_office:brand:wikidata": null, "post_office:brand:wikipedia": null, "ref:deutsche_post": null, "description": null, "payment:mastercard_contactless": null, "payment:sodexo": null, "payment:v_pay": null, "fax": null, "drink:club-mate_granat": null, "opening_date": null, "payment:account_cards": null, "payment:payback_app": null, "wheelchair:description:de": null, "note": null, "cuisine": null, "diet:vegan": null, "diet:vegetarian": null, "contact:email": null, "branch": null, "short_name": null, "drink:kolle-kilimo": null, "drink:kombucha": null, "drink:sake": null, "drinking_water:refill": null, "drinking_water:refill:network": null, "payment:vpay": null, "payment:american_express": null, "source:name": null, "toilets": null, "diet:gluten_free": null, "diet:lactose_free": null, "post_office:id_check": null, "post_office:oversized_item": null, "post_office:packaging": null, "post_office:parcel_from": null, "post_office:parcel_pickup": null, "post_office:parcel_to": null, "post_office:post_bank": null, "post_office:stamps": null, "payment:visa_electron": null, "fair_trade": null, "reusable_packaging:accept": null, "payment:cryptocurrencies": null, "building": "retail", "building:levels": "2", "roof:shape": null, "vending": null, "building:roof": null, "roof:colour": null, "building:colour": null, "height": null, "roof:levels": "0", "roof:height": null, "drink:coffee": null, "contact:facebook": null, "delivery": null, "contact:instagram": null, "payment:netto_app": null, "landuse": null, "indoor": null, "name:ru": null, "room": null }, "geometry": { "type": "Polygon", "coordinates": [ [ [ 13.8300665, 51.0006536 ], [ 13.8301888, 51.0007448 ], [ 13.8301677, 51.0007579 ], [ 13.8302866, 51.0008512 ], [ 13.8304236, 51.0008538 ], [ 13.8304772, 51.0008216 ], [ 13.8305219, 51.0008488 ], [ 13.8310092, 51.0005496 ], [ 13.8307611, 51.0003851 ], [ 13.8308139, 51.0003518 ], [ 13.8307394, 51.0003021 ], [ 13.8306342, 51.0003027 ], [ 13.8300665, 51.0006536 ] ] ] } },
{ "type": "Feature", "properties": { "element": "way", "id": 30099094, "addr:city": "Dresden", "addr:housenumber": "156", "addr:postcode": "01129", "addr:street": "Großenhainer Straße", "brand": "Lidl", "brand:wikidata": "Q151954", "brand:wikipedia": null, "check_date:opening_hours": "2023-12-11", "level": null, "name": "Lidl", "opening_hours": "Mo-Sa 07:00-21:00", "shop": "supermarket", "wheelchair": "yes", "internet_access": null, "internet_access:access": null, "internet_access:fee": null, "operator": "Lidl", "phone": null, "website": null, "addr:country": "DE", "check_date": null, "email": null, "payment:mastercard": null, "payment:visa": null, "payment:cash": null, "payment:girocard": null, "payment:maestro": null, "self_checkout": null, "ref:vatin": null, "payment:credit_cards": null, "operator:tax": null, "ref": null, "diet:halal": null, "diet:kosher": null, "lastcheck": null, "access": null, "entrance": null, "cash_withdrawal": null, "cash_withdrawal:purchase_minimum": null, "cash_withdrawal:purchase_required": null, "cash_withdrawal:type": null, "drink:bionade": null, "drink:bionade_mate": null, "drink:charitea_mate": null, "drink:club-mate": null, "drink:club-mate_icetea": null, "drink:fritz-kola": null, "drink:fritz-limo": null, "drink:fritz-mischmasch": null, "drink:kolle-kolla": null, "drink:kolle-zotrine": null, "drink:lemonaid": null, "drink:mio_mio_cola": null, "drink:mio_mio_mate": null, "drink:vita_cola": null, "organic": null, "payment:contactless": null, "stroller": null, "start_date": null, "old_name": null, "contact:website": null, "layer": null, "toilets:wheelchair": null, "source": null, "payment:app": null, "payment:apple_pay": null, "payment:cards": null, "payment:coins": null, "payment:google_pay": null, "payment:visa_debit": null, "origin": null, "drink:charitea": null, "drink:kolle-jolle-mate": null, "drink:kolle-mate": null, "payment:debit_cards": null, "operator:wikidata": null, "drink:vita_limo": null, "contact:phone": null, "cash_withdrawal:limit": null, "post_office": null, "post_office:brand": null, "post_office:service_provider": null, "bulk_purchase": null, "dog": null, "air_conditioning": null, "payment:notes": null, "ref:rewe": null, "addr:suburb": null, "membership": null, "access:covid19": null, "alt_name": null, "delivery:covid19": null, "takeaway:covid19": null, "discount:students": null, "currency:EUR": null, "internet_access:password": null, "internet_access:ssid": null, "post_office:brand:wikidata": null, "post_office:brand:wikipedia": null, "ref:deutsche_post": null, "description": null, "payment:mastercard_contactless": null, "payment:sodexo": null, "payment:v_pay": null, "fax": null, "drink:club-mate_granat": null, "opening_date": null, "payment:account_cards": null, "payment:payback_app": null, "wheelchair:description:de": null, "note": null, "cuisine": null, "diet:vegan": null, "diet:vegetarian": null, "contact:email": null, "branch": null, "short_name": null, "drink:kolle-kilimo": null, "drink:kombucha": null, "drink:sake": null, "drinking_water:refill": null, "drinking_water:refill:network": null, "payment:vpay": null, "payment:american_express": null, "source:name": null, "toilets": null, "diet:gluten_free": null, "diet:lactose_free": null, "post_office:id_check": null, "post_office:oversized_item": null, "post_office:packaging": null, "post_office:parcel_from": null, "post_office:parcel_pickup": null, "post_office:parcel_to": null, "post_office:post_bank": null, "post_office:stamps": null, "payment:visa_electron": null, "fair_trade": null, "reusable_packaging:accept": null, "payment:cryptocurrencies": null, "building": "retail", "building:levels": "1", "roof:shape": "flat", "vending": null, "building:roof": null, "roof:colour": null, "building:colour": null, "height": null, "roof:levels": "0", "roof:height": null, "drink:coffee": null, "contact:facebook": null, "delivery": null, "contact:instagram": null, "payment:netto_app": null, "landuse": null, "indoor": null, "name:ru": null, "room": null }, "geometry": { "type": "Polygon", "coordinates": [ [ [ 13.7230394, 51.0911217 ], [ 13.7238262, 51.0909426 ], [ 13.7238402, 51.0909393 ], [ 13.723694, 51.0906912 ], [ 13.7236256, 51.0907071 ], [ 13.7232414, 51.090794 ], [ 13.7230193, 51.0908456 ], [ 13.7230435, 51.0908854 ], [ 13.7229987, 51.090895 ], [ 13.7230818, 51.0910388 ], [ 13.7230021, 51.091057 ], [ 13.7230394, 51.0911217 ] ] ] } },
{ "type": "Feature", "properties": { "element": "way", "id": 30992693, "addr:city": null, "addr:housenumber": null, "addr:postcode": null, "addr:street": null, "brand": "Lidl", "brand:wikidata": "Q151954", "brand:wikipedia": "en:Lidl", "check_date:opening_hours": null, "level": null, "name": "Lidl", "opening_hours": "Mo-Sa 07:00-21:00", "shop": "supermarket", "wheelchair": "yes", "internet_access": null, "internet_access:access": null, "internet_access:fee": null, "operator": null, "phone": null, "website": null, "addr:country": null, "check_date": null, "email": null, "payment:mastercard": null, "payment:visa": null, "payment:cash": null, "payment:girocard": null, "payment:maestro": null, "self_checkout": null, "ref:vatin": null, "payment:credit_cards": null, "operator:tax": null, "ref": null, "diet:halal": null, "diet:kosher": null, "lastcheck": null, "access": null, "entrance": null, "cash_withdrawal": null, "cash_withdrawal:purchase_minimum": null, "cash_withdrawal:purchase_required": null, "cash_withdrawal:type": null, "drink:bionade": null, "drink:bionade_mate": null, "drink:charitea_mate": null, "drink:club-mate": null, "drink:club-mate_icetea": null, "drink:fritz-kola": null, "drink:fritz-limo": null, "drink:fritz-mischmasch": null, "drink:kolle-kolla": null, "drink:kolle-zotrine": null, "drink:lemonaid": null, "drink:mio_mio_cola": null, "drink:mio_mio_mate": null, "drink:vita_cola": null, "organic": null, "payment:contactless": null, "stroller": null, "start_date": null, "old_name": null, "contact:website": null, "layer": null, "toilets:wheelchair": null, "source": null, "payment:app": null, "payment:apple_pay": null, "payment:cards": null, "payment:coins": null, "payment:google_pay": null, "payment:visa_debit": null, "origin": null, "drink:charitea": null, "drink:kolle-jolle-mate": null, "drink:kolle-mate": null, "payment:debit_cards": null, "operator:wikidata": null, "drink:vita_limo": null, "contact:phone": null, "cash_withdrawal:limit": null, "post_office": null, "post_office:brand": null, "post_office:service_provider": null, "bulk_purchase": null, "dog": null, "air_conditioning": null, "payment:notes": null, "ref:rewe": null, "addr:suburb": null, "membership": null, "access:covid19": null, "alt_name": null, "delivery:covid19": null, "takeaway:covid19": null, "discount:students": null, "currency:EUR": null, "internet_access:password": null, "internet_access:ssid": null, "post_office:brand:wikidata": null, "post_office:brand:wikipedia": null, "ref:deutsche_post": null, "description": null, "payment:mastercard_contactless": null, "payment:sodexo": null, "payment:v_pay": null, "fax": null, "drink:club-mate_granat": null, "opening_date": null, "payment:account_cards": null, "payment:payback_app": null, "wheelchair:description:de": null, "note": null, "cuisine": null, "diet:vegan": null, "diet:vegetarian": null, "contact:email": null, "branch": null, "short_name": null, "drink:kolle-kilimo": null, "drink:kombucha": null, "drink:sake": null, "drinking_water:refill": null, "drinking_water:refill:network": null, "payment:vpay": null, "payment:american_express": null, "source:name": null, "toilets": null, "diet:gluten_free": null, "diet:lactose_free": null, "post_office:id_check": null, "post_office:oversized_item": null, "post_office:packaging": null, "post_office:parcel_from": null, "post_office:parcel_pickup": null, "post_office:parcel_to": null, "post_office:post_bank": null, "post_office:stamps": null, "payment:visa_electron": null, "fair_trade": null, "reusable_packaging:accept": null, "payment:cryptocurrencies": null, "building": "yes", "building:levels": "1", "roof:shape": null, "vending": null, "building:roof": null, "roof:colour": null, "building:colour": null, "height": null, "roof:levels": null, "roof:height": null, "drink:coffee": null, "contact:facebook": null, "delivery": null, "contact:instagram": null, "payment:netto_app": null, "landuse": null, "indoor": null, "name:ru": null, "room": null }, "geometry": { "type": "Polygon", "coordinates": [ [ [ 13.7936908, 51.0024948 ], [ 13.7938234, 51.0025675 ], [ 13.7938619, 51.0025396 ], [ 13.7943751, 51.002827 ], [ 13.794345, 51.0028491 ], [ 13.7940979, 51.0030308 ], [ 13.7934012, 51.0026459 ], [ 13.7934828, 51.0025799 ], [ 13.7935395, 51.00261 ], [ 13.7936908, 51.0024948 ] ] ] } },
{ "type": "Feature", "properties": { "element": "way", "id": 31263896, "addr:city": "Dresden", "addr:housenumber": "81b", "addr:postcode": "01277", "addr:street": "Bodenbacher Straße", "brand": "PENNY", "brand:wikidata": "Q284688", "brand:wikipedia": "en:Penny (supermarket)", "check_date:opening_hours": "2024-02-21", "level": null, "name": "PENNY", "opening_hours": "Mo-Sa 07:00-20:00", "shop": "supermarket", "wheelchair": "yes", "internet_access": null, "internet_access:access": null, "internet_access:fee": null, "operator": null, "phone": null, "website": null, "addr:country": "DE", "check_date": null, "email": null, "payment:mastercard": null, "payment:visa": null, "payment:cash": null, "payment:girocard": null, "payment:maestro": null, "self_checkout": null, "ref:vatin": null, "payment:credit_cards": null, "operator:tax": null, "ref": null, "diet:halal": null, "diet:kosher": null, "lastcheck": null, "access": null, "entrance": null, "cash_withdrawal": null, "cash_withdrawal:purchase_minimum": null, "cash_withdrawal:purchase_required": null, "cash_withdrawal:type": null, "drink:bionade": null, "drink:bionade_mate": null, "drink:charitea_mate": null, "drink:club-mate": null, "drink:club-mate_icetea": null, "drink:fritz-kola": null, "drink:fritz-limo": null, "drink:fritz-mischmasch": null, "drink:kolle-kolla": null, "drink:kolle-zotrine": null, "drink:lemonaid": null, "drink:mio_mio_cola": null, "drink:mio_mio_mate": null, "drink:vita_cola": null, "organic": null, "payment:contactless": null, "stroller": null, "start_date": null, "old_name": null, "contact:website": null, "layer": null, "toilets:wheelchair": null, "source": null, "payment:app": null, "payment:apple_pay": null, "payment:cards": null, "payment:coins": null, "payment:google_pay": null, "payment:visa_debit": null, "origin": null, "drink:charitea": null, "drink:kolle-jolle-mate": null, "drink:kolle-mate": null, "payment:debit_cards": null, "operator:wikidata": null, "drink:vita_limo": null, "contact:phone": null, "cash_withdrawal:limit": null, "post_office": null, "post_office:brand": null, "post_office:service_provider": null, "bulk_purchase": null, "dog": null, "air_conditioning": null, "payment:notes": null, "ref:rewe": null, "addr:suburb": null, "membership": null, "access:covid19": null, "alt_name": null, "delivery:covid19": null, "takeaway:covid19": null, "discount:students": null, "currency:EUR": null, "internet_access:password": null, "internet_access:ssid": null, "post_office:brand:wikidata": null, "post_office:brand:wikipedia": null, "ref:deutsche_post": null, "description": null, "payment:mastercard_contactless": null, "payment:sodexo": null, "payment:v_pay": null, "fax": null, "drink:club-mate_granat": null, "opening_date": null, "payment:account_cards": null, "payment:payback_app": null, "wheelchair:description:de": null, "note": null, "cuisine": null, "diet:vegan": null, "diet:vegetarian": null, "contact:email": null, "branch": null, "short_name": null, "drink:kolle-kilimo": null, "drink:kombucha": null, "drink:sake": null, "drinking_water:refill": null, "drinking_water:refill:network": null, "payment:vpay": null, "payment:american_express": null, "source:name": null, "toilets": null, "diet:gluten_free": null, "diet:lactose_free": null, "post_office:id_check": null, "post_office:oversized_item": null, "post_office:packaging": null, "post_office:parcel_from": null, "post_office:parcel_pickup": null, "post_office:parcel_to": null, "post_office:post_bank": null, "post_office:stamps": null, "payment:visa_electron": null, "fair_trade": null, "reusable_packaging:accept": null, "payment:cryptocurrencies": null, "building": "retail", "building:levels": "1", "roof:shape": "skillion", "vending": null, "building:roof": null, "roof:colour": "#A3AAA3", "building:colour": null, "height": "4.7", "roof:levels": "0", "roof:height": "1.5", "drink:coffee": null, "contact:facebook": null, "delivery": null, "contact:instagram": null, "payment:netto_app": null, "landuse": null, "indoor": null, "name:ru": null, "room": null }, "geometry": { "type": "Polygon", "coordinates": [ [ [ 13.797177, 51.0292405 ], [ 13.7973229, 51.0294383 ], [ 13.7967474, 51.0296011 ], [ 13.7967751, 51.0296393 ], [ 13.7966985, 51.0296615 ], [ 13.7966627, 51.0296159 ], [ 13.7965174, 51.0294309 ], [ 13.7970889, 51.0292659 ], [ 13.797177, 51.0292405 ] ] ] } },
{ "type": "Feature", "properties": { "element": "way", "id": 32511541, "addr:city": "Dresden", "addr:housenumber": "67", "addr:postcode": "01237", "addr:street": "Breitscheidstraße", "brand": "Netto Marken-Discount", "brand:wikidata": "Q879858", "brand:wikipedia": null, "check_date:opening_hours": null, "level": null, "name": "Netto Marken-Discount", "opening_hours": "Mo-Sa 07:00-21:00", "shop": "supermarket", "wheelchair": "yes", "internet_access": null, "internet_access:access": null, "internet_access:fee": null, "operator": null, "phone": null, "website": "https://www.netto-online.de/filialen/Dresden/Breitscheidstr-67/4711/", "addr:country": "DE", "check_date": null, "email": null, "payment:mastercard": null, "payment:visa": null, "payment:cash": null, "payment:girocard": null, "payment:maestro": null, "self_checkout": null, "ref:vatin": null, "payment:credit_cards": null, "operator:tax": null, "ref": null, "diet:halal": null, "diet:kosher": null, "lastcheck": null, "access": null, "entrance": null, "cash_withdrawal": null, "cash_withdrawal:purchase_minimum": null, "cash_withdrawal:purchase_required": null, "cash_withdrawal:type": null, "drink:bionade": null, "drink:bionade_mate": null, "drink:charitea_mate": null, "drink:club-mate": null, "drink:club-mate_icetea": null, "drink:fritz-kola": null, "drink:fritz-limo": null, "drink:fritz-mischmasch": null, "drink:kolle-kolla": null, "drink:kolle-zotrine": null, "drink:lemonaid": null, "drink:mio_mio_cola": null, "drink:mio_mio_mate": null, "drink:vita_cola": null, "organic": null, "payment:contactless": null, "stroller": null, "start_date": null, "old_name": null, "contact:website": null, "layer": null, "toilets:wheelchair": null, "source": null, "payment:app": null, "payment:apple_pay": null, "payment:cards": null, "payment:coins": null, "payment:google_pay": null, "payment:visa_debit": null, "origin": null, "drink:charitea": null, "drink:kolle-jolle-mate": null, "drink:kolle-mate": null, "payment:debit_cards": null, "operator:wikidata": null, "drink:vita_limo": null, "contact:phone": null, "cash_withdrawal:limit": null, "post_office": null, "post_office:brand": null, "post_office:service_provider": null, "bulk_purchase": null, "dog": null, "air_conditioning": null, "payment:notes": null, "ref:rewe": null, "addr:suburb": null, "membership": null, "access:covid19": null, "alt_name": null, "delivery:covid19": null, "takeaway:covid19": null, "discount:students": null, "currency:EUR": null, "internet_access:password": null, "internet_access:ssid": null, "post_office:brand:wikidata": null, "post_office:brand:wikipedia": null, "ref:deutsche_post": null, "description": null, "payment:mastercard_contactless": null, "payment:sodexo": null, "payment:v_pay": null, "fax": null, "drink:club-mate_granat": null, "opening_date": null, "payment:account_cards": null, "payment:payback_app": null, "wheelchair:description:de": null, "note": null, "cuisine": null, "diet:vegan": null, "diet:vegetarian": null, "contact:email": null, "branch": null, "short_name": null, "drink:kolle-kilimo": null, "drink:kombucha": null, "drink:sake": null, "drinking_water:refill": null, "drinking_water:refill:network": null, "payment:vpay": null, "payment:american_express": null, "source:name": null, "toilets": null, "diet:gluten_free": null, "diet:lactose_free": null, "post_office:id_check": null, "post_office:oversized_item": null, "post_office:packaging": null, "post_office:parcel_from": null, "post_office:parcel_pickup": null, "post_office:parcel_to": null, "post_office:post_bank": null, "post_office:stamps": null, "payment:visa_electron": null, "fair_trade": null, "reusable_packaging:accept": null, "payment:cryptocurrencies": null, "building": "retail", "building:levels": "1", "roof:shape": "flat", "vending": null, "building:roof": null, "roof:colour": null, "building:colour": null, "height": null, "roof:levels": "0", "roof:height": null, "drink:coffee": null, "contact:facebook": null, "delivery": null, "contact:instagram": null, "payment:netto_app": null, "landuse": null, "indoor": null, "name:ru": null, "room": null }, "geometry": { "type": "Polygon", "coordinates": [ [ [ 13.8132078, 51.0111532 ], [ 13.8126943, 51.0114563 ], [ 13.8129293, 51.0116139 ], [ 13.8134429, 51.0113108 ], [ 13.8132078, 51.0111532 ] ] ] } },
{ "type": "Feature", "properties": { "element": "way", "id": 34125463, "addr:city": "Dresden", "addr:housenumber": "10", "addr:postcode": "01067", "addr:street": "Menageriestraße", "brand": "Netto Marken-Discount", "brand:wikidata": "Q879858", "brand:wikipedia": null, "check_date:opening_hours": null, "level": null, "name": "Netto Marken-Discount", "opening_hours": "Mo-Sa 07:00-21:00", "shop": "supermarket", "wheelchair": "yes", "internet_access": null, "internet_access:access": null, "internet_access:fee": null, "operator": null, "phone": null, "website": "https://www.netto-online.de/filialen/Dresden-Friedrichstadt/Menageriestr-10/4892/", "addr:country": "DE", "check_date": null, "email": null, "payment:mastercard": null, "payment:visa": null, "payment:cash": null, "payment:girocard": null, "payment:maestro": null, "self_checkout": null, "ref:vatin": null, "payment:credit_cards": null, "operator:tax": null, "ref": null, "diet:halal": null, "diet:kosher": null, "lastcheck": null, "access": null, "entrance": null, "cash_withdrawal": null, "cash_withdrawal:purchase_minimum": null, "cash_withdrawal:purchase_required": null, "cash_withdrawal:type": null, "drink:bionade": null, "drink:bionade_mate": null, "drink:charitea_mate": null, "drink:club-mate": null, "drink:club-mate_icetea": null, "drink:fritz-kola": null, "drink:fritz-limo": null, "drink:fritz-mischmasch": null, "drink:kolle-kolla": null, "drink:kolle-zotrine": null, "drink:lemonaid": null, "drink:mio_mio_cola": null, "drink:mio_mio_mate": null, "drink:vita_cola": null, "organic": null, "payment:contactless": null, "stroller": null, "start_date": null, "old_name": null, "contact:website": null, "layer": null, "toilets:wheelchair": null, "source": null, "payment:app": null, "payment:apple_pay": null, "payment:cards": null, "payment:coins": null, "payment:google_pay": null, "payment:visa_debit": null, "origin": null, "drink:charitea": null, "drink:kolle-jolle-mate": null, "drink:kolle-mate": null, "payment:debit_cards": null, "operator:wikidata": null, "drink:vita_limo": null, "contact:phone": null, "cash_withdrawal:limit": null, "post_office": null, "post_office:brand": null, "post_office:service_provider": null, "bulk_purchase": null, "dog": null, "air_conditioning": null, "payment:notes": null, "ref:rewe": null, "addr:suburb": null, "membership": null, "access:covid19": null, "alt_name": null, "delivery:covid19": null, "takeaway:covid19": null, "discount:students": null, "currency:EUR": null, "internet_access:password": null, "internet_access:ssid": null, "post_office:brand:wikidata": null, "post_office:brand:wikipedia": null, "ref:deutsche_post": null, "description": null, "payment:mastercard_contactless": null, "payment:sodexo": null, "payment:v_pay": null, "fax": null, "drink:club-mate_granat": null, "opening_date": null, "payment:account_cards": null, "payment:payback_app": null, "wheelchair:description:de": null, "note": null, "cuisine": null, "diet:vegan": null, "diet:vegetarian": null, "contact:email": null, "branch": null, "short_name": null, "drink:kolle-kilimo": null, "drink:kombucha": null, "drink:sake": null, "drinking_water:refill": null, "drinking_water:refill:network": null, "payment:vpay": null, "payment:american_express": null, "source:name": null, "toilets": null, "diet:gluten_free": null, "diet:lactose_free": null, "post_office:id_check": null, "post_office:oversized_item": null, "post_office:packaging": null, "post_office:parcel_from": null, "post_office:parcel_pickup": null, "post_office:parcel_to": null, "post_office:post_bank": null, "post_office:stamps": null, "payment:visa_electron": null, "fair_trade": null, "reusable_packaging:accept": null, "payment:cryptocurrencies": null, "building": "retail", "building:levels": "1", "roof:shape": null, "vending": null, "building:roof": null, "roof:colour": null, "building:colour": null, "height": null, "roof:levels": "0", "roof:height": null, "drink:coffee": null, "contact:facebook": null, "delivery": null, "contact:instagram": null, "payment:netto_app": null, "landuse": null, "indoor": null, "name:ru": null, "room": null }, "geometry": { "type": "Polygon", "coordinates": [ [ [ 13.7132278, 51.0561736 ], [ 13.7133757, 51.0563504 ], [ 13.7133651, 51.0563539 ], [ 13.7134083, 51.0564055 ], [ 13.7131688, 51.0564846 ], [ 13.7131256, 51.056433 ], [ 13.7128002, 51.0565406 ], [ 13.7127368, 51.0564648 ], [ 13.7126646, 51.0564887 ], [ 13.7125801, 51.0563877 ], [ 13.7132278, 51.0561736 ] ] ] } },
{ "type": "Feature", "properties": { "element": "way", "id": 35431795, "addr:city": "Dresden", "addr:housenumber": "41a", "addr:postcode": "01159", "addr:street": "Tharandter Straße", "brand": "Netto Marken-Discount", "brand:wikidata": "Q879858", "brand:wikipedia": "de:Netto Marken-Discount", "check_date:opening_hours": "2024-01-12", "level": null, "name": "Netto Marken-Discount", "opening_hours": "Mo-Sa 07:00-21:00", "shop": "supermarket", "wheelchair": "yes", "internet_access": null, "internet_access:access": null, "internet_access:fee": null, "operator": "Netto", "phone": null, "website": "https://www.netto-online.de/filialen/Dresden-Loebtau/Tharandter-Str-41a/4757/", "addr:country": "DE", "check_date": null, "email": null, "payment:mastercard": null, "payment:visa": null, "payment:cash": "yes", "payment:girocard": null, "payment:maestro": null, "self_checkout": null, "ref:vatin": null, "payment:credit_cards": "yes", "operator:tax": null, "ref": null, "diet:halal": null, "diet:kosher": null, "lastcheck": null, "access": null, "entrance": null, "cash_withdrawal": null, "cash_withdrawal:purchase_minimum": null, "cash_withdrawal:purchase_required": null, "cash_withdrawal:type": null, "drink:bionade": null, "drink:bionade_mate": null, "drink:charitea_mate": null, "drink:club-mate": null, "drink:club-mate_icetea": null, "drink:fritz-kola": null, "drink:fritz-limo": null, "drink:fritz-mischmasch": null, "drink:kolle-kolla": null, "drink:kolle-zotrine": null, "drink:lemonaid": null, "drink:mio_mio_cola": null, "drink:mio_mio_mate": null, "drink:vita_cola": null, "organic": null, "payment:contactless": null, "stroller": null, "start_date": null, "old_name": null, "contact:website": null, "layer": null, "toilets:wheelchair": null, "source": null, "payment:app": null, "payment:apple_pay": null, "payment:cards": null, "payment:coins": null, "payment:google_pay": null, "payment:visa_debit": null, "origin": null, "drink:charitea": null, "drink:kolle-jolle-mate": null, "drink:kolle-mate": null, "payment:debit_cards": "yes", "operator:wikidata": null, "drink:vita_limo": null, "contact:phone": null, "cash_withdrawal:limit": null, "post_office": null, "post_office:brand": null, "post_office:service_provider": null, "bulk_purchase": null, "dog": null, "air_conditioning": null, "payment:notes": null, "ref:rewe": null, "addr:suburb": null, "membership": null, "access:covid19": null, "alt_name": null, "delivery:covid19": null, "takeaway:covid19": null, "discount:students": null, "currency:EUR": null, "internet_access:password": null, "internet_access:ssid": null, "post_office:brand:wikidata": null, "post_office:brand:wikipedia": null, "ref:deutsche_post": null, "description": null, "payment:mastercard_contactless": null, "payment:sodexo": null, "payment:v_pay": null, "fax": null, "drink:club-mate_granat": null, "opening_date": null, "payment:account_cards": null, "payment:payback_app": null, "wheelchair:description:de": null, "note": null, "cuisine": null, "diet:vegan": null, "diet:vegetarian": null, "contact:email": null, "branch": null, "short_name": null, "drink:kolle-kilimo": null, "drink:kombucha": null, "drink:sake": null, "drinking_water:refill": null, "drinking_water:refill:network": null, "payment:vpay": null, "payment:american_express": null, "source:name": null, "toilets": null, "diet:gluten_free": null, "diet:lactose_free": null, "post_office:id_check": null, "post_office:oversized_item": null, "post_office:packaging": null, "post_office:parcel_from": null, "post_office:parcel_pickup": null, "post_office:parcel_to": null, "post_office:post_bank": null, "post_office:stamps": null, "payment:visa_electron": null, "fair_trade": null, "reusable_packaging:accept": null, "payment:cryptocurrencies": null, "building": "retail", "building:levels": "1", "roof:shape": "gabled", "vending": null, "building:roof": null, "roof:colour": null, "building:colour": null, "height": null, "roof:levels": null, "roof:height": null, "drink:coffee": null, "contact:facebook": null, "delivery": null, "contact:instagram": null, "payment:netto_app": null, "landuse": null, "indoor": null, "name:ru": null, "room": null }, "geometry": { "type": "Polygon", "coordinates": [ [ [ 13.7063873, 51.0373675 ], [ 13.7062894, 51.0368522 ], [ 13.7059193, 51.03688 ], [ 13.705927, 51.0369204 ], [ 13.7059438, 51.037009 ], [ 13.7060297, 51.0370026 ], [ 13.7060745, 51.0372383 ], [ 13.7060305, 51.0372416 ], [ 13.7060507, 51.0373482 ], [ 13.7063283, 51.0373273 ], [ 13.7063367, 51.0373713 ], [ 13.7063873, 51.0373675 ] ] ] } },
{ "type": "Feature", "properties": { "element": "way", "id": 35675530, "addr:city": "Dresden", "addr:housenumber": "20", "addr:postcode": "01109", "addr:street": "Karl-Marx-Straße", "brand": "Lidl", "brand:wikidata": "Q151954", "brand:wikipedia": null, "check_date:opening_hours": null, "level": null, "name": "Lidl", "opening_hours": "Mo-Sa 07:00-21:00", "shop": "supermarket", "wheelchair": "yes", "internet_access": null, "internet_access:access": null, "internet_access:fee": null, "operator": null, "phone": null, "website": null, "addr:country": "DE", "check_date": null, "email": null, "payment:mastercard": null, "payment:visa": null, "payment:cash": null, "payment:girocard": null, "payment:maestro": null, "self_checkout": null, "ref:vatin": null, "payment:credit_cards": null, "operator:tax": null, "ref": null, "diet:halal": null, "diet:kosher": null, "lastcheck": null, "access": null, "entrance": null, "cash_withdrawal": null, "cash_withdrawal:purchase_minimum": null, "cash_withdrawal:purchase_required": null, "cash_withdrawal:type": null, "drink:bionade": null, "drink:bionade_mate": null, "drink:charitea_mate": null, "drink:club-mate": null, "drink:club-mate_icetea": null, "drink:fritz-kola": null, "drink:fritz-limo": null, "drink:fritz-mischmasch": null, "drink:kolle-kolla": null, "drink:kolle-zotrine": null, "drink:lemonaid": null, "drink:mio_mio_cola": null, "drink:mio_mio_mate": null, "drink:vita_cola": null, "organic": null, "payment:contactless": null, "stroller": null, "start_date": null, "old_name": null, "contact:website": null, "layer": null, "toilets:wheelchair": null, "source": "Bing", "payment:app": null, "payment:apple_pay": null, "payment:cards": null, "payment:coins": null, "payment:google_pay": null, "payment:visa_debit": null, "origin": null, "drink:charitea": null, "drink:kolle-jolle-mate": null, "drink:kolle-mate": null, "payment:debit_cards": null, "operator:wikidata": null, "drink:vita_limo": null, "contact:phone": null, "cash_withdrawal:limit": null, "post_office": null, "post_office:brand": null, "post_office:service_provider": null, "bulk_purchase": null, "dog": null, "air_conditioning": null, "payment:notes": null, "ref:rewe": null, "addr:suburb": null, "membership": null, "access:covid19": null, "alt_name": null, "delivery:covid19": null, "takeaway:covid19": null, "discount:students": null, "currency:EUR": null, "internet_access:password": null, "internet_access:ssid": null, "post_office:brand:wikidata": null, "post_office:brand:wikipedia": null, "ref:deutsche_post": null, "description": null, "payment:mastercard_contactless": null, "payment:sodexo": null, "payment:v_pay": null, "fax": null, "drink:club-mate_granat": null, "opening_date": null, "payment:account_cards": null, "payment:payback_app": null, "wheelchair:description:de": null, "note": null, "cuisine": null, "diet:vegan": null, "diet:vegetarian": null, "contact:email": null, "branch": null, "short_name": null, "drink:kolle-kilimo": null, "drink:kombucha": null, "drink:sake": null, "drinking_water:refill": null, "drinking_water:refill:network": null, "payment:vpay": null, "payment:american_express": null, "source:name": null, "toilets": null, "diet:gluten_free": null, "diet:lactose_free": null, "post_office:id_check": null, "post_office:oversized_item": null, "post_office:packaging": null, "post_office:parcel_from": null, "post_office:parcel_pickup": null, "post_office:parcel_to": null, "post_office:post_bank": null, "post_office:stamps": null, "payment:visa_electron": null, "fair_trade": null, "reusable_packaging:accept": null, "payment:cryptocurrencies": null, "building": "retail", "building:levels": "1", "roof:shape": "flat", "vending": null, "building:roof": null, "roof:colour": "grey", "building:colour": null, "height": "4.5", "roof:levels": null, "roof:height": null, "drink:coffee": null, "contact:facebook": null, "delivery": null, "contact:instagram": null, "payment:netto_app": null, "landuse": null, "indoor": null, "name:ru": null, "room": null }, "geometry": { "type": "Polygon", "coordinates": [ [ [ 13.7743072, 51.1130116 ], [ 13.7745271, 51.1125783 ], [ 13.7745949, 51.1125918 ], [ 13.7748395, 51.1126407 ], [ 13.7748622, 51.1125959 ], [ 13.7749647, 51.1126164 ], [ 13.7747222, 51.1130946 ], [ 13.7747158, 51.1130933 ], [ 13.7743072, 51.1130116 ] ] ] } },
{ "type": "Feature", "properties": { "element": "way", "id": 37726678, "addr:city": "Dresden", "addr:housenumber": "68", "addr:postcode": "01127", "addr:street": "Weinböhlaer Straße", "brand": "Netto Marken-Discount", "brand:wikidata": "Q879858", "brand:wikipedia": "de:Netto Marken-Discount", "check_date:opening_hours": null, "level": null, "name": "Netto Marken-Discount", "opening_hours": "Mo-Sa 07:00-21:00", "shop": "supermarket", "wheelchair": "yes", "internet_access": null, "internet_access:access": null, "internet_access:fee": null, "operator": null, "phone": null, "website": "https://www.netto-online.de/filialen/Dresden-Pieschen-Nord/Weinboehlaer-Str-68/4799/", "addr:country": "DE", "check_date": null, "email": null, "payment:mastercard": null, "payment:visa": null, "payment:cash": null, "payment:girocard": null, "payment:maestro": null, "self_checkout": null, "ref:vatin": null, "payment:credit_cards": null, "operator:tax": null, "ref": null, "diet:halal": "yes", "diet:kosher": null, "lastcheck": null, "access": null, "entrance": null, "cash_withdrawal": null, "cash_withdrawal:purchase_minimum": null, "cash_withdrawal:purchase_required": null, "cash_withdrawal:type": null, "drink:bionade": null, "drink:bionade_mate": null, "drink:charitea_mate": null, "drink:club-mate": null, "drink:club-mate_icetea": null, "drink:fritz-kola": null, "drink:fritz-limo": null, "drink:fritz-mischmasch": null, "drink:kolle-kolla": null, "drink:kolle-zotrine": null, "drink:lemonaid": null, "drink:mio_mio_cola": null, "drink:mio_mio_mate": null, "drink:vita_cola": null, "organic": null, "payment:contactless": null, "stroller": null, "start_date": null, "old_name": null, "contact:website": null, "layer": null, "toilets:wheelchair": null, "source": null, "payment:app": null, "payment:apple_pay": null, "payment:cards": null, "payment:coins": null, "payment:google_pay": null, "payment:visa_debit": null, "origin": null, "drink:charitea": null, "drink:kolle-jolle-mate": null, "drink:kolle-mate": null, "payment:debit_cards": null, "operator:wikidata": null, "drink:vita_limo": null, "contact:phone": null, "cash_withdrawal:limit": null, "post_office": null, "post_office:brand": null, "post_office:service_provider": null, "bulk_purchase": null, "dog": null, "air_conditioning": null, "payment:notes": null, "ref:rewe": null, "addr:suburb": null, "membership": null, "access:covid19": null, "alt_name": null, "delivery:covid19": null, "takeaway:covid19": null, "discount:students": null, "currency:EUR": null, "internet_access:password": null, "internet_access:ssid": null, "post_office:brand:wikidata": null, "post_office:brand:wikipedia": null, "ref:deutsche_post": null, "description": null, "payment:mastercard_contactless": null, "payment:sodexo": null, "payment:v_pay": null, "fax": null, "drink:club-mate_granat": null, "opening_date": null, "payment:account_cards": null, "payment:payback_app": null, "wheelchair:description:de": null, "note": null, "cuisine": null, "diet:vegan": null, "diet:vegetarian": null, "contact:email": null, "branch": null, "short_name": null, "drink:kolle-kilimo": null, "drink:kombucha": null, "drink:sake": null, "drinking_water:refill": null, "drinking_water:refill:network": null, "payment:vpay": null, "payment:american_express": null, "source:name": null, "toilets": null, "diet:gluten_free": null, "diet:lactose_free": null, "post_office:id_check": null, "post_office:oversized_item": null, "post_office:packaging": null, "post_office:parcel_from": null, "post_office:parcel_pickup": null, "post_office:parcel_to": null, "post_office:post_bank": null, "post_office:stamps": null, "payment:visa_electron": null, "fair_trade": null, "reusable_packaging:accept": null, "payment:cryptocurrencies": null, "building": "retail", "building:levels": "1", "roof:shape": null, "vending": null, "building:roof": null, "roof:colour": null, "building:colour": null, "height": null, "roof:levels": null, "roof:height": null, "drink:coffee": null, "contact:facebook": null, "delivery": null, "contact:instagram": null, "payment:netto_app": null, "landuse": null, "indoor": null, "name:ru": null, "room": null }, "geometry": { "type": "Polygon", "coordinates": [ [ [ 13.7385597, 51.085472 ], [ 13.738516, 51.0854831 ], [ 13.7385433, 51.0855256 ], [ 13.7384489, 51.0855496 ], [ 13.7384375, 51.0855318 ], [ 13.7384236, 51.0855102 ], [ 13.7378666, 51.0856513 ], [ 13.7378197, 51.0855782 ], [ 13.737694, 51.08561 ], [ 13.7376362, 51.08552 ], [ 13.7377179, 51.0854989 ], [ 13.7377801, 51.0854828 ], [ 13.7383064, 51.0853502 ], [ 13.7382955, 51.0853333 ], [ 13.7384284, 51.0852997 ], [ 13.7384474, 51.0852949 ], [ 13.7385217, 51.0854108 ], [ 13.7385932, 51.0853926 ], [ 13.7386128, 51.0854231 ], [ 13.7386027, 51.0854391 ], [ 13.7385476, 51.0854531 ], [ 13.7385597, 51.085472 ] ] ] } },
{ "type": "Feature", "properties": { "element": "way", "id": 38564097, "addr:city": "Dresden", "addr:housenumber": "97", "addr:postcode": "01237", "addr:street": "Reicker Straße", "brand": "ALDI Nord", "brand:wikidata": "Q41171373", "brand:wikipedia": "en:Aldi", "check_date:opening_hours": null, "level": null, "name": "ALDI Nord", "opening_hours": "Mo-Sa 07:00-20:00", "shop": "supermarket", "wheelchair": "yes", "internet_access": null, "internet_access:access": null, "internet_access:fee": null, "operator": null, "phone": null, "website": null, "addr:country": "DE", "check_date": null, "email": null, "payment:mastercard": null, "payment:visa": null, "payment:cash": null, "payment:girocard": null, "payment:maestro": null, "self_checkout": null, "ref:vatin": null, "payment:credit_cards": null, "operator:tax": null, "ref": null, "diet:halal": null, "diet:kosher": null, "lastcheck": null, "access": null, "entrance": null, "cash_withdrawal": null, "cash_withdrawal:purchase_minimum": null, "cash_withdrawal:purchase_required": null, "cash_withdrawal:type": null, "drink:bionade": null, "drink:bionade_mate": null, "drink:charitea_mate": null, "drink:club-mate": null, "drink:club-mate_icetea": null, "drink:fritz-kola": null, "drink:fritz-limo": null, "drink:fritz-mischmasch": null, "drink:kolle-kolla": null, "drink:kolle-zotrine": null, "drink:lemonaid": null, "drink:mio_mio_cola": null, "drink:mio_mio_mate": null, "drink:vita_cola": null, "organic": null, "payment:contactless": null, "stroller": null, "start_date": null, "old_name": null, "contact:website": null, "layer": null, "toilets:wheelchair": "no", "source": null, "payment:app": null, "payment:apple_pay": null, "payment:cards": null, "payment:coins": null, "payment:google_pay": null, "payment:visa_debit": null, "origin": null, "drink:charitea": null, "drink:kolle-jolle-mate": null, "drink:kolle-mate": null, "payment:debit_cards": null, "operator:wikidata": null, "drink:vita_limo": null, "contact:phone": null, "cash_withdrawal:limit": null, "post_office": null, "post_office:brand": null, "post_office:service_provider": null, "bulk_purchase": null, "dog": null, "air_conditioning": null, "payment:notes": null, "ref:rewe": null, "addr:suburb": null, "membership": null, "access:covid19": null, "alt_name": null, "delivery:covid19": null, "takeaway:covid19": null, "discount:students": null, "currency:EUR": null, "internet_access:password": null, "internet_access:ssid": null, "post_office:brand:wikidata": null, "post_office:brand:wikipedia": null, "ref:deutsche_post": null, "description": null, "payment:mastercard_contactless": null, "payment:sodexo": null, "payment:v_pay": null, "fax": null, "drink:club-mate_granat": null, "opening_date": null, "payment:account_cards": null, "payment:payback_app": null, "wheelchair:description:de": null, "note": null, "cuisine": null, "diet:vegan": null, "diet:vegetarian": null, "contact:email": null, "branch": null, "short_name": null, "drink:kolle-kilimo": null, "drink:kombucha": null, "drink:sake": null, "drinking_water:refill": null, "drinking_water:refill:network": null, "payment:vpay": null, "payment:american_express": null, "source:name": null, "toilets": null, "diet:gluten_free": null, "diet:lactose_free": null, "post_office:id_check": null, "post_office:oversized_item": null, "post_office:packaging": null, "post_office:parcel_from": null, "post_office:parcel_pickup": null, "post_office:parcel_to": null, "post_office:post_bank": null, "post_office:stamps": null, "payment:visa_electron": null, "fair_trade": null, "reusable_packaging:accept": null, "payment:cryptocurrencies": null, "building": "retail", "building:levels": "1", "roof:shape": "flat", "vending": null, "building:roof": null, "roof:colour": null, "building:colour": null, "height": null, "roof:levels": "0", "roof:height": null, "drink:coffee": null, "contact:facebook": null, "delivery": null, "contact:instagram": null, "payment:netto_app": null, "landuse": null, "indoor": null, "name:ru": null, "room": null }, "geometry": { "type": "Polygon", "coordinates": [ [ [ 13.7890233, 51.0148452 ], [ 13.7892469, 51.0150287 ], [ 13.7898057, 51.0147593 ], [ 13.7897663, 51.0147269 ], [ 13.7897109, 51.0147536 ], [ 13.7895267, 51.0146024 ], [ 13.7894365, 51.0146459 ], [ 13.7890233, 51.0148452 ] ] ] } },
{ "type": "Feature", "properties": { "element": "way", "id": 39230247, "addr:city": "Dresden", "addr:housenumber": "132", "addr:postcode": "01129", "addr:street": "Döbelner Straße", "brand": "ALDI Nord", "brand:wikidata": "Q41171373", "brand:wikipedia": "en:Aldi", "check_date:opening_hours": null, "level": null, "name": "Aldi", "opening_hours": "Mo-Sa 07:00-21:00", "shop": "supermarket", "wheelchair": "yes", "internet_access": null, "internet_access:access": null, "internet_access:fee": null, "operator": null, "phone": null, "website": null, "addr:country": "DE", "check_date": null, "email": null, "payment:mastercard": null, "payment:visa": null, "payment:cash": null, "payment:girocard": null, "payment:maestro": null, "self_checkout": null, "ref:vatin": null, "payment:credit_cards": null, "operator:tax": null, "ref": null, "diet:halal": null, "diet:kosher": null, "lastcheck": null, "access": null, "entrance": null, "cash_withdrawal": null, "cash_withdrawal:purchase_minimum": null, "cash_withdrawal:purchase_required": null, "cash_withdrawal:type": null, "drink:bionade": null, "drink:bionade_mate": null, "drink:charitea_mate": null, "drink:club-mate": null, "drink:club-mate_icetea": null, "drink:fritz-kola": null, "drink:fritz-limo": null, "drink:fritz-mischmasch": null, "drink:kolle-kolla": null, "drink:kolle-zotrine": null, "drink:lemonaid": null, "drink:mio_mio_cola": null, "drink:mio_mio_mate": null, "drink:vita_cola": null, "organic": null, "payment:contactless": null, "stroller": null, "start_date": null, "old_name": null, "contact:website": null, "layer": null, "toilets:wheelchair": null, "source": null, "payment:app": null, "payment:apple_pay": null, "payment:cards": null, "payment:coins": null, "payment:google_pay": null, "payment:visa_debit": null, "origin": null, "drink:charitea": null, "drink:kolle-jolle-mate": null, "drink:kolle-mate": null, "payment:debit_cards": null, "operator:wikidata": null, "drink:vita_limo": null, "contact:phone": null, "cash_withdrawal:limit": null, "post_office": null, "post_office:brand": null, "post_office:service_provider": null, "bulk_purchase": null, "dog": null, "air_conditioning": null, "payment:notes": null, "ref:rewe": null, "addr:suburb": null, "membership": null, "access:covid19": null, "alt_name": null, "delivery:covid19": null, "takeaway:covid19": null, "discount:students": null, "currency:EUR": null, "internet_access:password": null, "internet_access:ssid": null, "post_office:brand:wikidata": null, "post_office:brand:wikipedia": null, "ref:deutsche_post": null, "description": null, "payment:mastercard_contactless": null, "payment:sodexo": null, "payment:v_pay": null, "fax": null, "drink:club-mate_granat": null, "opening_date": null, "payment:account_cards": null, "payment:payback_app": null, "wheelchair:description:de": null, "note": null, "cuisine": null, "diet:vegan": null, "diet:vegetarian": null, "contact:email": null, "branch": null, "short_name": null, "drink:kolle-kilimo": null, "drink:kombucha": null, "drink:sake": null, "drinking_water:refill": null, "drinking_water:refill:network": null, "payment:vpay": null, "payment:american_express": null, "source:name": null, "toilets": null, "diet:gluten_free": null, "diet:lactose_free": null, "post_office:id_check": null, "post_office:oversized_item": null, "post_office:packaging": null, "post_office:parcel_from": null, "post_office:parcel_pickup": null, "post_office:parcel_to": null, "post_office:post_bank": null, "post_office:stamps": null, "payment:visa_electron": null, "fair_trade": null, "reusable_packaging:accept": null, "payment:cryptocurrencies": null, "building": "retail", "building:levels": "1", "roof:shape": "flat", "vending": null, "building:roof": null, "roof:colour": null, "building:colour": null, "height": null, "roof:levels": null, "roof:height": null, "drink:coffee": null, "contact:facebook": null, "delivery": null, "contact:instagram": null, "payment:netto_app": null, "landuse": null, "indoor": null, "name:ru": null, "room": null }, "geometry": { "type": "Polygon", "coordinates": [ [ [ 13.7193872, 51.096878 ], [ 13.7194173, 51.0969347 ], [ 13.719504, 51.0970977 ], [ 13.7201725, 51.0969575 ], [ 13.7201448, 51.0969053 ], [ 13.7200701, 51.0969209 ], [ 13.7199811, 51.0967535 ], [ 13.7193872, 51.096878 ] ] ] } },
{ "type": "Feature", "properties": { "element": "way", "id": 40065814, "addr:city": "Dresden", "addr:housenumber": "81", "addr:postcode": "01159", "addr:street": "Kesselsdorfer Straße", "brand": "Kaufland", "brand:wikidata": "Q685967", "brand:wikipedia": "en:Kaufland", "check_date:opening_hours": null, "level": null, "name": "Kaufland", "opening_hours": "Mo-Sa 07:00-22:00", "shop": "supermarket", "wheelchair": "yes", "internet_access": null, "internet_access:access": null, "internet_access:fee": null, "operator": null, "phone": null, "website": null, "addr:country": null, "check_date": null, "email": null, "payment:mastercard": null, "payment:visa": null, "payment:cash": null, "payment:girocard": null, "payment:maestro": null, "self_checkout": null, "ref:vatin": null, "payment:credit_cards": null, "operator:tax": null, "ref": null, "diet:halal": null, "diet:kosher": null, "lastcheck": null, "access": null, "entrance": null, "cash_withdrawal": null, "cash_withdrawal:purchase_minimum": null, "cash_withdrawal:purchase_required": null, "cash_withdrawal:type": null, "drink:bionade": null, "drink:bionade_mate": null, "drink:charitea_mate": null, "drink:club-mate": null, "drink:club-mate_icetea": null, "drink:fritz-kola": null, "drink:fritz-limo": null, "drink:fritz-mischmasch": null, "drink:kolle-kolla": null, "drink:kolle-zotrine": null, "drink:lemonaid": null, "drink:mio_mio_cola": null, "drink:mio_mio_mate": null, "drink:vita_cola": null, "organic": null, "payment:contactless": null, "stroller": null, "start_date": null, "old_name": null, "contact:website": null, "layer": null, "toilets:wheelchair": "yes", "source": "Bing", "payment:app": null, "payment:apple_pay": null, "payment:cards": null, "payment:coins": null, "payment:google_pay": null, "payment:visa_debit": null, "origin": null, "drink:charitea": null, "drink:kolle-jolle-mate": null, "drink:kolle-mate": null, "payment:debit_cards": null, "operator:wikidata": null, "drink:vita_limo": null, "contact:phone": null, "cash_withdrawal:limit": null, "post_office": null, "post_office:brand": null, "post_office:service_provider": null, "bulk_purchase": null, "dog": null, "air_conditioning": null, "payment:notes": null, "ref:rewe": null, "addr:suburb": null, "membership": null, "access:covid19": null, "alt_name": null, "delivery:covid19": null, "takeaway:covid19": null, "discount:students": null, "currency:EUR": null, "internet_access:password": null, "internet_access:ssid": null, "post_office:brand:wikidata": null, "post_office:brand:wikipedia": null, "ref:deutsche_post": null, "description": null, "payment:mastercard_contactless": null, "payment:sodexo": null, "payment:v_pay": null, "fax": null, "drink:club-mate_granat": null, "opening_date": null, "payment:account_cards": null, "payment:payback_app": null, "wheelchair:description:de": null, "note": null, "cuisine": null, "diet:vegan": null, "diet:vegetarian": null, "contact:email": null, "branch": null, "short_name": null, "drink:kolle-kilimo": null, "drink:kombucha": null, "drink:sake": null, "drinking_water:refill": null, "drinking_water:refill:network": null, "payment:vpay": null, "payment:american_express": null, "source:name": null, "toilets": null, "diet:gluten_free": null, "diet:lactose_free": null, "post_office:id_check": null, "post_office:oversized_item": null, "post_office:packaging": null, "post_office:parcel_from": null, "post_office:parcel_pickup": null, "post_office:parcel_to": null, "post_office:post_bank": null, "post_office:stamps": null, "payment:visa_electron": null, "fair_trade": null, "reusable_packaging:accept": null, "payment:cryptocurrencies": null, "building": "retail", "building:levels": "1", "roof:shape": null, "vending": null, "building:roof": null, "roof:colour": null, "building:colour": null, "height": null, "roof:levels": null, "roof:height": null, "drink:coffee": null, "contact:facebook": null, "delivery": null, "contact:instagram": null, "payment:netto_app": null, "landuse": null, "indoor": null, "name:ru": null, "room": null }, "geometry": { "type": "Polygon", "coordinates": [ [ [ 13.6829051, 51.0418632 ], [ 13.6831501, 51.0419138 ], [ 13.6833403, 51.0419532 ], [ 13.6835075, 51.0419878 ], [ 13.6841739, 51.0407154 ], [ 13.6832917, 51.0405327 ], [ 13.6832307, 51.0406508 ], [ 13.6831557, 51.0407944 ], [ 13.6829634, 51.0411596 ], [ 13.6832432, 51.0412176 ], [ 13.683021, 51.0416439 ], [ 13.6829051, 51.0418632 ] ] ] } },
{ "type": "Feature", "properties": { "element": "way", "id": 41920385, "addr:city": "Dresden", "addr:housenumber": "55", "addr:postcode": "01129", "addr:street": "Industriestraße", "brand": "Netto", "brand:wikidata": "Q552652", "brand:wikipedia": null, "check_date:opening_hours": null, "level": null, "name": "Netto", "opening_hours": "Mo-Sa 07:00-21:00; PH off", "shop": "supermarket", "wheelchair": "yes", "internet_access": null, "internet_access:access": null, "internet_access:fee": null, "operator": null, "phone": null, "website": null, "addr:country": "DE", "check_date": null, "email": null, "payment:mastercard": null, "payment:visa": null, "payment:cash": null, "payment:girocard": null, "payment:maestro": null, "self_checkout": null, "ref:vatin": null, "payment:credit_cards": null, "operator:tax": null, "ref": null, "diet:halal": null, "diet:kosher": null, "lastcheck": null, "access": null, "entrance": null, "cash_withdrawal": null, "cash_withdrawal:purchase_minimum": null, "cash_withdrawal:purchase_required": null, "cash_withdrawal:type": null, "drink:bionade": null, "drink:bionade_mate": null, "drink:charitea_mate": null, "drink:club-mate": null, "drink:club-mate_icetea": null, "drink:fritz-kola": null, "drink:fritz-limo": null, "drink:fritz-mischmasch": null, "drink:kolle-kolla": null, "drink:kolle-zotrine": null, "drink:lemonaid": null, "drink:mio_mio_cola": null, "drink:mio_mio_mate": null, "drink:vita_cola": null, "organic": null, "payment:contactless": null, "stroller": null, "start_date": null, "old_name": "Norma", "contact:website": null, "layer": null, "toilets:wheelchair": null, "source": null, "payment:app": null, "payment:apple_pay": null, "payment:cards": null, "payment:coins": null, "payment:google_pay": null, "payment:visa_debit": null, "origin": null, "drink:charitea": null, "drink:kolle-jolle-mate": null, "drink:kolle-mate": null, "payment:debit_cards": null, "operator:wikidata": null, "drink:vita_limo": null, "contact:phone": null, "cash_withdrawal:limit": null, "post_office": null, "post_office:brand": null, "post_office:service_provider": null, "bulk_purchase": null, "dog": null, "air_conditioning": null, "payment:notes": null, "ref:rewe": null, "addr:suburb": null, "membership": null, "access:covid19": null, "alt_name": null, "delivery:covid19": null, "takeaway:covid19": null, "discount:students": null, "currency:EUR": null, "internet_access:password": null, "internet_access:ssid": null, "post_office:brand:wikidata": null, "post_office:brand:wikipedia": null, "ref:deutsche_post": null, "description": null, "payment:mastercard_contactless": null, "payment:sodexo": null, "payment:v_pay": null, "fax": null, "drink:club-mate_granat": null, "opening_date": null, "payment:account_cards": null, "payment:payback_app": null, "wheelchair:description:de": null, "note": "\"Hunde\"-Netto", "cuisine": null, "diet:vegan": null, "diet:vegetarian": null, "contact:email": null, "branch": null, "short_name": null, "drink:kolle-kilimo": null, "drink:kombucha": null, "drink:sake": null, "drinking_water:refill": null, "drinking_water:refill:network": null, "payment:vpay": null, "payment:american_express": null, "source:name": null, "toilets": null, "diet:gluten_free": null, "diet:lactose_free": null, "post_office:id_check": null, "post_office:oversized_item": null, "post_office:packaging": null, "post_office:parcel_from": null, "post_office:parcel_pickup": null, "post_office:parcel_to": null, "post_office:post_bank": null, "post_office:stamps": null, "payment:visa_electron": null, "fair_trade": null, "reusable_packaging:accept": null, "payment:cryptocurrencies": null, "building": "supermarket", "building:levels": null, "roof:shape": null, "vending": null, "building:roof": null, "roof:colour": null, "building:colour": null, "height": null, "roof:levels": null, "roof:height": null, "drink:coffee": null, "contact:facebook": null, "delivery": null, "contact:instagram": null, "payment:netto_app": null, "landuse": null, "indoor": null, "name:ru": null, "room": null }, "geometry": { "type": "Polygon", "coordinates": [ [ [ 13.7077906, 51.0895264 ], [ 13.7078655, 51.0895403 ], [ 13.7079033, 51.0895474 ], [ 13.7079332, 51.0895529 ], [ 13.7080824, 51.0895807 ], [ 13.7082753, 51.0891716 ], [ 13.7079835, 51.0891173 ], [ 13.7077906, 51.0895264 ] ] ] } },
{ "type": "Feature", "properties": { "element": "way", "id": 42002384, "addr:city": "Dresden", "addr:housenumber": "38", "addr:postcode": "01139", "addr:street": "Overbeckstraße", "brand": "Netto Marken-Discount", "brand:wikidata": "Q879858", "brand:wikipedia": null, "check_date:opening_hours": null, "level": null, "name": "Netto Marken-Discount", "opening_hours": "Su off; Mo-Sa 07:00-22:00", "shop": "supermarket", "wheelchair": "yes", "internet_access": null, "internet_access:access": null, "internet_access:fee": null, "operator": null, "phone": "+49 351 84754374", "website": "https://www.netto-online.de/filialen/Dresden-Mickten/Overbeckstr-38/4820/", "addr:country": "DE", "check_date": null, "email": null, "payment:mastercard": null, "payment:visa": null, "payment:cash": "yes", "payment:girocard": null, "payment:maestro": null, "self_checkout": null, "ref:vatin": null, "payment:credit_cards": "yes", "operator:tax": null, "ref": null, "diet:halal": null, "diet:kosher": null, "lastcheck": null, "access": null, "entrance": null, "cash_withdrawal": null, "cash_withdrawal:purchase_minimum": null, "cash_withdrawal:purchase_required": null, "cash_withdrawal:type": null, "drink:bionade": null, "drink:bionade_mate": null, "drink:charitea_mate": null, "drink:club-mate": null, "drink:club-mate_icetea": null, "drink:fritz-kola": null, "drink:fritz-limo": null, "drink:fritz-mischmasch": null, "drink:kolle-kolla": null, "drink:kolle-zotrine": null, "drink:lemonaid": null, "drink:mio_mio_cola": null, "drink:mio_mio_mate": null, "drink:vita_cola": null, "organic": null, "payment:contactless": null, "stroller": null, "start_date": null, "old_name": null, "contact:website": null, "layer": null, "toilets:wheelchair": null, "source": null, "payment:app": null, "payment:apple_pay": null, "payment:cards": null, "payment:coins": null, "payment:google_pay": null, "payment:visa_debit": null, "origin": null, "drink:charitea": null, "drink:kolle-jolle-mate": null, "drink:kolle-mate": null, "payment:debit_cards": "yes", "operator:wikidata": null, "drink:vita_limo": null, "contact:phone": null, "cash_withdrawal:limit": null, "post_office": null, "post_office:brand": null, "post_office:service_provider": null, "bulk_purchase": null, "dog": null, "air_conditioning": null, "payment:notes": null, "ref:rewe": null, "addr:suburb": null, "membership": null, "access:covid19": null, "alt_name": null, "delivery:covid19": null, "takeaway:covid19": null, "discount:students": null, "currency:EUR": null, "internet_access:password": null, "internet_access:ssid": null, "post_office:brand:wikidata": null, "post_office:brand:wikipedia": null, "ref:deutsche_post": null, "description": null, "payment:mastercard_contactless": null, "payment:sodexo": null, "payment:v_pay": null, "fax": null, "drink:club-mate_granat": null, "opening_date": null, "payment:account_cards": null, "payment:payback_app": null, "wheelchair:description:de": null, "note": null, "cuisine": null, "diet:vegan": null, "diet:vegetarian": null, "contact:email": null, "branch": null, "short_name": null, "drink:kolle-kilimo": null, "drink:kombucha": null, "drink:sake": null, "drinking_water:refill": null, "drinking_water:refill:network": null, "payment:vpay": null, "payment:american_express": null, "source:name": null, "toilets": null, "diet:gluten_free": null, "diet:lactose_free": null, "post_office:id_check": null, "post_office:oversized_item": null, "post_office:packaging": null, "post_office:parcel_from": null, "post_office:parcel_pickup": null, "post_office:parcel_to": null, "post_office:post_bank": null, "post_office:stamps": null, "payment:visa_electron": null, "fair_trade": null, "reusable_packaging:accept": null, "payment:cryptocurrencies": null, "building": "retail", "building:levels": "1", "roof:shape": "gabled", "vending": null, "building:roof": null, "roof:colour": null, "building:colour": null, "height": null, "roof:levels": "0", "roof:height": null, "drink:coffee": "yes", "contact:facebook": null, "delivery": null, "contact:instagram": null, "payment:netto_app": null, "landuse": null, "indoor": null, "name:ru": null, "room": null }, "geometry": { "type": "Polygon", "coordinates": [ [ [ 13.6909008, 51.0740693 ], [ 13.6909868, 51.0740697 ], [ 13.6909869, 51.074062 ], [ 13.6913237, 51.0740634 ], [ 13.6913194, 51.0744859 ], [ 13.6909834, 51.0744846 ], [ 13.6909857, 51.074255 ], [ 13.6908989, 51.0742547 ], [ 13.6909008, 51.0740693 ] ] ] } },
{ "type": "Feature", "properties": { "element": "way", "id": 44006440, "addr:city": "Dresden", "addr:housenumber": "13", "addr:postcode": "01307", "addr:street": "Blasewitzer Straße", "brand": "Netto", "brand:wikidata": "Q552652", "brand:wikipedia": null, "check_date:opening_hours": "2024-08-31", "level": null, "name": "Netto", "opening_hours": "Mo-Sa 07:00-21:00", "shop": "supermarket", "wheelchair": "limited", "internet_access": null, "internet_access:access": null, "internet_access:fee": null, "operator": null, "phone": null, "website": "https://www.netto.de/", "addr:country": "DE", "check_date": null, "email": null, "payment:mastercard": null, "payment:visa": null, "payment:cash": null, "payment:girocard": null, "payment:maestro": null, "self_checkout": null, "ref:vatin": null, "payment:credit_cards": null, "operator:tax": null, "ref": null, "diet:halal": null, "diet:kosher": null, "lastcheck": null, "access": null, "entrance": null, "cash_withdrawal": null, "cash_withdrawal:purchase_minimum": null, "cash_withdrawal:purchase_required": null, "cash_withdrawal:type": null, "drink:bionade": null, "drink:bionade_mate": null, "drink:charitea_mate": null, "drink:club-mate": null, "drink:club-mate_icetea": null, "drink:fritz-kola": null, "drink:fritz-limo": null, "drink:fritz-mischmasch": null, "drink:kolle-kolla": null, "drink:kolle-zotrine": null, "drink:lemonaid": null, "drink:mio_mio_cola": null, "drink:mio_mio_mate": null, "drink:vita_cola": null, "organic": null, "payment:contactless": null, "stroller": null, "start_date": null, "old_name": null, "contact:website": null, "layer": null, "toilets:wheelchair": null, "source": null, "payment:app": null, "payment:apple_pay": null, "payment:cards": null, "payment:coins": null, "payment:google_pay": null, "payment:visa_debit": null, "origin": null, "drink:charitea": null, "drink:kolle-jolle-mate": null, "drink:kolle-mate": null, "payment:debit_cards": null, "operator:wikidata": null, "drink:vita_limo": null, "contact:phone": null, "cash_withdrawal:limit": null, "post_office": null, "post_office:brand": null, "post_office:service_provider": null, "bulk_purchase": null, "dog": null, "air_conditioning": null, "payment:notes": null, "ref:rewe": null, "addr:suburb": null, "membership": null, "access:covid19": null, "alt_name": null, "delivery:covid19": null, "takeaway:covid19": null, "discount:students": null, "currency:EUR": null, "internet_access:password": null, "internet_access:ssid": null, "post_office:brand:wikidata": null, "post_office:brand:wikipedia": null, "ref:deutsche_post": null, "description": null, "payment:mastercard_contactless": null, "payment:sodexo": null, "payment:v_pay": null, "fax": null, "drink:club-mate_granat": null, "opening_date": null, "payment:account_cards": null, "payment:payback_app": null, "wheelchair:description:de": null, "note": null, "cuisine": null, "diet:vegan": null, "diet:vegetarian": null, "contact:email": null, "branch": null, "short_name": null, "drink:kolle-kilimo": null, "drink:kombucha": null, "drink:sake": null, "drinking_water:refill": null, "drinking_water:refill:network": null, "payment:vpay": null, "payment:american_express": null, "source:name": null, "toilets": null, "diet:gluten_free": null, "diet:lactose_free": null, "post_office:id_check": null, "post_office:oversized_item": null, "post_office:packaging": null, "post_office:parcel_from": null, "post_office:parcel_pickup": null, "post_office:parcel_to": null, "post_office:post_bank": null, "post_office:stamps": null, "payment:visa_electron": null, "fair_trade": null, "reusable_packaging:accept": null, "payment:cryptocurrencies": null, "building": "supermarket", "building:levels": "1", "roof:shape": "flat", "vending": null, "building:roof": null, "roof:colour": "#A2A296", "building:colour": "orange", "height": null, "roof:levels": null, "roof:height": null, "drink:coffee": null, "contact:facebook": null, "delivery": null, "contact:instagram": null, "payment:netto_app": null, "landuse": null, "indoor": null, "name:ru": null, "room": null }, "geometry": { "type": "Polygon", "coordinates": [ [ [ 13.7732726, 51.0532928 ], [ 13.7732838, 51.0532501 ], [ 13.7733158, 51.0531282 ], [ 13.7733379, 51.0531305 ], [ 13.7734364, 51.0527556 ], [ 13.7734078, 51.0527526 ], [ 13.7734394, 51.0526322 ], [ 13.7734508, 51.0525887 ], [ 13.7737173, 51.0526164 ], [ 13.7736824, 51.0527493 ], [ 13.7736743, 51.0527803 ], [ 13.7738012, 51.0527934 ], [ 13.7737358, 51.0530426 ], [ 13.7737888, 51.0530481 ], [ 13.7737717, 51.0531133 ], [ 13.7737558, 51.0531738 ], [ 13.7735802, 51.0531556 ], [ 13.7735766, 51.0531693 ], [ 13.7735691, 51.0531978 ], [ 13.7735369, 51.0533202 ], [ 13.7732726, 51.0532928 ] ] ] } },
{ "type": "Feature", "properties": { "element": "way", "id": 44145993, "addr:city": "Dresden", "addr:housenumber": "2", "addr:postcode": "01328", "addr:street": "Am Weißiger Bach", "brand": "Netto Marken-Discount", "brand:wikidata": "Q879858", "brand:wikipedia": null, "check_date:opening_hours": "2024-07-11", "level": null, "name": "Netto Marken-Discount", "opening_hours": "Mo-Sa 07:00-21:00", "shop": "supermarket", "wheelchair": "yes", "internet_access": null, "internet_access:access": null, "internet_access:fee": null, "operator": null, "phone": null, "website": "https://www.netto-online.de/filialen/Dresden-Weissig/Am-Weissiger-Bach-2/4642/", "addr:country": "DE", "check_date": null, "email": null, "payment:mastercard": null, "payment:visa": null, "payment:cash": null, "payment:girocard": null, "payment:maestro": null, "self_checkout": null, "ref:vatin": null, "payment:credit_cards": null, "operator:tax": null, "ref": null, "diet:halal": null, "diet:kosher": null, "lastcheck": null, "access": null, "entrance": null, "cash_withdrawal": null, "cash_withdrawal:purchase_minimum": null, "cash_withdrawal:purchase_required": null, "cash_withdrawal:type": null, "drink:bionade": null, "drink:bionade_mate": null, "drink:charitea_mate": null, "drink:club-mate": null, "drink:club-mate_icetea": null, "drink:fritz-kola": null, "drink:fritz-limo": null, "drink:fritz-mischmasch": null, "drink:kolle-kolla": null, "drink:kolle-zotrine": null, "drink:lemonaid": null, "drink:mio_mio_cola": null, "drink:mio_mio_mate": null, "drink:vita_cola": null, "organic": null, "payment:contactless": null, "stroller": null, "start_date": null, "old_name": null, "contact:website": null, "layer": null, "toilets:wheelchair": null, "source": null, "payment:app": null, "payment:apple_pay": null, "payment:cards": null, "payment:coins": null, "payment:google_pay": null, "payment:visa_debit": null, "origin": null, "drink:charitea": null, "drink:kolle-jolle-mate": null, "drink:kolle-mate": null, "payment:debit_cards": null, "operator:wikidata": null, "drink:vita_limo": null, "contact:phone": null, "cash_withdrawal:limit": null, "post_office": null, "post_office:brand": null, "post_office:service_provider": null, "bulk_purchase": null, "dog": null, "air_conditioning": null, "payment:notes": null, "ref:rewe": null, "addr:suburb": null, "membership": null, "access:covid19": null, "alt_name": null, "delivery:covid19": null, "takeaway:covid19": null, "discount:students": null, "currency:EUR": null, "internet_access:password": null, "internet_access:ssid": null, "post_office:brand:wikidata": null, "post_office:brand:wikipedia": null, "ref:deutsche_post": null, "description": null, "payment:mastercard_contactless": null, "payment:sodexo": null, "payment:v_pay": null, "fax": null, "drink:club-mate_granat": null, "opening_date": null, "payment:account_cards": null, "payment:payback_app": null, "wheelchair:description:de": null, "note": null, "cuisine": null, "diet:vegan": null, "diet:vegetarian": null, "contact:email": null, "branch": null, "short_name": null, "drink:kolle-kilimo": null, "drink:kombucha": null, "drink:sake": null, "drinking_water:refill": null, "drinking_water:refill:network": null, "payment:vpay": null, "payment:american_express": null, "source:name": null, "toilets": null, "diet:gluten_free": null, "diet:lactose_free": null, "post_office:id_check": null, "post_office:oversized_item": null, "post_office:packaging": null, "post_office:parcel_from": null, "post_office:parcel_pickup": null, "post_office:parcel_to": null, "post_office:post_bank": null, "post_office:stamps": null, "payment:visa_electron": null, "fair_trade": null, "reusable_packaging:accept": null, "payment:cryptocurrencies": null, "building": "retail", "building:levels": "1", "roof:shape": "gabled", "vending": null, "building:roof": null, "roof:colour": null, "building:colour": null, "height": null, "roof:levels": null, "roof:height": null, "drink:coffee": null, "contact:facebook": null, "delivery": null, "contact:instagram": null, "payment:netto_app": null, "landuse": null, "indoor": null, "name:ru": null, "room": null }, "geometry": { "type": "Polygon", "coordinates": [ [ [ 13.8857323, 51.0629999 ], [ 13.8860059, 51.063002 ], [ 13.8860052, 51.0630411 ], [ 13.8860719, 51.0630416 ], [ 13.8860812, 51.0625574 ], [ 13.8859529, 51.0625564 ], [ 13.885953, 51.0625515 ], [ 13.8859538, 51.0625104 ], [ 13.8857417, 51.0625088 ], [ 13.8857323, 51.0629999 ] ] ] } },
{ "type": "Feature", "properties": { "element": "way", "id": 47381227, "addr:city": "Dresden", "addr:housenumber": "48", "addr:postcode": "01239", "addr:street": "Langer Weg", "brand": "Netto Marken-Discount", "brand:wikidata": "Q879858", "brand:wikipedia": "de:Netto Marken-Discount", "check_date:opening_hours": "2025-01-02", "level": null, "name": "Netto Marken-Discount", "opening_hours": "Mo-Sa 07:00-21:00", "shop": "supermarket", "wheelchair": "yes", "internet_access": null, "internet_access:access": null, "internet_access:fee": null, "operator": null, "phone": null, "website": "https://www.netto-online.de/filialen/Dresden-Prohlis/Langer-Weg-48/4790/", "addr:country": "DE", "check_date": null, "email": null, "payment:mastercard": null, "payment:visa": null, "payment:cash": null, "payment:girocard": null, "payment:maestro": null, "self_checkout": null, "ref:vatin": null, "payment:credit_cards": null, "operator:tax": null, "ref": null, "diet:halal": null, "diet:kosher": null, "lastcheck": null, "access": null, "entrance": null, "cash_withdrawal": null, "cash_withdrawal:purchase_minimum": null, "cash_withdrawal:purchase_required": null, "cash_withdrawal:type": null, "drink:bionade": null, "drink:bionade_mate": null, "drink:charitea_mate": null, "drink:club-mate": null, "drink:club-mate_icetea": null, "drink:fritz-kola": null, "drink:fritz-limo": null, "drink:fritz-mischmasch": null, "drink:kolle-kolla": null, "drink:kolle-zotrine": null, "drink:lemonaid": null, "drink:mio_mio_cola": null, "drink:mio_mio_mate": null, "drink:vita_cola": null, "organic": null, "payment:contactless": null, "stroller": null, "start_date": null, "old_name": null, "contact:website": null, "layer": null, "toilets:wheelchair": null, "source": null, "payment:app": null, "payment:apple_pay": null, "payment:cards": null, "payment:coins": null, "payment:google_pay": null, "payment:visa_debit": null, "origin": null, "drink:charitea": null, "drink:kolle-jolle-mate": null, "drink:kolle-mate": null, "payment:debit_cards": null, "operator:wikidata": null, "drink:vita_limo": null, "contact:phone": null, "cash_withdrawal:limit": null, "post_office": null, "post_office:brand": null, "post_office:service_provider": null, "bulk_purchase": null, "dog": null, "air_conditioning": null, "payment:notes": null, "ref:rewe": null, "addr:suburb": null, "membership": null, "access:covid19": null, "alt_name": null, "delivery:covid19": null, "takeaway:covid19": null, "discount:students": null, "currency:EUR": null, "internet_access:password": null, "internet_access:ssid": null, "post_office:brand:wikidata": null, "post_office:brand:wikipedia": null, "ref:deutsche_post": null, "description": null, "payment:mastercard_contactless": null, "payment:sodexo": null, "payment:v_pay": null, "fax": null, "drink:club-mate_granat": null, "opening_date": null, "payment:account_cards": null, "payment:payback_app": null, "wheelchair:description:de": null, "note": null, "cuisine": null, "diet:vegan": null, "diet:vegetarian": null, "contact:email": null, "branch": null, "short_name": null, "drink:kolle-kilimo": null, "drink:kombucha": null, "drink:sake": null, "drinking_water:refill": null, "drinking_water:refill:network": null, "payment:vpay": null, "payment:american_express": null, "source:name": null, "toilets": null, "diet:gluten_free": null, "diet:lactose_free": null, "post_office:id_check": null, "post_office:oversized_item": null, "post_office:packaging": null, "post_office:parcel_from": null, "post_office:parcel_pickup": null, "post_office:parcel_to": null, "post_office:post_bank": null, "post_office:stamps": null, "payment:visa_electron": null, "fair_trade": null, "reusable_packaging:accept": null, "payment:cryptocurrencies": null, "building": "retail", "building:levels": "1", "roof:shape": "flat", "vending": null, "building:roof": null, "roof:colour": null, "building:colour": null, "height": null, "roof:levels": null, "roof:height": null, "drink:coffee": null, "contact:facebook": null, "delivery": null, "contact:instagram": null, "payment:netto_app": null, "landuse": null, "indoor": null, "name:ru": null, "room": null }, "geometry": { "type": "Polygon", "coordinates": [ [ [ 13.8008184, 51.0009911 ], [ 13.8010518, 51.0008912 ], [ 13.8010278, 51.000869 ], [ 13.8010814, 51.000846 ], [ 13.8010525, 51.0008193 ], [ 13.8010736, 51.0008103 ], [ 13.8010121, 51.0007534 ], [ 13.8009374, 51.0007853 ], [ 13.8007713, 51.0006316 ], [ 13.8007256, 51.0005894 ], [ 13.8007496, 51.0005791 ], [ 13.8006529, 51.0004896 ], [ 13.8003955, 51.0005998 ], [ 13.8008184, 51.0009911 ] ] ] } },
{ "type": "Feature", "properties": { "element": "way", "id": 48797624, "addr:city": "Dresden", "addr:housenumber": "50", "addr:postcode": "01097", "addr:street": "Hansastraße", "brand": "Lidl", "brand:wikidata": "Q151954", "brand:wikipedia": "en:Lidl", "check_date:opening_hours": "2024-12-26", "level": null, "name": "Lidl", "opening_hours": "Mo-Sa 07:00-21:00", "shop": "supermarket", "wheelchair": "yes", "internet_access": null, "internet_access:access": null, "internet_access:fee": null, "operator": "Lidl", "phone": null, "website": null, "addr:country": "DE", "check_date": null, "email": null, "payment:mastercard": null, "payment:visa": null, "payment:cash": null, "payment:girocard": null, "payment:maestro": null, "self_checkout": null, "ref:vatin": null, "payment:credit_cards": null, "operator:tax": null, "ref": null, "diet:halal": null, "diet:kosher": null, "lastcheck": null, "access": null, "entrance": null, "cash_withdrawal": null, "cash_withdrawal:purchase_minimum": null, "cash_withdrawal:purchase_required": null, "cash_withdrawal:type": null, "drink:bionade": null, "drink:bionade_mate": null, "drink:charitea_mate": null, "drink:club-mate": null, "drink:club-mate_icetea": null, "drink:fritz-kola": null, "drink:fritz-limo": null, "drink:fritz-mischmasch": null, "drink:kolle-kolla": null, "drink:kolle-zotrine": null, "drink:lemonaid": null, "drink:mio_mio_cola": null, "drink:mio_mio_mate": null, "drink:vita_cola": null, "organic": null, "payment:contactless": null, "stroller": null, "start_date": null, "old_name": null, "contact:website": null, "layer": null, "toilets:wheelchair": null, "source": null, "payment:app": null, "payment:apple_pay": null, "payment:cards": null, "payment:coins": null, "payment:google_pay": null, "payment:visa_debit": null, "origin": null, "drink:charitea": null, "drink:kolle-jolle-mate": null, "drink:kolle-mate": null, "payment:debit_cards": null, "operator:wikidata": null, "drink:vita_limo": null, "contact:phone": null, "cash_withdrawal:limit": null, "post_office": null, "post_office:brand": null, "post_office:service_provider": null, "bulk_purchase": null, "dog": null, "air_conditioning": null, "payment:notes": null, "ref:rewe": null, "addr:suburb": null, "membership": null, "access:covid19": null, "alt_name": null, "delivery:covid19": null, "takeaway:covid19": null, "discount:students": null, "currency:EUR": null, "internet_access:password": null, "internet_access:ssid": null, "post_office:brand:wikidata": null, "post_office:brand:wikipedia": null, "ref:deutsche_post": null, "description": null, "payment:mastercard_contactless": null, "payment:sodexo": null, "payment:v_pay": null, "fax": null, "drink:club-mate_granat": null, "opening_date": null, "payment:account_cards": null, "payment:payback_app": null, "wheelchair:description:de": null, "note": null, "cuisine": null, "diet:vegan": null, "diet:vegetarian": null, "contact:email": null, "branch": null, "short_name": null, "drink:kolle-kilimo": null, "drink:kombucha": null, "drink:sake": null, "drinking_water:refill": null, "drinking_water:refill:network": null, "payment:vpay": null, "payment:american_express": null, "source:name": null, "toilets": null, "diet:gluten_free": null, "diet:lactose_free": null, "post_office:id_check": null, "post_office:oversized_item": null, "post_office:packaging": null, "post_office:parcel_from": null, "post_office:parcel_pickup": null, "post_office:parcel_to": null, "post_office:post_bank": null, "post_office:stamps": null, "payment:visa_electron": null, "fair_trade": null, "reusable_packaging:accept": null, "payment:cryptocurrencies": null, "building": "retail", "building:levels": "1", "roof:shape": "gabled", "vending": null, "building:roof": null, "roof:colour": "red", "building:colour": null, "height": null, "roof:levels": "0", "roof:height": null, "drink:coffee": null, "contact:facebook": null, "delivery": null, "contact:instagram": null, "payment:netto_app": null, "landuse": null, "indoor": null, "name:ru": null, "room": null }, "geometry": { "type": "Polygon", "coordinates": [ [ [ 13.7401794, 51.0717676 ], [ 13.7401779, 51.07178 ], [ 13.7401783, 51.0718423 ], [ 13.7401442, 51.0718424 ], [ 13.7401104, 51.0718424 ], [ 13.7401088, 51.0720689 ], [ 13.7395058, 51.0720714 ], [ 13.7394797, 51.0720715 ], [ 13.7394756, 51.0717675 ], [ 13.7395906, 51.0717675 ], [ 13.7397614, 51.0717675 ], [ 13.7401794, 51.0717676 ] ] ] } },
{ "type": "Feature", "properties": { "element": "way", "id": 57913819, "addr:city": "Dresden", "addr:housenumber": "24", "addr:postcode": "01237", "addr:street": "Lohrmannstraße", "brand": "Netto Marken-Discount", "brand:wikidata": "Q879858", "brand:wikipedia": null, "check_date:opening_hours": "2024-07-21", "level": null, "name": "Netto Marken-Discount", "opening_hours": "Mo-Sa 07:00-20:00", "shop": "supermarket", "wheelchair": "yes", "internet_access": null, "internet_access:access": null, "internet_access:fee": null, "operator": null, "phone": null, "website": "https://www.netto-online.de/filialen/Dresden/Lohrmannstr-24/4687/", "addr:country": "DE", "check_date": null, "email": null, "payment:mastercard": null, "payment:visa": null, "payment:cash": null, "payment:girocard": null, "payment:maestro": null, "self_checkout": null, "ref:vatin": null, "payment:credit_cards": null, "operator:tax": null, "ref": null, "diet:halal": null, "diet:kosher": null, "lastcheck": null, "access": null, "entrance": null, "cash_withdrawal": null, "cash_withdrawal:purchase_minimum": null, "cash_withdrawal:purchase_required": null, "cash_withdrawal:type": null, "drink:bionade": null, "drink:bionade_mate": null, "drink:charitea_mate": null, "drink:club-mate": null, "drink:club-mate_icetea": null, "drink:fritz-kola": null, "drink:fritz-limo": null, "drink:fritz-mischmasch": null, "drink:kolle-kolla": null, "drink:kolle-zotrine": null, "drink:lemonaid": null, "drink:mio_mio_cola": null, "drink:mio_mio_mate": null, "drink:vita_cola": null, "organic": null, "payment:contactless": null, "stroller": null, "start_date": null, "old_name": null, "contact:website": null, "layer": null, "toilets:wheelchair": null, "source": null, "payment:app": null, "payment:apple_pay": null, "payment:cards": null, "payment:coins": null, "payment:google_pay": null, "payment:visa_debit": null, "origin": null, "drink:charitea": null, "drink:kolle-jolle-mate": null, "drink:kolle-mate": null, "payment:debit_cards": null, "operator:wikidata": null, "drink:vita_limo": null, "contact:phone": null, "cash_withdrawal:limit": null, "post_office": null, "post_office:brand": null, "post_office:service_provider": null, "bulk_purchase": null, "dog": null, "air_conditioning": null, "payment:notes": null, "ref:rewe": null, "addr:suburb": null, "membership": null, "access:covid19": null, "alt_name": null, "delivery:covid19": null, "takeaway:covid19": null, "discount:students": null, "currency:EUR": null, "internet_access:password": null, "internet_access:ssid": null, "post_office:brand:wikidata": null, "post_office:brand:wikipedia": null, "ref:deutsche_post": null, "description": null, "payment:mastercard_contactless": null, "payment:sodexo": null, "payment:v_pay": null, "fax": null, "drink:club-mate_granat": null, "opening_date": null, "payment:account_cards": null, "payment:payback_app": null, "wheelchair:description:de": null, "note": null, "cuisine": null, "diet:vegan": null, "diet:vegetarian": null, "contact:email": null, "branch": null, "short_name": null, "drink:kolle-kilimo": null, "drink:kombucha": null, "drink:sake": null, "drinking_water:refill": null, "drinking_water:refill:network": null, "payment:vpay": null, "payment:american_express": null, "source:name": null, "toilets": null, "diet:gluten_free": null, "diet:lactose_free": null, "post_office:id_check": null, "post_office:oversized_item": null, "post_office:packaging": null, "post_office:parcel_from": null, "post_office:parcel_pickup": null, "post_office:parcel_to": null, "post_office:post_bank": null, "post_office:stamps": null, "payment:visa_electron": null, "fair_trade": null, "reusable_packaging:accept": null, "payment:cryptocurrencies": null, "building": "retail", "building:levels": "1", "roof:shape": "gabled", "vending": null, "building:roof": null, "roof:colour": null, "building:colour": null, "height": null, "roof:levels": "0", "roof:height": null, "drink:coffee": null, "contact:facebook": null, "delivery": null, "contact:instagram": null, "payment:netto_app": null, "landuse": null, "indoor": null, "name:ru": null, "room": null }, "geometry": { "type": "Polygon", "coordinates": [ [ [ 13.7876823, 51.0175895 ], [ 13.7878258, 51.0177144 ], [ 13.7879668, 51.0176504 ], [ 13.7879529, 51.0176359 ], [ 13.7882523, 51.0175012 ], [ 13.7883002, 51.0175434 ], [ 13.7884678, 51.017468 ], [ 13.788248, 51.0172788 ], [ 13.7875929, 51.0175763 ], [ 13.7876335, 51.0176116 ], [ 13.7876823, 51.0175895 ] ] ] } },
{ "type": "Feature", "properties": { "element": "way", "id": 67264996, "addr:city": "Dresden", "addr:housenumber": "36", "addr:postcode": "01279", "addr:street": "Marienberger Straße", "brand": "PENNY", "brand:wikidata": "Q284688", "brand:wikipedia": "en:Penny (supermarket)", "check_date:opening_hours": "2023-03-25", "level": null, "name": "PENNY", "opening_hours": "Mo-Sa 07:00-20:00", "shop": "supermarket", "wheelchair": "yes", "internet_access": null, "internet_access:access": null, "internet_access:fee": null, "operator": null, "phone": null, "website": null, "addr:country": "DE", "check_date": null, "email": null, "payment:mastercard": null, "payment:visa": null, "payment:cash": null, "payment:girocard": null, "payment:maestro": null, "self_checkout": null, "ref:vatin": null, "payment:credit_cards": null, "operator:tax": null, "ref": null, "diet:halal": null, "diet:kosher": null, "lastcheck": null, "access": null, "entrance": null, "cash_withdrawal": null, "cash_withdrawal:purchase_minimum": null, "cash_withdrawal:purchase_required": null, "cash_withdrawal:type": null, "drink:bionade": null, "drink:bionade_mate": null, "drink:charitea_mate": null, "drink:club-mate": null, "drink:club-mate_icetea": null, "drink:fritz-kola": null, "drink:fritz-limo": null, "drink:fritz-mischmasch": null, "drink:kolle-kolla": null, "drink:kolle-zotrine": null, "drink:lemonaid": null, "drink:mio_mio_cola": null, "drink:mio_mio_mate": null, "drink:vita_cola": null, "organic": null, "payment:contactless": null, "stroller": null, "start_date": null, "old_name": null, "contact:website": null, "layer": null, "toilets:wheelchair": null, "source": null, "payment:app": null, "payment:apple_pay": null, "payment:cards": null, "payment:coins": null, "payment:google_pay": null, "payment:visa_debit": null, "origin": null, "drink:charitea": null, "drink:kolle-jolle-mate": null, "drink:kolle-mate": null, "payment:debit_cards": null, "operator:wikidata": null, "drink:vita_limo": null, "contact:phone": null, "cash_withdrawal:limit": null, "post_office": null, "post_office:brand": null, "post_office:service_provider": null, "bulk_purchase": null, "dog": null, "air_conditioning": null, "payment:notes": null, "ref:rewe": null, "addr:suburb": null, "membership": null, "access:covid19": null, "alt_name": null, "delivery:covid19": null, "takeaway:covid19": null, "discount:students": null, "currency:EUR": null, "internet_access:password": null, "internet_access:ssid": null, "post_office:brand:wikidata": null, "post_office:brand:wikipedia": null, "ref:deutsche_post": null, "description": null, "payment:mastercard_contactless": null, "payment:sodexo": null, "payment:v_pay": null, "fax": null, "drink:club-mate_granat": null, "opening_date": null, "payment:account_cards": null, "payment:payback_app": null, "wheelchair:description:de": null, "note": null, "cuisine": null, "diet:vegan": null, "diet:vegetarian": null, "contact:email": null, "branch": null, "short_name": null, "drink:kolle-kilimo": null, "drink:kombucha": null, "drink:sake": null, "drinking_water:refill": null, "drinking_water:refill:network": null, "payment:vpay": null, "payment:american_express": null, "source:name": null, "toilets": null, "diet:gluten_free": null, "diet:lactose_free": null, "post_office:id_check": null, "post_office:oversized_item": null, "post_office:packaging": null, "post_office:parcel_from": null, "post_office:parcel_pickup": null, "post_office:parcel_to": null, "post_office:post_bank": null, "post_office:stamps": null, "payment:visa_electron": null, "fair_trade": null, "reusable_packaging:accept": null, "payment:cryptocurrencies": null, "building": "retail", "building:levels": "1", "roof:shape": null, "vending": null, "building:roof": null, "roof:colour": null, "building:colour": null, "height": null, "roof:levels": null, "roof:height": null, "drink:coffee": null, "contact:facebook": null, "delivery": null, "contact:instagram": null, "payment:netto_app": null, "landuse": null, "indoor": null, "name:ru": null, "room": null }, "geometry": { "type": "Polygon", "coordinates": [ [ [ 13.8130954, 51.0282042 ], [ 13.8134398, 51.0284148 ], [ 13.8131922, 51.028575 ], [ 13.8128831, 51.0283861 ], [ 13.8128477, 51.0283645 ], [ 13.8130954, 51.0282042 ] ] ] } },
{ "type": "Feature", "properties": { "element": "way", "id": 77764551, "addr:city": "Dresden", "addr:housenumber": "3", "addr:postcode": "01139", "addr:street": "Tauberthstraße", "brand": "EDEKA", "brand:wikidata": "Q701755", "brand:wikipedia": null, "check_date:opening_hours": null, "level": null, "name": "Edeka C+C Großmarkt", "opening_hours": null, "shop": "supermarket", "wheelchair": null, "internet_access": null, "internet_access:access": null, "internet_access:fee": null, "operator": null, "phone": null, "website": null, "addr:country": "DE", "check_date": null, "email": null, "payment:mastercard": null, "payment:visa": null, "payment:cash": null, "payment:girocard": null, "payment:maestro": null, "self_checkout": null, "ref:vatin": null, "payment:credit_cards": null, "operator:tax": null, "ref": null, "diet:halal": null, "diet:kosher": null, "lastcheck": null, "access": null, "entrance": null, "cash_withdrawal": null, "cash_withdrawal:purchase_minimum": null, "cash_withdrawal:purchase_required": null, "cash_withdrawal:type": null, "drink:bionade": null, "drink:bionade_mate": null, "drink:charitea_mate": null, "drink:club-mate": null, "drink:club-mate_icetea": null, "drink:fritz-kola": null, "drink:fritz-limo": null, "drink:fritz-mischmasch": null, "drink:kolle-kolla": null, "drink:kolle-zotrine": null, "drink:lemonaid": null, "drink:mio_mio_cola": null, "drink:mio_mio_mate": null, "drink:vita_cola": null, "organic": null, "payment:contactless": null, "stroller": null, "start_date": null, "old_name": null, "contact:website": null, "layer": null, "toilets:wheelchair": null, "source": null, "payment:app": null, "payment:apple_pay": null, "payment:cards": null, "payment:coins": null, "payment:google_pay": null, "payment:visa_debit": null, "origin": null, "drink:charitea": null, "drink:kolle-jolle-mate": null, "drink:kolle-mate": null, "payment:debit_cards": null, "operator:wikidata": null, "drink:vita_limo": null, "contact:phone": null, "cash_withdrawal:limit": null, "post_office": null, "post_office:brand": null, "post_office:service_provider": null, "bulk_purchase": null, "dog": null, "air_conditioning": null, "payment:notes": null, "ref:rewe": null, "addr:suburb": null, "membership": null, "access:covid19": null, "alt_name": null, "delivery:covid19": null, "takeaway:covid19": null, "discount:students": null, "currency:EUR": null, "internet_access:password": null, "internet_access:ssid": null, "post_office:brand:wikidata": null, "post_office:brand:wikipedia": null, "ref:deutsche_post": null, "description": null, "payment:mastercard_contactless": null, "payment:sodexo": null, "payment:v_pay": null, "fax": null, "drink:club-mate_granat": null, "opening_date": null, "payment:account_cards": null, "payment:payback_app": null, "wheelchair:description:de": null, "note": null, "cuisine": null, "diet:vegan": null, "diet:vegetarian": null, "contact:email": null, "branch": null, "short_name": null, "drink:kolle-kilimo": null, "drink:kombucha": null, "drink:sake": null, "drinking_water:refill": null, "drinking_water:refill:network": null, "payment:vpay": null, "payment:american_express": null, "source:name": null, "toilets": null, "diet:gluten_free": null, "diet:lactose_free": null, "post_office:id_check": null, "post_office:oversized_item": null, "post_office:packaging": null, "post_office:parcel_from": null, "post_office:parcel_pickup": null, "post_office:parcel_to": null, "post_office:post_bank": null, "post_office:stamps": null, "payment:visa_electron": null, "fair_trade": null, "reusable_packaging:accept": null, "payment:cryptocurrencies": null, "building": "retail", "building:levels": null, "roof:shape": null, "vending": null, "building:roof": null, "roof:colour": "#A9D0B1", "building:colour": null, "height": null, "roof:levels": null, "roof:height": null, "drink:coffee": null, "contact:facebook": null, "delivery": null, "contact:instagram": null, "payment:netto_app": null, "landuse": null, "indoor": null, "name:ru": null, "room": null }, "geometry": { "type": "Polygon", "coordinates": [ [ [ 13.6919596, 51.0687062 ], [ 13.6918523, 51.0673623 ], [ 13.6909443, 51.0673909 ], [ 13.6910536, 51.0687595 ], [ 13.691761, 51.0687372 ], [ 13.691759, 51.0687126 ], [ 13.6919596, 51.0687062 ] ] ] } },
{ "type": "Feature", "properties": { "element": "way", "id": 99471967, "addr:city": "Dresden", "addr:housenumber": "2", "addr:postcode": "01169", "addr:street": "Lise-Meitner-Straße", "brand": "Netto Marken-Discount", "brand:wikidata": "Q879858", "brand:wikipedia": null, "check_date:opening_hours": "2023-01-06", "level": null, "name": "Netto Marken-Discount", "opening_hours": "Mo-Sa 07:00-21:00", "shop": "supermarket", "wheelchair": "yes", "internet_access": null, "internet_access:access": null, "internet_access:fee": null, "operator": null, "phone": null, "website": "https://www.netto-online.de/filialen/Dresden/Lise-Meitner-Str-2/4709/", "addr:country": "DE", "check_date": null, "email": null, "payment:mastercard": null, "payment:visa": null, "payment:cash": null, "payment:girocard": null, "payment:maestro": null, "self_checkout": null, "ref:vatin": null, "payment:credit_cards": null, "operator:tax": null, "ref": null, "diet:halal": null, "diet:kosher": null, "lastcheck": null, "access": null, "entrance": null, "cash_withdrawal": null, "cash_withdrawal:purchase_minimum": null, "cash_withdrawal:purchase_required": null, "cash_withdrawal:type": null, "drink:bionade": null, "drink:bionade_mate": null, "drink:charitea_mate": null, "drink:club-mate": null, "drink:club-mate_icetea": null, "drink:fritz-kola": null, "drink:fritz-limo": null, "drink:fritz-mischmasch": null, "drink:kolle-kolla": null, "drink:kolle-zotrine": null, "drink:lemonaid": null, "drink:mio_mio_cola": null, "drink:mio_mio_mate": null, "drink:vita_cola": null, "organic": null, "payment:contactless": null, "stroller": null, "start_date": null, "old_name": null, "contact:website": null, "layer": null, "toilets:wheelchair": null, "source": null, "payment:app": null, "payment:apple_pay": null, "payment:cards": null, "payment:coins": null, "payment:google_pay": null, "payment:visa_debit": null, "origin": null, "drink:charitea": null, "drink:kolle-jolle-mate": null, "drink:kolle-mate": null, "payment:debit_cards": null, "operator:wikidata": null, "drink:vita_limo": null, "contact:phone": null, "cash_withdrawal:limit": null, "post_office": null, "post_office:brand": null, "post_office:service_provider": null, "bulk_purchase": null, "dog": null, "air_conditioning": null, "payment:notes": null, "ref:rewe": null, "addr:suburb": null, "membership": null, "access:covid19": null, "alt_name": null, "delivery:covid19": null, "takeaway:covid19": null, "discount:students": null, "currency:EUR": null, "internet_access:password": null, "internet_access:ssid": null, "post_office:brand:wikidata": null, "post_office:brand:wikipedia": null, "ref:deutsche_post": null, "description": null, "payment:mastercard_contactless": null, "payment:sodexo": null, "payment:v_pay": null, "fax": null, "drink:club-mate_granat": null, "opening_date": null, "payment:account_cards": null, "payment:payback_app": null, "wheelchair:description:de": null, "note": null, "cuisine": null, "diet:vegan": null, "diet:vegetarian": null, "contact:email": null, "branch": null, "short_name": null, "drink:kolle-kilimo": null, "drink:kombucha": null, "drink:sake": null, "drinking_water:refill": null, "drinking_water:refill:network": null, "payment:vpay": null, "payment:american_express": null, "source:name": null, "toilets": null, "diet:gluten_free": null, "diet:lactose_free": null, "post_office:id_check": null, "post_office:oversized_item": null, "post_office:packaging": null, "post_office:parcel_from": null, "post_office:parcel_pickup": null, "post_office:parcel_to": null, "post_office:post_bank": null, "post_office:stamps": null, "payment:visa_electron": null, "fair_trade": null, "reusable_packaging:accept": null, "payment:cryptocurrencies": null, "building": "retail", "building:levels": "1", "roof:shape": "half-hipped", "vending": null, "building:roof": null, "roof:colour": null, "building:colour": null, "height": null, "roof:levels": null, "roof:height": null, "drink:coffee": null, "contact:facebook": null, "delivery": null, "contact:instagram": null, "payment:netto_app": null, "landuse": null, "indoor": null, "name:ru": null, "room": null }, "geometry": { "type": "Polygon", "coordinates": [ [ [ 13.6658501, 51.0533145 ], [ 13.6658977, 51.0532009 ], [ 13.665792, 51.0531834 ], [ 13.665805, 51.0531522 ], [ 13.66554, 51.0531084 ], [ 13.6653885, 51.0534703 ], [ 13.6653311, 51.0534608 ], [ 13.6652978, 51.0535405 ], [ 13.6655596, 51.0535838 ], [ 13.6655685, 51.0535626 ], [ 13.6656697, 51.0535793 ], [ 13.6657185, 51.0535874 ], [ 13.6657521, 51.0535072 ], [ 13.6656718, 51.0534939 ], [ 13.6657536, 51.0532986 ], [ 13.6658501, 51.0533145 ] ] ] } },
{ "type": "Feature", "properties": { "element": "way", "id": 100879671, "addr:city": "Dresden", "addr:housenumber": "64", "addr:postcode": "01156", "addr:street": "Dresdner Straße", "brand": "Netto Marken-Discount", "brand:wikidata": "Q879858", "brand:wikipedia": null, "check_date:opening_hours": null, "level": null, "name": "Netto Marken-Discount", "opening_hours": null, "shop": "supermarket", "wheelchair": "yes", "internet_access": null, "internet_access:access": null, "internet_access:fee": null, "operator": null, "phone": null, "website": "https://www.netto-online.de/filialen/Dresden-Gohlis/Dresdner-Str-64/4602/", "addr:country": "DE", "check_date": null, "email": null, "payment:mastercard": null, "payment:visa": null, "payment:cash": null, "payment:girocard": null, "payment:maestro": null, "self_checkout": null, "ref:vatin": null, "payment:credit_cards": null, "operator:tax": null, "ref": null, "diet:halal": null, "diet:kosher": null, "lastcheck": null, "access": null, "entrance": null, "cash_withdrawal": null, "cash_withdrawal:purchase_minimum": null, "cash_withdrawal:purchase_required": null, "cash_withdrawal:type": null, "drink:bionade": null, "drink:bionade_mate": null, "drink:charitea_mate": null, "drink:club-mate": null, "drink:club-mate_icetea": null, "drink:fritz-kola": null, "drink:fritz-limo": null, "drink:fritz-mischmasch": null, "drink:kolle-kolla": null, "drink:kolle-zotrine": null, "drink:lemonaid": null, "drink:mio_mio_cola": null, "drink:mio_mio_mate": null, "drink:vita_cola": null, "organic": null, "payment:contactless": null, "stroller": null, "start_date": null, "old_name": null, "contact:website": null, "layer": null, "toilets:wheelchair": null, "source": null, "payment:app": null, "payment:apple_pay": null, "payment:cards": null, "payment:coins": null, "payment:google_pay": null, "payment:visa_debit": null, "origin": null, "drink:charitea": null, "drink:kolle-jolle-mate": null, "drink:kolle-mate": null, "payment:debit_cards": null, "operator:wikidata": null, "drink:vita_limo": null, "contact:phone": null, "cash_withdrawal:limit": null, "post_office": null, "post_office:brand": null, "post_office:service_provider": null, "bulk_purchase": null, "dog": null, "air_conditioning": null, "payment:notes": null, "ref:rewe": null, "addr:suburb": "Cossebaude", "membership": null, "access:covid19": null, "alt_name": null, "delivery:covid19": null, "takeaway:covid19": null, "discount:students": null, "currency:EUR": null, "internet_access:password": null, "internet_access:ssid": null, "post_office:brand:wikidata": null, "post_office:brand:wikipedia": null, "ref:deutsche_post": null, "description": null, "payment:mastercard_contactless": null, "payment:sodexo": null, "payment:v_pay": null, "fax": null, "drink:club-mate_granat": null, "opening_date": null, "payment:account_cards": null, "payment:payback_app": null, "wheelchair:description:de": null, "note": null, "cuisine": null, "diet:vegan": null, "diet:vegetarian": null, "contact:email": null, "branch": null, "short_name": null, "drink:kolle-kilimo": null, "drink:kombucha": null, "drink:sake": null, "drinking_water:refill": null, "drinking_water:refill:network": null, "payment:vpay": null, "payment:american_express": null, "source:name": null, "toilets": null, "diet:gluten_free": null, "diet:lactose_free": null, "post_office:id_check": null, "post_office:oversized_item": null, "post_office:packaging": null, "post_office:parcel_from": null, "post_office:parcel_pickup": null, "post_office:parcel_to": null, "post_office:post_bank": null, "post_office:stamps": null, "payment:visa_electron": null, "fair_trade": null, "reusable_packaging:accept": null, "payment:cryptocurrencies": null, "building": "retail", "building:levels": null, "roof:shape": null, "vending": null, "building:roof": null, "roof:colour": null, "building:colour": null, "height": null, "roof:levels": null, "roof:height": null, "drink:coffee": null, "contact:facebook": null, "delivery": null, "contact:instagram": null, "payment:netto_app": null, "landuse": null, "indoor": null, "name:ru": null, "room": null }, "geometry": { "type": "Polygon", "coordinates": [ [ [ 13.6457526, 51.0845723 ], [ 13.6454815, 51.0841401 ], [ 13.6457701, 51.0840687 ], [ 13.6458731, 51.084233 ], [ 13.6458477, 51.0842393 ], [ 13.6459426, 51.0843907 ], [ 13.6460279, 51.0843696 ], [ 13.646101, 51.0844861 ], [ 13.6457526, 51.0845723 ] ] ] } },
{ "type": "Feature", "properties": { "element": "way", "id": 100879674, "addr:city": "Dresden", "addr:housenumber": "45", "addr:postcode": "01156", "addr:street": "Dresdner Straße", "brand": null, "brand:wikidata": null, "brand:wikipedia": null, "check_date:opening_hours": null, "level": null, "name": "Frida", "opening_hours": "Mo-Sa 08:00-20:00", "shop": "supermarket", "wheelchair": "yes", "internet_access": "wlan", "internet_access:access": "customers", "internet_access:fee": "no", "operator": "KONSUM DRESDEN eG", "phone": null, "website": "https://www.konsum.de/", "addr:country": "DE", "check_date": null, "email": null, "payment:mastercard": null, "payment:visa": null, "payment:cash": null, "payment:girocard": null, "payment:maestro": null, "self_checkout": null, "ref:vatin": null, "payment:credit_cards": null, "operator:tax": null, "ref": null, "diet:halal": null, "diet:kosher": null, "lastcheck": null, "access": null, "entrance": null, "cash_withdrawal": null, "cash_withdrawal:purchase_minimum": null, "cash_withdrawal:purchase_required": null, "cash_withdrawal:type": null, "drink:bionade": null, "drink:bionade_mate": null, "drink:charitea_mate": null, "drink:club-mate": null, "drink:club-mate_icetea": null, "drink:fritz-kola": null, "drink:fritz-limo": null, "drink:fritz-mischmasch": null, "drink:kolle-kolla": null, "drink:kolle-zotrine": null, "drink:lemonaid": null, "drink:mio_mio_cola": null, "drink:mio_mio_mate": null, "drink:vita_cola": null, "organic": null, "payment:contactless": null, "stroller": null, "start_date": null, "old_name": null, "contact:website": null, "layer": null, "toilets:wheelchair": null, "source": "Bing", "payment:app": null, "payment:apple_pay": null, "payment:cards": null, "payment:coins": null, "payment:google_pay": null, "payment:visa_debit": null, "origin": null, "drink:charitea": null, "drink:kolle-jolle-mate": null, "drink:kolle-mate": null, "payment:debit_cards": null, "operator:wikidata": null, "drink:vita_limo": null, "contact:phone": null, "cash_withdrawal:limit": null, "post_office": null, "post_office:brand": null, "post_office:service_provider": null, "bulk_purchase": null, "dog": null, "air_conditioning": null, "payment:notes": null, "ref:rewe": null, "addr:suburb": null, "membership": null, "access:covid19": null, "alt_name": null, "delivery:covid19": null, "takeaway:covid19": null, "discount:students": null, "currency:EUR": null, "internet_access:password": null, "internet_access:ssid": null, "post_office:brand:wikidata": null, "post_office:brand:wikipedia": null, "ref:deutsche_post": null, "description": null, "payment:mastercard_contactless": null, "payment:sodexo": null, "payment:v_pay": null, "fax": null, "drink:club-mate_granat": null, "opening_date": null, "payment:account_cards": null, "payment:payback_app": null, "wheelchair:description:de": null, "note": null, "cuisine": null, "diet:vegan": null, "diet:vegetarian": null, "contact:email": null, "branch": null, "short_name": null, "drink:kolle-kilimo": null, "drink:kombucha": null, "drink:sake": null, "drinking_water:refill": null, "drinking_water:refill:network": null, "payment:vpay": null, "payment:american_express": null, "source:name": null, "toilets": null, "diet:gluten_free": null, "diet:lactose_free": null, "post_office:id_check": null, "post_office:oversized_item": null, "post_office:packaging": null, "post_office:parcel_from": null, "post_office:parcel_pickup": null, "post_office:parcel_to": null, "post_office:post_bank": null, "post_office:stamps": null, "payment:visa_electron": null, "fair_trade": null, "reusable_packaging:accept": null, "payment:cryptocurrencies": null, "building": "yes", "building:levels": null, "roof:shape": null, "vending": null, "building:roof": null, "roof:colour": null, "building:colour": null, "height": null, "roof:levels": null, "roof:height": null, "drink:coffee": null, "contact:facebook": null, "delivery": null, "contact:instagram": null, "payment:netto_app": null, "landuse": null, "indoor": null, "name:ru": null, "room": null }, "geometry": { "type": "Polygon", "coordinates": [ [ [ 13.6381416, 51.0877128 ], [ 13.6380199, 51.0873423 ], [ 13.6382543, 51.0873083 ], [ 13.6383012, 51.0874361 ], [ 13.638655, 51.0873849 ], [ 13.6387422, 51.0876224 ], [ 13.6381416, 51.0877128 ] ] ] } },
{ "type": "Feature", "properties": { "element": "way", "id": 106695889, "addr:city": "Dresden", "addr:housenumber": "49", "addr:postcode": "01109", "addr:street": "Ludwig-Kossuth-Straße", "brand": "Lidl", "brand:wikidata": "Q151954", "brand:wikipedia": "en:Lidl", "check_date:opening_hours": "2024-05-16", "level": null, "name": "Lidl", "opening_hours": "Mo-Sa 07:00-21:00", "shop": "supermarket", "wheelchair": "yes", "internet_access": null, "internet_access:access": null, "internet_access:fee": null, "operator": null, "phone": null, "website": null, "addr:country": "DE", "check_date": null, "email": null, "payment:mastercard": null, "payment:visa": null, "payment:cash": null, "payment:girocard": null, "payment:maestro": null, "self_checkout": null, "ref:vatin": null, "payment:credit_cards": null, "operator:tax": null, "ref": null, "diet:halal": null, "diet:kosher": null, "lastcheck": null, "access": null, "entrance": null, "cash_withdrawal": null, "cash_withdrawal:purchase_minimum": null, "cash_withdrawal:purchase_required": null, "cash_withdrawal:type": null, "drink:bionade": null, "drink:bionade_mate": null, "drink:charitea_mate": null, "drink:club-mate": null, "drink:club-mate_icetea": null, "drink:fritz-kola": null, "drink:fritz-limo": null, "drink:fritz-mischmasch": null, "drink:kolle-kolla": null, "drink:kolle-zotrine": null, "drink:lemonaid": null, "drink:mio_mio_cola": null, "drink:mio_mio_mate": null, "drink:vita_cola": null, "organic": null, "payment:contactless": null, "stroller": null, "start_date": null, "old_name": null, "contact:website": null, "layer": null, "toilets:wheelchair": null, "source": null, "payment:app": null, "payment:apple_pay": null, "payment:cards": null, "payment:coins": null, "payment:google_pay": null, "payment:visa_debit": null, "origin": null, "drink:charitea": null, "drink:kolle-jolle-mate": null, "drink:kolle-mate": null, "payment:debit_cards": null, "operator:wikidata": null, "drink:vita_limo": null, "contact:phone": null, "cash_withdrawal:limit": null, "post_office": null, "post_office:brand": null, "post_office:service_provider": null, "bulk_purchase": null, "dog": null, "air_conditioning": null, "payment:notes": null, "ref:rewe": null, "addr:suburb": null, "membership": null, "access:covid19": null, "alt_name": null, "delivery:covid19": null, "takeaway:covid19": null, "discount:students": null, "currency:EUR": null, "internet_access:password": null, "internet_access:ssid": null, "post_office:brand:wikidata": null, "post_office:brand:wikipedia": null, "ref:deutsche_post": null, "description": null, "payment:mastercard_contactless": null, "payment:sodexo": null, "payment:v_pay": null, "fax": null, "drink:club-mate_granat": null, "opening_date": null, "payment:account_cards": null, "payment:payback_app": null, "wheelchair:description:de": null, "note": null, "cuisine": null, "diet:vegan": null, "diet:vegetarian": null, "contact:email": null, "branch": null, "short_name": null, "drink:kolle-kilimo": null, "drink:kombucha": null, "drink:sake": null, "drinking_water:refill": null, "drinking_water:refill:network": null, "payment:vpay": null, "payment:american_express": null, "source:name": null, "toilets": null, "diet:gluten_free": null, "diet:lactose_free": null, "post_office:id_check": null, "post_office:oversized_item": null, "post_office:packaging": null, "post_office:parcel_from": null, "post_office:parcel_pickup": null, "post_office:parcel_to": null, "post_office:post_bank": null, "post_office:stamps": null, "payment:visa_electron": null, "fair_trade": null, "reusable_packaging:accept": null, "payment:cryptocurrencies": null, "building": "retail", "building:levels": "1", "roof:shape": "gabled", "vending": null, "building:roof": null, "roof:colour": null, "building:colour": null, "height": null, "roof:levels": null, "roof:height": null, "drink:coffee": null, "contact:facebook": null, "delivery": null, "contact:instagram": null, "payment:netto_app": null, "landuse": null, "indoor": null, "name:ru": null, "room": null }, "geometry": { "type": "Polygon", "coordinates": [ [ [ 13.7422166, 51.1171393 ], [ 13.7418226, 51.1172841 ], [ 13.7423469, 51.1178155 ], [ 13.7424637, 51.1177702 ], [ 13.7424245, 51.1177279 ], [ 13.7426155, 51.1176553 ], [ 13.7425435, 51.117583 ], [ 13.7425901, 51.1175665 ], [ 13.7423334, 51.1173115 ], [ 13.742372, 51.1172971 ], [ 13.7422804, 51.1172037 ], [ 13.7422166, 51.1171393 ] ] ] } },
{ "type": "Feature", "properties": { "element": "way", "id": 112661799, "addr:city": "Dresden", "addr:housenumber": "88", "addr:postcode": "01157", "addr:street": "Hamburger Straße", "brand": "E-Center", "brand:wikidata": "Q701755", "brand:wikipedia": "de:Edeka", "check_date:opening_hours": "2022-10-17", "level": null, "name": "E-Center", "opening_hours": "Mo-Sa 07:00-21:00", "shop": "supermarket", "wheelchair": "yes", "internet_access": null, "internet_access:access": null, "internet_access:fee": null, "operator": "John Scheller", "phone": "+49 351 42750769", "website": "https://www.edeka.de/eh/nordbayern-sachsen-th%C3%BCringen/e-center-scheller-hamburger-stra%C3%9Fe-88/index.jsp", "addr:country": "DE", "check_date": null, "email": null, "payment:mastercard": null, "payment:visa": null, "payment:cash": null, "payment:girocard": "yes", "payment:maestro": "yes", "self_checkout": null, "ref:vatin": null, "payment:credit_cards": "yes", "operator:tax": null, "ref": null, "diet:halal": null, "diet:kosher": null, "lastcheck": null, "access": null, "entrance": null, "cash_withdrawal": null, "cash_withdrawal:purchase_minimum": null, "cash_withdrawal:purchase_required": null, "cash_withdrawal:type": null, "drink:bionade": null, "drink:bionade_mate": null, "drink:charitea_mate": null, "drink:club-mate": null, "drink:club-mate_icetea": null, "drink:fritz-kola": null, "drink:fritz-limo": null, "drink:fritz-mischmasch": null, "drink:kolle-kolla": null, "drink:kolle-zotrine": null, "drink:lemonaid": null, "drink:mio_mio_cola": null, "drink:mio_mio_mate": null, "drink:vita_cola": null, "organic": null, "payment:contactless": "yes", "stroller": null, "start_date": null, "old_name": null, "contact:website": null, "layer": null, "toilets:wheelchair": null, "source": null, "payment:app": null, "payment:apple_pay": null, "payment:cards": null, "payment:coins": null, "payment:google_pay": null, "payment:visa_debit": null, "origin": null, "drink:charitea": null, "drink:kolle-jolle-mate": null, "drink:kolle-mate": null, "payment:debit_cards": null, "operator:wikidata": null, "drink:vita_limo": null, "contact:phone": null, "cash_withdrawal:limit": null, "post_office": null, "post_office:brand": null, "post_office:service_provider": null, "bulk_purchase": null, "dog": null, "air_conditioning": null, "payment:notes": null, "ref:rewe": null, "addr:suburb": null, "membership": null, "access:covid19": null, "alt_name": null, "delivery:covid19": null, "takeaway:covid19": null, "discount:students": null, "currency:EUR": null, "internet_access:password": null, "internet_access:ssid": null, "post_office:brand:wikidata": null, "post_office:brand:wikipedia": null, "ref:deutsche_post": null, "description": null, "payment:mastercard_contactless": null, "payment:sodexo": null, "payment:v_pay": "yes", "fax": null, "drink:club-mate_granat": null, "opening_date": null, "payment:account_cards": null, "payment:payback_app": null, "wheelchair:description:de": "Ebenerdiger Zugang, breite Durchgänge", "note": null, "cuisine": null, "diet:vegan": null, "diet:vegetarian": null, "contact:email": null, "branch": "Scheller", "short_name": null, "drink:kolle-kilimo": null, "drink:kombucha": null, "drink:sake": null, "drinking_water:refill": null, "drinking_water:refill:network": null, "payment:vpay": null, "payment:american_express": null, "source:name": null, "toilets": null, "diet:gluten_free": null, "diet:lactose_free": null, "post_office:id_check": null, "post_office:oversized_item": null, "post_office:packaging": null, "post_office:parcel_from": null, "post_office:parcel_pickup": null, "post_office:parcel_to": null, "post_office:post_bank": null, "post_office:stamps": null, "payment:visa_electron": null, "fair_trade": null, "reusable_packaging:accept": null, "payment:cryptocurrencies": null, "building": "yes", "building:levels": null, "roof:shape": null, "vending": null, "building:roof": null, "roof:colour": null, "building:colour": null, "height": null, "roof:levels": null, "roof:height": null, "drink:coffee": null, "contact:facebook": null, "delivery": null, "contact:instagram": null, "payment:netto_app": null, "landuse": null, "indoor": null, "name:ru": null, "room": null }, "geometry": { "type": "Polygon", "coordinates": [ [ [ 13.6816187, 51.0625525 ], [ 13.6816193, 51.0625779 ], [ 13.6817012, 51.0625771 ], [ 13.6817029, 51.0626438 ], [ 13.6819326, 51.0626415 ], [ 13.6819308, 51.0625723 ], [ 13.6824294, 51.0625672 ], [ 13.6824271, 51.0624787 ], [ 13.6825144, 51.0624778 ], [ 13.6825049, 51.0621127 ], [ 13.6824095, 51.0621136 ], [ 13.6824084, 51.0620704 ], [ 13.6816941, 51.0620779 ], [ 13.6816953, 51.0621227 ], [ 13.6813646, 51.0621261 ], [ 13.6813682, 51.0622591 ], [ 13.681469, 51.0622581 ], [ 13.6815698, 51.0622571 ], [ 13.6815712, 51.0623173 ], [ 13.6815727, 51.0624376 ], [ 13.6816173, 51.0624374 ], [ 13.6816187, 51.0625525 ] ] ] } },
{ "type": "Feature", "properties": { "element": "way", "id": 117649713, "addr:city": "Dresden", "addr:housenumber": "112", "addr:postcode": "01324", "addr:street": "Bautzner Landstraße", "brand": "Lidl", "brand:wikidata": "Q151954", "brand:wikipedia": null, "check_date:opening_hours": null, "level": null, "name": "Lidl", "opening_hours": "Mo-Sa 08:00-21:00", "shop": "supermarket", "wheelchair": "yes", "internet_access": null, "internet_access:access": null, "internet_access:fee": null, "operator": null, "phone": null, "website": null, "addr:country": "DE", "check_date": null, "email": null, "payment:mastercard": null, "payment:visa": null, "payment:cash": null, "payment:girocard": null, "payment:maestro": null, "self_checkout": null, "ref:vatin": "DE813388899", "payment:credit_cards": null, "operator:tax": null, "ref": null, "diet:halal": null, "diet:kosher": null, "lastcheck": null, "access": null, "entrance": null, "cash_withdrawal": null, "cash_withdrawal:purchase_minimum": null, "cash_withdrawal:purchase_required": null, "cash_withdrawal:type": null, "drink:bionade": null, "drink:bionade_mate": null, "drink:charitea_mate": null, "drink:club-mate": null, "drink:club-mate_icetea": null, "drink:fritz-kola": null, "drink:fritz-limo": null, "drink:fritz-mischmasch": null, "drink:kolle-kolla": null, "drink:kolle-zotrine": null, "drink:lemonaid": null, "drink:mio_mio_cola": null, "drink:mio_mio_mate": null, "drink:vita_cola": null, "organic": null, "payment:contactless": null, "stroller": null, "start_date": null, "old_name": null, "contact:website": null, "layer": null, "toilets:wheelchair": null, "source": null, "payment:app": null, "payment:apple_pay": null, "payment:cards": null, "payment:coins": null, "payment:google_pay": null, "payment:visa_debit": null, "origin": null, "drink:charitea": null, "drink:kolle-jolle-mate": null, "drink:kolle-mate": null, "payment:debit_cards": null, "operator:wikidata": null, "drink:vita_limo": null, "contact:phone": null, "cash_withdrawal:limit": null, "post_office": null, "post_office:brand": null, "post_office:service_provider": null, "bulk_purchase": null, "dog": null, "air_conditioning": null, "payment:notes": null, "ref:rewe": null, "addr:suburb": null, "membership": null, "access:covid19": null, "alt_name": null, "delivery:covid19": null, "takeaway:covid19": null, "discount:students": null, "currency:EUR": null, "internet_access:password": null, "internet_access:ssid": null, "post_office:brand:wikidata": null, "post_office:brand:wikipedia": null, "ref:deutsche_post": null, "description": null, "payment:mastercard_contactless": null, "payment:sodexo": null, "payment:v_pay": null, "fax": null, "drink:club-mate_granat": null, "opening_date": null, "payment:account_cards": null, "payment:payback_app": null, "wheelchair:description:de": null, "note": null, "cuisine": null, "diet:vegan": null, "diet:vegetarian": null, "contact:email": null, "branch": null, "short_name": null, "drink:kolle-kilimo": null, "drink:kombucha": null, "drink:sake": null, "drinking_water:refill": null, "drinking_water:refill:network": null, "payment:vpay": null, "payment:american_express": null, "source:name": null, "toilets": null, "diet:gluten_free": null, "diet:lactose_free": null, "post_office:id_check": null, "post_office:oversized_item": null, "post_office:packaging": null, "post_office:parcel_from": null, "post_office:parcel_pickup": null, "post_office:parcel_to": null, "post_office:post_bank": null, "post_office:stamps": null, "payment:visa_electron": null, "fair_trade": null, "reusable_packaging:accept": null, "payment:cryptocurrencies": null, "building": "retail", "building:levels": "1", "roof:shape": "flat", "vending": null, "building:roof": null, "roof:colour": null, "building:colour": null, "height": null, "roof:levels": "1", "roof:height": null, "drink:coffee": null, "contact:facebook": null, "delivery": null, "contact:instagram": null, "payment:netto_app": null, "landuse": null, "indoor": null, "name:ru": null, "room": null }, "geometry": { "type": "Polygon", "coordinates": [ [ [ 13.8442958, 51.0615387 ], [ 13.8444348, 51.0616135 ], [ 13.8444604, 51.0615947 ], [ 13.8444822, 51.0615787 ], [ 13.8446135, 51.0616493 ], [ 13.8446174, 51.0616465 ], [ 13.8446296, 51.0616531 ], [ 13.8446495, 51.0616385 ], [ 13.8446705, 51.0616231 ], [ 13.8446899, 51.0616335 ], [ 13.8447302, 51.0616325 ], [ 13.8447844, 51.0615926 ], [ 13.8450677, 51.0613846 ], [ 13.8450111, 51.0613542 ], [ 13.8450594, 51.0613188 ], [ 13.8448337, 51.0611974 ], [ 13.8446827, 51.0613082 ], [ 13.844593, 51.06126 ], [ 13.8445243, 51.0613104 ], [ 13.8445719, 51.061336 ], [ 13.8442958, 51.0615387 ] ] ] } },
{ "type": "Feature", "properties": { "element": "way", "id": 120057818, "addr:city": "Dresden", "addr:housenumber": "138", "addr:postcode": "01157", "addr:street": "Meißner Landstraße", "brand": "Netto Marken-Discount", "brand:wikidata": "Q879858", "brand:wikipedia": "de:Netto Marken-Discount", "check_date:opening_hours": null, "level": null, "name": "Netto Marken-Discount", "opening_hours": "Mo-Sa 07:00-20:00", "shop": "supermarket", "wheelchair": "yes", "internet_access": null, "internet_access:access": null, "internet_access:fee": null, "operator": null, "phone": null, "website": "https://www.netto-online.de/filialen/Dresden/Meissner-Landstr-138/8709/", "addr:country": "DE", "check_date": null, "email": null, "payment:mastercard": null, "payment:visa": null, "payment:cash": null, "payment:girocard": null, "payment:maestro": null, "self_checkout": null, "ref:vatin": null, "payment:credit_cards": null, "operator:tax": null, "ref": null, "diet:halal": null, "diet:kosher": null, "lastcheck": null, "access": null, "entrance": null, "cash_withdrawal": null, "cash_withdrawal:purchase_minimum": null, "cash_withdrawal:purchase_required": null, "cash_withdrawal:type": null, "drink:bionade": null, "drink:bionade_mate": null, "drink:charitea_mate": null, "drink:club-mate": null, "drink:club-mate_icetea": null, "drink:fritz-kola": null, "drink:fritz-limo": null, "drink:fritz-mischmasch": null, "drink:kolle-kolla": null, "drink:kolle-zotrine": null, "drink:lemonaid": null, "drink:mio_mio_cola": null, "drink:mio_mio_mate": null, "drink:vita_cola": null, "organic": null, "payment:contactless": null, "stroller": null, "start_date": null, "old_name": null, "contact:website": null, "layer": null, "toilets:wheelchair": null, "source": "Bing", "payment:app": null, "payment:apple_pay": null, "payment:cards": null, "payment:coins": null, "payment:google_pay": null, "payment:visa_debit": null, "origin": null, "drink:charitea": null, "drink:kolle-jolle-mate": null, "drink:kolle-mate": null, "payment:debit_cards": null, "operator:wikidata": null, "drink:vita_limo": null, "contact:phone": null, "cash_withdrawal:limit": null, "post_office": null, "post_office:brand": null, "post_office:service_provider": null, "bulk_purchase": null, "dog": null, "air_conditioning": null, "payment:notes": null, "ref:rewe": null, "addr:suburb": null, "membership": null, "access:covid19": null, "alt_name": null, "delivery:covid19": null, "takeaway:covid19": null, "discount:students": null, "currency:EUR": null, "internet_access:password": null, "internet_access:ssid": null, "post_office:brand:wikidata": null, "post_office:brand:wikipedia": null, "ref:deutsche_post": null, "description": null, "payment:mastercard_contactless": null, "payment:sodexo": null, "payment:v_pay": null, "fax": null, "drink:club-mate_granat": null, "opening_date": null, "payment:account_cards": null, "payment:payback_app": null, "wheelchair:description:de": null, "note": null, "cuisine": null, "diet:vegan": null, "diet:vegetarian": null, "contact:email": null, "branch": null, "short_name": null, "drink:kolle-kilimo": null, "drink:kombucha": null, "drink:sake": null, "drinking_water:refill": null, "drinking_water:refill:network": null, "payment:vpay": null, "payment:american_express": null, "source:name": null, "toilets": null, "diet:gluten_free": null, "diet:lactose_free": null, "post_office:id_check": null, "post_office:oversized_item": null, "post_office:packaging": null, "post_office:parcel_from": null, "post_office:parcel_pickup": null, "post_office:parcel_to": null, "post_office:post_bank": null, "post_office:stamps": null, "payment:visa_electron": null, "fair_trade": null, "reusable_packaging:accept": null, "payment:cryptocurrencies": null, "building": "yes", "building:levels": null, "roof:shape": null, "vending": null, "building:roof": null, "roof:colour": null, "building:colour": null, "height": null, "roof:levels": null, "roof:height": null, "drink:coffee": null, "contact:facebook": null, "delivery": null, "contact:instagram": null, "payment:netto_app": null, "landuse": null, "indoor": null, "name:ru": null, "room": null }, "geometry": { "type": "Polygon", "coordinates": [ [ [ 13.6500784, 51.0842059 ], [ 13.6499726, 51.0840473 ], [ 13.649908, 51.0840643 ], [ 13.6498563, 51.0839867 ], [ 13.6499191, 51.0839701 ], [ 13.6497999, 51.0837913 ], [ 13.6501447, 51.0837006 ], [ 13.6501894, 51.0837677 ], [ 13.6502393, 51.0837545 ], [ 13.6503244, 51.0838822 ], [ 13.6502777, 51.0838945 ], [ 13.6504134, 51.084098 ], [ 13.6505732, 51.0840559 ], [ 13.6505803, 51.0840665 ], [ 13.650749, 51.0840221 ], [ 13.6508326, 51.0841474 ], [ 13.6503323, 51.0842791 ], [ 13.6502528, 51.08416 ], [ 13.6500784, 51.0842059 ] ] ] } },
{ "type": "Feature", "properties": { "element": "way", "id": 135893897, "addr:city": "Dresden", "addr:housenumber": "4", "addr:postcode": "01239", "addr:street": "Prohliser Allee", "brand": "Netto", "brand:wikidata": "Q552652", "brand:wikipedia": null, "check_date:opening_hours": "2022-09-11", "level": null, "name": "Netto", "opening_hours": "Mo-Sa 07:00-21:00; PH closed", "shop": "supermarket", "wheelchair": "yes", "internet_access": null, "internet_access:access": null, "internet_access:fee": null, "operator": "Netto ApS", "phone": null, "website": null, "addr:country": "DE", "check_date": null, "email": null, "payment:mastercard": null, "payment:visa": null, "payment:cash": null, "payment:girocard": null, "payment:maestro": null, "self_checkout": null, "ref:vatin": null, "payment:credit_cards": null, "operator:tax": null, "ref": null, "diet:halal": null, "diet:kosher": null, "lastcheck": null, "access": null, "entrance": null, "cash_withdrawal": null, "cash_withdrawal:purchase_minimum": null, "cash_withdrawal:purchase_required": null, "cash_withdrawal:type": null, "drink:bionade": null, "drink:bionade_mate": null, "drink:charitea_mate": null, "drink:club-mate": null, "drink:club-mate_icetea": null, "drink:fritz-kola": null, "drink:fritz-limo": null, "drink:fritz-mischmasch": null, "drink:kolle-kolla": null, "drink:kolle-zotrine": null, "drink:lemonaid": null, "drink:mio_mio_cola": null, "drink:mio_mio_mate": null, "drink:vita_cola": null, "organic": null, "payment:contactless": null, "stroller": null, "start_date": null, "old_name": null, "contact:website": null, "layer": null, "toilets:wheelchair": null, "source": null, "payment:app": null, "payment:apple_pay": null, "payment:cards": null, "payment:coins": null, "payment:google_pay": null, "payment:visa_debit": null, "origin": null, "drink:charitea": null, "drink:kolle-jolle-mate": null, "drink:kolle-mate": null, "payment:debit_cards": null, "operator:wikidata": null, "drink:vita_limo": null, "contact:phone": null, "cash_withdrawal:limit": null, "post_office": null, "post_office:brand": null, "post_office:service_provider": null, "bulk_purchase": null, "dog": null, "air_conditioning": null, "payment:notes": null, "ref:rewe": null, "addr:suburb": null, "membership": null, "access:covid19": null, "alt_name": null, "delivery:covid19": null, "takeaway:covid19": null, "discount:students": null, "currency:EUR": null, "internet_access:password": null, "internet_access:ssid": null, "post_office:brand:wikidata": null, "post_office:brand:wikipedia": null, "ref:deutsche_post": null, "description": null, "payment:mastercard_contactless": null, "payment:sodexo": null, "payment:v_pay": null, "fax": null, "drink:club-mate_granat": null, "opening_date": null, "payment:account_cards": null, "payment:payback_app": null, "wheelchair:description:de": null, "note": null, "cuisine": null, "diet:vegan": null, "diet:vegetarian": null, "contact:email": null, "branch": null, "short_name": null, "drink:kolle-kilimo": null, "drink:kombucha": null, "drink:sake": null, "drinking_water:refill": null, "drinking_water:refill:network": null, "payment:vpay": null, "payment:american_express": null, "source:name": null, "toilets": null, "diet:gluten_free": null, "diet:lactose_free": null, "post_office:id_check": null, "post_office:oversized_item": null, "post_office:packaging": null, "post_office:parcel_from": null, "post_office:parcel_pickup": null, "post_office:parcel_to": null, "post_office:post_bank": null, "post_office:stamps": null, "payment:visa_electron": null, "fair_trade": null, "reusable_packaging:accept": null, "payment:cryptocurrencies": null, "building": "yes", "building:levels": null, "roof:shape": null, "vending": null, "building:roof": null, "roof:colour": null, "building:colour": null, "height": null, "roof:levels": null, "roof:height": null, "drink:coffee": null, "contact:facebook": null, "delivery": null, "contact:instagram": null, "payment:netto_app": null, "landuse": null, "indoor": null, "name:ru": null, "room": null }, "geometry": { "type": "Polygon", "coordinates": [ [ [ 13.8016349, 51.007732 ], [ 13.8015608, 51.0077722 ], [ 13.8013436, 51.0078901 ], [ 13.8017575, 51.008192 ], [ 13.8020488, 51.0080339 ], [ 13.8016986, 51.0077784 ], [ 13.8016349, 51.007732 ] ] ] } },
{ "type": "Feature", "properties": { "element": "way", "id": 136177295, "addr:city": "Dresden", "addr:housenumber": "8", "addr:postcode": "01219", "addr:street": "August-Bebel-Straße", "brand": "Netto Marken-Discount", "brand:wikidata": "Q879858", "brand:wikipedia": "en:Netto Marken-Discount", "check_date:opening_hours": "2024-03-22", "level": null, "name": "Netto Marken-Discount", "opening_hours": "Mo-Sa 07:00-22:00", "shop": "supermarket", "wheelchair": "yes", "internet_access": null, "internet_access:access": null, "internet_access:fee": null, "operator": "Netto Marken-Discount", "phone": null, "website": "https://www.netto-online.de/filialen/Dresden-Strehlen/August-Bebel-Str-8/4943/", "addr:country": "DE", "check_date": "2024-07-24", "email": null, "payment:mastercard": "yes", "payment:visa": "yes", "payment:cash": null, "payment:girocard": null, "payment:maestro": null, "self_checkout": null, "ref:vatin": null, "payment:credit_cards": null, "operator:tax": null, "ref": null, "diet:halal": null, "diet:kosher": null, "lastcheck": null, "access": null, "entrance": null, "cash_withdrawal": null, "cash_withdrawal:purchase_minimum": null, "cash_withdrawal:purchase_required": null, "cash_withdrawal:type": null, "drink:bionade": null, "drink:bionade_mate": null, "drink:charitea_mate": null, "drink:club-mate": null, "drink:club-mate_icetea": null, "drink:fritz-kola": null, "drink:fritz-limo": null, "drink:fritz-mischmasch": null, "drink:kolle-kolla": null, "drink:kolle-zotrine": null, "drink:lemonaid": null, "drink:mio_mio_cola": null, "drink:mio_mio_mate": null, "drink:vita_cola": null, "organic": null, "payment:contactless": null, "stroller": null, "start_date": null, "old_name": null, "contact:website": null, "layer": null, "toilets:wheelchair": null, "source": null, "payment:app": null, "payment:apple_pay": null, "payment:cards": null, "payment:coins": null, "payment:google_pay": null, "payment:visa_debit": null, "origin": null, "drink:charitea": null, "drink:kolle-jolle-mate": null, "drink:kolle-mate": null, "payment:debit_cards": null, "operator:wikidata": null, "drink:vita_limo": null, "contact:phone": null, "cash_withdrawal:limit": null, "post_office": null, "post_office:brand": null, "post_office:service_provider": null, "bulk_purchase": null, "dog": null, "air_conditioning": null, "payment:notes": null, "ref:rewe": null, "addr:suburb": null, "membership": null, "access:covid19": null, "alt_name": null, "delivery:covid19": null, "takeaway:covid19": null, "discount:students": null, "currency:EUR": null, "internet_access:password": null, "internet_access:ssid": null, "post_office:brand:wikidata": null, "post_office:brand:wikipedia": null, "ref:deutsche_post": null, "description": null, "payment:mastercard_contactless": null, "payment:sodexo": null, "payment:v_pay": null, "fax": null, "drink:club-mate_granat": null, "opening_date": null, "payment:account_cards": null, "payment:payback_app": null, "wheelchair:description:de": null, "note": null, "cuisine": null, "diet:vegan": null, "diet:vegetarian": null, "contact:email": null, "branch": null, "short_name": null, "drink:kolle-kilimo": null, "drink:kombucha": null, "drink:sake": null, "drinking_water:refill": null, "drinking_water:refill:network": null, "payment:vpay": null, "payment:american_express": null, "source:name": null, "toilets": null, "diet:gluten_free": null, "diet:lactose_free": null, "post_office:id_check": null, "post_office:oversized_item": null, "post_office:packaging": null, "post_office:parcel_from": null, "post_office:parcel_pickup": null, "post_office:parcel_to": null, "post_office:post_bank": null, "post_office:stamps": null, "payment:visa_electron": null, "fair_trade": null, "reusable_packaging:accept": null, "payment:cryptocurrencies": null, "building": "retail", "building:levels": "1", "roof:shape": "flat", "vending": null, "building:roof": null, "roof:colour": null, "building:colour": null, "height": null, "roof:levels": null, "roof:height": null, "drink:coffee": null, "contact:facebook": null, "delivery": null, "contact:instagram": null, "payment:netto_app": null, "landuse": null, "indoor": null, "name:ru": null, "room": null }, "geometry": { "type": "Polygon", "coordinates": [ [ [ 13.7509527, 51.0327421 ], [ 13.7511974, 51.032574 ], [ 13.7506958, 51.0322813 ], [ 13.7505182, 51.032233 ], [ 13.7504801, 51.0323017 ], [ 13.7505413, 51.0323251 ], [ 13.7505969, 51.0323464 ], [ 13.7504529, 51.0324416 ], [ 13.7508413, 51.0326751 ], [ 13.7509527, 51.0327421 ] ] ] } },
{ "type": "Feature", "properties": { "element": "way", "id": 136489266, "addr:city": null, "addr:housenumber": null, "addr:postcode": null, "addr:street": null, "brand": "PENNY", "brand:wikidata": "Q284688", "brand:wikipedia": null, "check_date:opening_hours": null, "level": null, "name": "PENNY", "opening_hours": "Mo-Sa 07:00-21:00", "shop": "supermarket", "wheelchair": null, "internet_access": null, "internet_access:access": null, "internet_access:fee": null, "operator": null, "phone": null, "website": null, "addr:country": null, "check_date": null, "email": null, "payment:mastercard": null, "payment:visa": null, "payment:cash": null, "payment:girocard": null, "payment:maestro": null, "self_checkout": null, "ref:vatin": null, "payment:credit_cards": null, "operator:tax": null, "ref": null, "diet:halal": null, "diet:kosher": null, "lastcheck": null, "access": null, "entrance": null, "cash_withdrawal": null, "cash_withdrawal:purchase_minimum": null, "cash_withdrawal:purchase_required": null, "cash_withdrawal:type": null, "drink:bionade": null, "drink:bionade_mate": null, "drink:charitea_mate": null, "drink:club-mate": null, "drink:club-mate_icetea": null, "drink:fritz-kola": null, "drink:fritz-limo": null, "drink:fritz-mischmasch": null, "drink:kolle-kolla": null, "drink:kolle-zotrine": null, "drink:lemonaid": null, "drink:mio_mio_cola": null, "drink:mio_mio_mate": null, "drink:vita_cola": null, "organic": null, "payment:contactless": null, "stroller": null, "start_date": null, "old_name": null, "contact:website": null, "layer": null, "toilets:wheelchair": null, "source": null, "payment:app": null, "payment:apple_pay": null, "payment:cards": null, "payment:coins": null, "payment:google_pay": null, "payment:visa_debit": null, "origin": null, "drink:charitea": null, "drink:kolle-jolle-mate": null, "drink:kolle-mate": null, "payment:debit_cards": null, "operator:wikidata": null, "drink:vita_limo": null, "contact:phone": null, "cash_withdrawal:limit": null, "post_office": null, "post_office:brand": null, "post_office:service_provider": null, "bulk_purchase": null, "dog": null, "air_conditioning": null, "payment:notes": null, "ref:rewe": null, "addr:suburb": null, "membership": null, "access:covid19": null, "alt_name": null, "delivery:covid19": null, "takeaway:covid19": null, "discount:students": null, "currency:EUR": null, "internet_access:password": null, "internet_access:ssid": null, "post_office:brand:wikidata": null, "post_office:brand:wikipedia": null, "ref:deutsche_post": null, "description": null, "payment:mastercard_contactless": null, "payment:sodexo": null, "payment:v_pay": null, "fax": null, "drink:club-mate_granat": null, "opening_date": null, "payment:account_cards": null, "payment:payback_app": null, "wheelchair:description:de": null, "note": null, "cuisine": null, "diet:vegan": null, "diet:vegetarian": null, "contact:email": null, "branch": null, "short_name": null, "drink:kolle-kilimo": null, "drink:kombucha": null, "drink:sake": null, "drinking_water:refill": null, "drinking_water:refill:network": null, "payment:vpay": null, "payment:american_express": null, "source:name": null, "toilets": null, "diet:gluten_free": null, "diet:lactose_free": null, "post_office:id_check": null, "post_office:oversized_item": null, "post_office:packaging": null, "post_office:parcel_from": null, "post_office:parcel_pickup": null, "post_office:parcel_to": null, "post_office:post_bank": null, "post_office:stamps": null, "payment:visa_electron": null, "fair_trade": null, "reusable_packaging:accept": null, "payment:cryptocurrencies": null, "building": "yes", "building:levels": null, "roof:shape": null, "vending": null, "building:roof": null, "roof:colour": null, "building:colour": null, "height": "3.3", "roof:levels": null, "roof:height": null, "drink:coffee": null, "contact:facebook": null, "delivery": null, "contact:instagram": null, "payment:netto_app": null, "landuse": null, "indoor": null, "name:ru": null, "room": null }, "geometry": { "type": "Polygon", "coordinates": [ [ [ 13.7973896, 51.0049429 ], [ 13.7972748, 51.0048602 ], [ 13.7973154, 51.0048379 ], [ 13.7976436, 51.0046576 ], [ 13.7978725, 51.0048227 ], [ 13.7979135, 51.0048002 ], [ 13.7980655, 51.0049098 ], [ 13.7975905, 51.0051707 ], [ 13.7973243, 51.0049788 ], [ 13.7973896, 51.0049429 ] ] ] } },
{ "type": "Feature", "properties": { "element": "way", "id": 138928518, "addr:city": null, "addr:housenumber": "29", "addr:postcode": null, "addr:street": "Großenhainer Straße", "brand": null, "brand:wikidata": null, "brand:wikipedia": null, "check_date:opening_hours": "2024-01-03", "level": null, "name": "Asia4Friends", "opening_hours": "Mo-Sa 09:00-20:00", "shop": "supermarket", "wheelchair": "yes", "internet_access": null, "internet_access:access": null, "internet_access:fee": null, "operator": null, "phone": null, "website": "https://asia4friends.de/", "addr:country": null, "check_date": null, "email": null, "payment:mastercard": null, "payment:visa": null, "payment:cash": null, "payment:girocard": null, "payment:maestro": null, "self_checkout": null, "ref:vatin": null, "payment:credit_cards": "yes", "operator:tax": null, "ref": null, "diet:halal": null, "diet:kosher": null, "lastcheck": null, "access": null, "entrance": null, "cash_withdrawal": null, "cash_withdrawal:purchase_minimum": null, "cash_withdrawal:purchase_required": null, "cash_withdrawal:type": null, "drink:bionade": null, "drink:bionade_mate": null, "drink:charitea_mate": null, "drink:club-mate": null, "drink:club-mate_icetea": null, "drink:fritz-kola": null, "drink:fritz-limo": null, "drink:fritz-mischmasch": null, "drink:kolle-kolla": null, "drink:kolle-zotrine": null, "drink:lemonaid": null, "drink:mio_mio_cola": null, "drink:mio_mio_mate": null, "drink:vita_cola": null, "organic": null, "payment:contactless": null, "stroller": null, "start_date": null, "old_name": "Asiafood Tuan Lan", "contact:website": null, "layer": null, "toilets:wheelchair": null, "source": null, "payment:app": null, "payment:apple_pay": null, "payment:cards": null, "payment:coins": null, "payment:google_pay": null, "payment:visa_debit": null, "origin": "asian", "drink:charitea": null, "drink:kolle-jolle-mate": null, "drink:kolle-mate": null, "payment:debit_cards": "yes", "operator:wikidata": null, "drink:vita_limo": null, "contact:phone": null, "cash_withdrawal:limit": null, "post_office": null, "post_office:brand": null, "post_office:service_provider": null, "bulk_purchase": null, "dog": null, "air_conditioning": null, "payment:notes": null, "ref:rewe": null, "addr:suburb": null, "membership": null, "access:covid19": null, "alt_name": null, "delivery:covid19": null, "takeaway:covid19": null, "discount:students": null, "currency:EUR": null, "internet_access:password": null, "internet_access:ssid": null, "post_office:brand:wikidata": null, "post_office:brand:wikipedia": null, "ref:deutsche_post": null, "description": null, "payment:mastercard_contactless": null, "payment:sodexo": null, "payment:v_pay": null, "fax": null, "drink:club-mate_granat": null, "opening_date": null, "payment:account_cards": null, "payment:payback_app": null, "wheelchair:description:de": null, "note": null, "cuisine": "asian", "diet:vegan": null, "diet:vegetarian": null, "contact:email": null, "branch": null, "short_name": null, "drink:kolle-kilimo": null, "drink:kombucha": null, "drink:sake": null, "drinking_water:refill": null, "drinking_water:refill:network": null, "payment:vpay": null, "payment:american_express": null, "source:name": null, "toilets": null, "diet:gluten_free": null, "diet:lactose_free": null, "post_office:id_check": null, "post_office:oversized_item": null, "post_office:packaging": null, "post_office:parcel_from": null, "post_office:parcel_pickup": null, "post_office:parcel_to": null, "post_office:post_bank": null, "post_office:stamps": null, "payment:visa_electron": null, "fair_trade": null, "reusable_packaging:accept": null, "payment:cryptocurrencies": null, "building": "retail", "building:levels": "2", "roof:shape": "flat", "vending": null, "building:roof": null, "roof:colour": null, "building:colour": null, "height": null, "roof:levels": "0", "roof:height": null, "drink:coffee": null, "contact:facebook": "https://www.facebook.com/asia4friends/", "delivery": "yes", "contact:instagram": null, "payment:netto_app": null, "landuse": null, "indoor": null, "name:ru": null, "room": null }, "geometry": { "type": "Polygon", "coordinates": [ [ [ 13.7338202, 51.0733832 ], [ 13.7341375, 51.0734748 ], [ 13.7341222, 51.0734959 ], [ 13.7340844, 51.0735483 ], [ 13.7338088, 51.0734711 ], [ 13.7337676, 51.0734598 ], [ 13.7338202, 51.0733832 ] ] ] } },
{ "type": "Feature", "properties": { "element": "way", "id": 140044015, "addr:city": "Dresden", "addr:housenumber": "28", "addr:postcode": "01187", "addr:street": "Chemnitzer Straße", "brand": "ALDI Nord", "brand:wikidata": "Q41171373", "brand:wikipedia": "en:Aldi", "check_date:opening_hours": "2024-07-30", "level": null, "name": "ALDI Nord", "opening_hours": "Mo-Sa 07:00-21:00", "shop": "supermarket", "wheelchair": "yes", "internet_access": null, "internet_access:access": null, "internet_access:fee": null, "operator": null, "phone": null, "website": null, "addr:country": "DE", "check_date": null, "email": null, "payment:mastercard": null, "payment:visa": null, "payment:cash": null, "payment:girocard": null, "payment:maestro": null, "self_checkout": null, "ref:vatin": null, "payment:credit_cards": null, "operator:tax": null, "ref": null, "diet:halal": null, "diet:kosher": null, "lastcheck": null, "access": null, "entrance": null, "cash_withdrawal": null, "cash_withdrawal:purchase_minimum": null, "cash_withdrawal:purchase_required": null, "cash_withdrawal:type": null, "drink:bionade": null, "drink:bionade_mate": null, "drink:charitea_mate": null, "drink:club-mate": null, "drink:club-mate_icetea": null, "drink:fritz-kola": null, "drink:fritz-limo": null, "drink:fritz-mischmasch": null, "drink:kolle-kolla": null, "drink:kolle-zotrine": null, "drink:lemonaid": null, "drink:mio_mio_cola": null, "drink:mio_mio_mate": null, "drink:vita_cola": null, "organic": null, "payment:contactless": null, "stroller": null, "start_date": null, "old_name": null, "contact:website": null, "layer": null, "toilets:wheelchair": null, "source": "HiRes aerial imagery", "payment:app": null, "payment:apple_pay": null, "payment:cards": null, "payment:coins": null, "payment:google_pay": null, "payment:visa_debit": null, "origin": null, "drink:charitea": null, "drink:kolle-jolle-mate": null, "drink:kolle-mate": null, "payment:debit_cards": null, "operator:wikidata": null, "drink:vita_limo": null, "contact:phone": null, "cash_withdrawal:limit": null, "post_office": null, "post_office:brand": null, "post_office:service_provider": null, "bulk_purchase": null, "dog": null, "air_conditioning": null, "payment:notes": null, "ref:rewe": null, "addr:suburb": null, "membership": null, "access:covid19": null, "alt_name": null, "delivery:covid19": null, "takeaway:covid19": null, "discount:students": null, "currency:EUR": null, "internet_access:password": null, "internet_access:ssid": null, "post_office:brand:wikidata": null, "post_office:brand:wikipedia": null, "ref:deutsche_post": null, "description": null, "payment:mastercard_contactless": null, "payment:sodexo": null, "payment:v_pay": null, "fax": null, "drink:club-mate_granat": null, "opening_date": null, "payment:account_cards": null, "payment:payback_app": null, "wheelchair:description:de": null, "note": null, "cuisine": null, "diet:vegan": null, "diet:vegetarian": null, "contact:email": null, "branch": null, "short_name": null, "drink:kolle-kilimo": null, "drink:kombucha": null, "drink:sake": null, "drinking_water:refill": null, "drinking_water:refill:network": null, "payment:vpay": null, "payment:american_express": null, "source:name": null, "toilets": null, "diet:gluten_free": null, "diet:lactose_free": null, "post_office:id_check": null, "post_office:oversized_item": null, "post_office:packaging": null, "post_office:parcel_from": null, "post_office:parcel_pickup": null, "post_office:parcel_to": null, "post_office:post_bank": null, "post_office:stamps": null, "payment:visa_electron": null, "fair_trade": null, "reusable_packaging:accept": null, "payment:cryptocurrencies": null, "building": "retail", "building:levels": "1", "roof:shape": "flat", "vending": null, "building:roof": null, "roof:colour": null, "building:colour": null, "height": null, "roof:levels": "0", "roof:height": null, "drink:coffee": null, "contact:facebook": null, "delivery": null, "contact:instagram": null, "payment:netto_app": null, "landuse": null, "indoor": null, "name:ru": null, "room": null }, "geometry": { "type": "Polygon", "coordinates": [ [ [ 13.7143199, 51.0369392 ], [ 13.7141321, 51.0368241 ], [ 13.7140899, 51.0368513 ], [ 13.7138194, 51.0366854 ], [ 13.7135458, 51.0368618 ], [ 13.7140597, 51.037177 ], [ 13.7141219, 51.0371369 ], [ 13.7140663, 51.0371028 ], [ 13.7143199, 51.0369392 ] ] ] } },
{ "type": "Feature", "properties": { "element": "way", "id": 145616749, "addr:city": "Dresden", "addr:housenumber": "38d", "addr:postcode": "01219", "addr:street": "Reicker Straße", "brand": null, "brand:wikidata": null, "brand:wikipedia": null, "check_date:opening_hours": null, "level": null, "name": "VG BIO-Markt DD-Strehlen", "opening_hours": "Mo-Fr 09:00-20:00; Sa 09:00-14:00", "shop": "supermarket", "wheelchair": "yes", "internet_access": null, "internet_access:access": null, "internet_access:fee": null, "operator": "VG Verbrauchergemeinschaft für umweltgerecht erzeugte Produkte eG", "phone": "+49 351 27091220", "website": "https://vg-dresden.de/dd-strehlen.html", "addr:country": "DE", "check_date": null, "email": null, "payment:mastercard": null, "payment:visa": null, "payment:cash": null, "payment:girocard": null, "payment:maestro": null, "self_checkout": null, "ref:vatin": null, "payment:credit_cards": null, "operator:tax": null, "ref": null, "diet:halal": null, "diet:kosher": null, "lastcheck": null, "access": null, "entrance": null, "cash_withdrawal": null, "cash_withdrawal:purchase_minimum": null, "cash_withdrawal:purchase_required": null, "cash_withdrawal:type": null, "drink:bionade": null, "drink:bionade_mate": null, "drink:charitea_mate": null, "drink:club-mate": null, "drink:club-mate_icetea": null, "drink:fritz-kola": null, "drink:fritz-limo": null, "drink:fritz-mischmasch": null, "drink:kolle-kolla": null, "drink:kolle-zotrine": null, "drink:lemonaid": null, "drink:mio_mio_cola": null, "drink:mio_mio_mate": null, "drink:vita_cola": null, "organic": "yes", "payment:contactless": null, "stroller": null, "start_date": null, "old_name": null, "contact:website": null, "layer": null, "toilets:wheelchair": null, "source": null, "payment:app": null, "payment:apple_pay": null, "payment:cards": null, "payment:coins": null, "payment:google_pay": null, "payment:visa_debit": null, "origin": null, "drink:charitea": null, "drink:kolle-jolle-mate": null, "drink:kolle-mate": null, "payment:debit_cards": null, "operator:wikidata": null, "drink:vita_limo": null, "contact:phone": null, "cash_withdrawal:limit": null, "post_office": null, "post_office:brand": null, "post_office:service_provider": null, "bulk_purchase": null, "dog": null, "air_conditioning": null, "payment:notes": null, "ref:rewe": null, "addr:suburb": null, "membership": null, "access:covid19": null, "alt_name": null, "delivery:covid19": null, "takeaway:covid19": null, "discount:students": null, "currency:EUR": null, "internet_access:password": null, "internet_access:ssid": null, "post_office:brand:wikidata": null, "post_office:brand:wikipedia": null, "ref:deutsche_post": null, "description": null, "payment:mastercard_contactless": null, "payment:sodexo": null, "payment:v_pay": null, "fax": null, "drink:club-mate_granat": null, "opening_date": null, "payment:account_cards": null, "payment:payback_app": null, "wheelchair:description:de": null, "note": null, "cuisine": null, "diet:vegan": null, "diet:vegetarian": null, "contact:email": null, "branch": null, "short_name": null, "drink:kolle-kilimo": null, "drink:kombucha": null, "drink:sake": null, "drinking_water:refill": null, "drinking_water:refill:network": null, "payment:vpay": null, "payment:american_express": null, "source:name": null, "toilets": null, "diet:gluten_free": null, "diet:lactose_free": null, "post_office:id_check": null, "post_office:oversized_item": null, "post_office:packaging": null, "post_office:parcel_from": null, "post_office:parcel_pickup": null, "post_office:parcel_to": null, "post_office:post_bank": null, "post_office:stamps": null, "payment:visa_electron": null, "fair_trade": null, "reusable_packaging:accept": null, "payment:cryptocurrencies": null, "building": "retail", "building:levels": "1", "roof:shape": "gabled", "vending": null, "building:roof": null, "roof:colour": null, "building:colour": null, "height": null, "roof:levels": "1", "roof:height": null, "drink:coffee": null, "contact:facebook": null, "delivery": null, "contact:instagram": null, "payment:netto_app": null, "landuse": null, "indoor": null, "name:ru": null, "room": null }, "geometry": { "type": "Polygon", "coordinates": [ [ [ 13.7739544, 51.0222367 ], [ 13.7736782, 51.0219525 ], [ 13.7739249, 51.0218572 ], [ 13.7742197, 51.0221605 ], [ 13.7740656, 51.0222201 ], [ 13.774047, 51.0222009 ], [ 13.7739544, 51.0222367 ] ] ] } },
{ "type": "Feature", "properties": { "element": "way", "id": 146077776, "addr:city": "Dresden", "addr:housenumber": "13", "addr:postcode": "01465", "addr:street": "Liegauer Straße", "brand": "diska", "brand:wikidata": "Q62390177", "brand:wikipedia": null, "check_date:opening_hours": null, "level": null, "name": "diska", "opening_hours": "Mo-Sa 07:00-20:00; PH off", "shop": "supermarket", "wheelchair": null, "internet_access": null, "internet_access:access": null, "internet_access:fee": null, "operator": "SB Handelsgesellschaft Nordbayern-Sachsen-Thüringen mbH", "phone": "+49 35201 77983", "website": "https://diska.de/stores/diska-langebrueck/", "addr:country": "DE", "check_date": null, "email": null, "payment:mastercard": null, "payment:visa": null, "payment:cash": null, "payment:girocard": null, "payment:maestro": null, "self_checkout": null, "ref:vatin": null, "payment:credit_cards": null, "operator:tax": null, "ref": null, "diet:halal": null, "diet:kosher": null, "lastcheck": null, "access": null, "entrance": null, "cash_withdrawal": null, "cash_withdrawal:purchase_minimum": null, "cash_withdrawal:purchase_required": null, "cash_withdrawal:type": null, "drink:bionade": null, "drink:bionade_mate": null, "drink:charitea_mate": null, "drink:club-mate": null, "drink:club-mate_icetea": null, "drink:fritz-kola": null, "drink:fritz-limo": null, "drink:fritz-mischmasch": null, "drink:kolle-kolla": null, "drink:kolle-zotrine": null, "drink:lemonaid": null, "drink:mio_mio_cola": null, "drink:mio_mio_mate": null, "drink:vita_cola": null, "organic": null, "payment:contactless": null, "stroller": null, "start_date": null, "old_name": null, "contact:website": null, "layer": null, "toilets:wheelchair": null, "source": null, "payment:app": null, "payment:apple_pay": null, "payment:cards": null, "payment:coins": null, "payment:google_pay": null, "payment:visa_debit": null, "origin": null, "drink:charitea": null, "drink:kolle-jolle-mate": null, "drink:kolle-mate": null, "payment:debit_cards": null, "operator:wikidata": null, "drink:vita_limo": null, "contact:phone": null, "cash_withdrawal:limit": null, "post_office": null, "post_office:brand": null, "post_office:service_provider": null, "bulk_purchase": null, "dog": null, "air_conditioning": null, "payment:notes": null, "ref:rewe": null, "addr:suburb": "Langebrück", "membership": null, "access:covid19": null, "alt_name": null, "delivery:covid19": null, "takeaway:covid19": null, "discount:students": null, "currency:EUR": null, "internet_access:password": null, "internet_access:ssid": null, "post_office:brand:wikidata": null, "post_office:brand:wikipedia": null, "ref:deutsche_post": null, "description": null, "payment:mastercard_contactless": null, "payment:sodexo": null, "payment:v_pay": null, "fax": null, "drink:club-mate_granat": null, "opening_date": null, "payment:account_cards": null, "payment:payback_app": null, "wheelchair:description:de": null, "note": null, "cuisine": null, "diet:vegan": null, "diet:vegetarian": null, "contact:email": null, "branch": null, "short_name": null, "drink:kolle-kilimo": null, "drink:kombucha": null, "drink:sake": null, "drinking_water:refill": null, "drinking_water:refill:network": null, "payment:vpay": null, "payment:american_express": null, "source:name": null, "toilets": null, "diet:gluten_free": null, "diet:lactose_free": null, "post_office:id_check": null, "post_office:oversized_item": null, "post_office:packaging": null, "post_office:parcel_from": null, "post_office:parcel_pickup": null, "post_office:parcel_to": null, "post_office:post_bank": null, "post_office:stamps": null, "payment:visa_electron": null, "fair_trade": null, "reusable_packaging:accept": null, "payment:cryptocurrencies": null, "building": "supermarket", "building:levels": null, "roof:shape": null, "vending": null, "building:roof": null, "roof:colour": null, "building:colour": null, "height": null, "roof:levels": null, "roof:height": null, "drink:coffee": null, "contact:facebook": null, "delivery": null, "contact:instagram": null, "payment:netto_app": null, "landuse": null, "indoor": null, "name:ru": null, "room": null }, "geometry": { "type": "Polygon", "coordinates": [ [ [ 13.8458464, 51.1292703 ], [ 13.8460612, 51.1290587 ], [ 13.8461844, 51.1291079 ], [ 13.8465581, 51.1292574 ], [ 13.8464182, 51.1293951 ], [ 13.8464916, 51.1294244 ], [ 13.8464166, 51.1294982 ], [ 13.8458464, 51.1292703 ] ] ] } },
{ "type": "Feature", "properties": { "element": "way", "id": 148333006, "addr:city": null, "addr:housenumber": null, "addr:postcode": null, "addr:street": null, "brand": "Netto Marken-Discount", "brand:wikidata": "Q879858", "brand:wikipedia": null, "check_date:opening_hours": null, "level": null, "name": "Netto Marken-Discount", "opening_hours": "Mo-Sa 07:00-22:00", "shop": "supermarket", "wheelchair": "yes", "internet_access": null, "internet_access:access": null, "internet_access:fee": null, "operator": null, "phone": null, "website": "https://www.netto-online.de/filialen/Dresden-Dobritz/Salzburger-Str-122/4824/", "addr:country": null, "check_date": null, "email": null, "payment:mastercard": null, "payment:visa": null, "payment:cash": null, "payment:girocard": null, "payment:maestro": null, "self_checkout": null, "ref:vatin": null, "payment:credit_cards": null, "operator:tax": null, "ref": null, "diet:halal": null, "diet:kosher": null, "lastcheck": null, "access": null, "entrance": null, "cash_withdrawal": null, "cash_withdrawal:purchase_minimum": null, "cash_withdrawal:purchase_required": null, "cash_withdrawal:type": null, "drink:bionade": null, "drink:bionade_mate": null, "drink:charitea_mate": null, "drink:club-mate": null, "drink:club-mate_icetea": null, "drink:fritz-kola": null, "drink:fritz-limo": null, "drink:fritz-mischmasch": null, "drink:kolle-kolla": null, "drink:kolle-zotrine": null, "drink:lemonaid": null, "drink:mio_mio_cola": null, "drink:mio_mio_mate": null, "drink:vita_cola": null, "organic": null, "payment:contactless": null, "stroller": null, "start_date": null, "old_name": null, "contact:website": null, "layer": null, "toilets:wheelchair": null, "source": null, "payment:app": null, "payment:apple_pay": null, "payment:cards": null, "payment:coins": null, "payment:google_pay": null, "payment:visa_debit": null, "origin": null, "drink:charitea": null, "drink:kolle-jolle-mate": null, "drink:kolle-mate": null, "payment:debit_cards": null, "operator:wikidata": null, "drink:vita_limo": null, "contact:phone": null, "cash_withdrawal:limit": null, "post_office": null, "post_office:brand": null, "post_office:service_provider": null, "bulk_purchase": null, "dog": null, "air_conditioning": null, "payment:notes": null, "ref:rewe": null, "addr:suburb": null, "membership": null, "access:covid19": null, "alt_name": null, "delivery:covid19": null, "takeaway:covid19": null, "discount:students": null, "currency:EUR": null, "internet_access:password": null, "internet_access:ssid": null, "post_office:brand:wikidata": null, "post_office:brand:wikipedia": null, "ref:deutsche_post": null, "description": null, "payment:mastercard_contactless": null, "payment:sodexo": null, "payment:v_pay": null, "fax": null, "drink:club-mate_granat": null, "opening_date": null, "payment:account_cards": null, "payment:payback_app": null, "wheelchair:description:de": null, "note": null, "cuisine": null, "diet:vegan": null, "diet:vegetarian": null, "contact:email": null, "branch": null, "short_name": null, "drink:kolle-kilimo": null, "drink:kombucha": null, "drink:sake": null, "drinking_water:refill": null, "drinking_water:refill:network": null, "payment:vpay": null, "payment:american_express": null, "source:name": null, "toilets": null, "diet:gluten_free": null, "diet:lactose_free": null, "post_office:id_check": null, "post_office:oversized_item": null, "post_office:packaging": null, "post_office:parcel_from": null, "post_office:parcel_pickup": null, "post_office:parcel_to": null, "post_office:post_bank": null, "post_office:stamps": null, "payment:visa_electron": null, "fair_trade": null, "reusable_packaging:accept": null, "payment:cryptocurrencies": null, "building": "retail", "building:levels": "1", "roof:shape": null, "vending": null, "building:roof": null, "roof:colour": null, "building:colour": null, "height": null, "roof:levels": null, "roof:height": null, "drink:coffee": null, "contact:facebook": null, "delivery": null, "contact:instagram": null, "payment:netto_app": null, "landuse": null, "indoor": null, "name:ru": null, "room": null }, "geometry": { "type": "Polygon", "coordinates": [ [ [ 13.8126161, 51.0204778 ], [ 13.8133248, 51.0207545 ], [ 13.8135024, 51.0205745 ], [ 13.8133625, 51.0205199 ], [ 13.813414, 51.0204677 ], [ 13.8132874, 51.0204183 ], [ 13.8131609, 51.0203689 ], [ 13.8131169, 51.0204134 ], [ 13.8128013, 51.0202901 ], [ 13.8126161, 51.0204778 ] ] ] } },
{ "type": "Feature", "properties": { "element": "way", "id": 148631112, "addr:city": "Dresden", "addr:housenumber": "45", "addr:postcode": "01169", "addr:street": "Omsewitzer Ring", "brand": "Lidl", "brand:wikidata": "Q151954", "brand:wikipedia": null, "check_date:opening_hours": null, "level": null, "name": "Lidl", "opening_hours": "Mo-Sa 07:00-21:00", "shop": "supermarket", "wheelchair": "yes", "internet_access": null, "internet_access:access": null, "internet_access:fee": null, "operator": null, "phone": null, "website": null, "addr:country": null, "check_date": null, "email": null, "payment:mastercard": null, "payment:visa": null, "payment:cash": null, "payment:girocard": null, "payment:maestro": null, "self_checkout": null, "ref:vatin": null, "payment:credit_cards": null, "operator:tax": null, "ref": null, "diet:halal": null, "diet:kosher": null, "lastcheck": null, "access": null, "entrance": null, "cash_withdrawal": null, "cash_withdrawal:purchase_minimum": null, "cash_withdrawal:purchase_required": null, "cash_withdrawal:type": null, "drink:bionade": null, "drink:bionade_mate": null, "drink:charitea_mate": null, "drink:club-mate": null, "drink:club-mate_icetea": null, "drink:fritz-kola": null, "drink:fritz-limo": null, "drink:fritz-mischmasch": null, "drink:kolle-kolla": null, "drink:kolle-zotrine": null, "drink:lemonaid": null, "drink:mio_mio_cola": null, "drink:mio_mio_mate": null, "drink:vita_cola": null, "organic": null, "payment:contactless": null, "stroller": null, "start_date": null, "old_name": null, "contact:website": null, "layer": null, "toilets:wheelchair": null, "source": "Bing", "payment:app": null, "payment:apple_pay": null, "payment:cards": null, "payment:coins": null, "payment:google_pay": null, "payment:visa_debit": null, "origin": null, "drink:charitea": null, "drink:kolle-jolle-mate": null, "drink:kolle-mate": null, "payment:debit_cards": null, "operator:wikidata": null, "drink:vita_limo": null, "contact:phone": null, "cash_withdrawal:limit": null, "post_office": null, "post_office:brand": null, "post_office:service_provider": null, "bulk_purchase": null, "dog": null, "air_conditioning": null, "payment:notes": null, "ref:rewe": null, "addr:suburb": null, "membership": null, "access:covid19": null, "alt_name": null, "delivery:covid19": null, "takeaway:covid19": null, "discount:students": null, "currency:EUR": null, "internet_access:password": null, "internet_access:ssid": null, "post_office:brand:wikidata": null, "post_office:brand:wikipedia": null, "ref:deutsche_post": null, "description": null, "payment:mastercard_contactless": null, "payment:sodexo": null, "payment:v_pay": null, "fax": null, "drink:club-mate_granat": null, "opening_date": null, "payment:account_cards": null, "payment:payback_app": null, "wheelchair:description:de": null, "note": null, "cuisine": null, "diet:vegan": null, "diet:vegetarian": null, "contact:email": null, "branch": null, "short_name": null, "drink:kolle-kilimo": null, "drink:kombucha": null, "drink:sake": null, "drinking_water:refill": null, "drinking_water:refill:network": null, "payment:vpay": null, "payment:american_express": null, "source:name": null, "toilets": null, "diet:gluten_free": null, "diet:lactose_free": null, "post_office:id_check": null, "post_office:oversized_item": null, "post_office:packaging": null, "post_office:parcel_from": null, "post_office:parcel_pickup": null, "post_office:parcel_to": null, "post_office:post_bank": null, "post_office:stamps": null, "payment:visa_electron": null, "fair_trade": null, "reusable_packaging:accept": null, "payment:cryptocurrencies": null, "building": "retail", "building:levels": "1", "roof:shape": "flat", "vending": null, "building:roof": null, "roof:colour": null, "building:colour": null, "height": null, "roof:levels": null, "roof:height": null, "drink:coffee": null, "contact:facebook": null, "delivery": null, "contact:instagram": null, "payment:netto_app": null, "landuse": null, "indoor": null, "name:ru": null, "room": null }, "geometry": { "type": "Polygon", "coordinates": [ [ [ 13.6632714, 51.049088 ], [ 13.6639562, 51.0492213 ], [ 13.6639802, 51.0491726 ], [ 13.6640376, 51.0491838 ], [ 13.6641061, 51.0490447 ], [ 13.6641642, 51.049056 ], [ 13.6642005, 51.0489822 ], [ 13.6634003, 51.0488264 ], [ 13.6633737, 51.0488805 ], [ 13.6632714, 51.049088 ] ] ] } },
{ "type": "Feature", "properties": { "element": "way", "id": 149775692, "addr:city": "Dresden", "addr:housenumber": "48", "addr:postcode": "01219", "addr:street": "Spitzwegstraße", "brand": null, "brand:wikidata": null, "brand:wikipedia": null, "check_date:opening_hours": "2024-07-27", "level": null, "name": "Konsum", "opening_hours": "Mo-Sa 07:00-20:00", "shop": "supermarket", "wheelchair": "yes", "internet_access": "wlan", "internet_access:access": "customers", "internet_access:fee": "no", "operator": "KONSUM DRESDEN eG", "phone": null, "website": "https://www.konsum.de/", "addr:country": "DE", "check_date": null, "email": null, "payment:mastercard": null, "payment:visa": null, "payment:cash": null, "payment:girocard": null, "payment:maestro": null, "self_checkout": null, "ref:vatin": null, "payment:credit_cards": null, "operator:tax": null, "ref": null, "diet:halal": null, "diet:kosher": null, "lastcheck": null, "access": null, "entrance": null, "cash_withdrawal": null, "cash_withdrawal:purchase_minimum": null, "cash_withdrawal:purchase_required": null, "cash_withdrawal:type": null, "drink:bionade": null, "drink:bionade_mate": null, "drink:charitea_mate": null, "drink:club-mate": null, "drink:club-mate_icetea": null, "drink:fritz-kola": null, "drink:fritz-limo": null, "drink:fritz-mischmasch": null, "drink:kolle-kolla": null, "drink:kolle-zotrine": null, "drink:lemonaid": null, "drink:mio_mio_cola": null, "drink:mio_mio_mate": null, "drink:vita_cola": null, "organic": null, "payment:contactless": null, "stroller": null, "start_date": null, "old_name": null, "contact:website": null, "layer": null, "toilets:wheelchair": null, "source": null, "payment:app": null, "payment:apple_pay": null, "payment:cards": null, "payment:coins": null, "payment:google_pay": null, "payment:visa_debit": null, "origin": null, "drink:charitea": null, "drink:kolle-jolle-mate": null, "drink:kolle-mate": null, "payment:debit_cards": null, "operator:wikidata": null, "drink:vita_limo": null, "contact:phone": null, "cash_withdrawal:limit": null, "post_office": null, "post_office:brand": null, "post_office:service_provider": null, "bulk_purchase": null, "dog": null, "air_conditioning": null, "payment:notes": null, "ref:rewe": null, "addr:suburb": null, "membership": null, "access:covid19": null, "alt_name": null, "delivery:covid19": null, "takeaway:covid19": null, "discount:students": null, "currency:EUR": null, "internet_access:password": null, "internet_access:ssid": null, "post_office:brand:wikidata": null, "post_office:brand:wikipedia": null, "ref:deutsche_post": null, "description": null, "payment:mastercard_contactless": null, "payment:sodexo": null, "payment:v_pay": null, "fax": null, "drink:club-mate_granat": null, "opening_date": null, "payment:account_cards": null, "payment:payback_app": null, "wheelchair:description:de": null, "note": null, "cuisine": null, "diet:vegan": null, "diet:vegetarian": null, "contact:email": null, "branch": null, "short_name": null, "drink:kolle-kilimo": null, "drink:kombucha": null, "drink:sake": null, "drinking_water:refill": null, "drinking_water:refill:network": null, "payment:vpay": null, "payment:american_express": null, "source:name": null, "toilets": null, "diet:gluten_free": null, "diet:lactose_free": null, "post_office:id_check": null, "post_office:oversized_item": null, "post_office:packaging": null, "post_office:parcel_from": null, "post_office:parcel_pickup": null, "post_office:parcel_to": null, "post_office:post_bank": null, "post_office:stamps": null, "payment:visa_electron": null, "fair_trade": null, "reusable_packaging:accept": null, "payment:cryptocurrencies": null, "building": "retail", "building:levels": "1", "roof:shape": "flat", "vending": null, "building:roof": null, "roof:colour": null, "building:colour": null, "height": null, "roof:levels": null, "roof:height": null, "drink:coffee": null, "contact:facebook": null, "delivery": null, "contact:instagram": null, "payment:netto_app": null, "landuse": null, "indoor": null, "name:ru": null, "room": null }, "geometry": { "type": "Polygon", "coordinates": [ [ [ 13.7636405, 51.0152708 ], [ 13.7641753, 51.0152928 ], [ 13.7641324, 51.0157052 ], [ 13.7639796, 51.0156989 ], [ 13.763977, 51.0157233 ], [ 13.763694, 51.0157116 ], [ 13.7636967, 51.0156861 ], [ 13.7635977, 51.015682 ], [ 13.7636405, 51.0152708 ] ] ] } },
{ "type": "Feature", "properties": { "element": "way", "id": 155635914, "addr:city": null, "addr:housenumber": null, "addr:postcode": null, "addr:street": null, "brand": "Konsum Dresden", "brand:wikidata": "Q1618877", "brand:wikipedia": null, "check_date:opening_hours": null, "level": null, "name": "Konsum", "opening_hours": "Mo-Sa 07:00-20:00", "shop": "supermarket", "wheelchair": "yes", "internet_access": null, "internet_access:access": null, "internet_access:fee": null, "operator": null, "phone": null, "website": null, "addr:country": null, "check_date": null, "email": null, "payment:mastercard": null, "payment:visa": null, "payment:cash": null, "payment:girocard": null, "payment:maestro": null, "self_checkout": null, "ref:vatin": null, "payment:credit_cards": null, "operator:tax": null, "ref": null, "diet:halal": null, "diet:kosher": null, "lastcheck": null, "access": null, "entrance": null, "cash_withdrawal": null, "cash_withdrawal:purchase_minimum": null, "cash_withdrawal:purchase_required": null, "cash_withdrawal:type": null, "drink:bionade": null, "drink:bionade_mate": null, "drink:charitea_mate": null, "drink:club-mate": null, "drink:club-mate_icetea": null, "drink:fritz-kola": null, "drink:fritz-limo": null, "drink:fritz-mischmasch": null, "drink:kolle-kolla": null, "drink:kolle-zotrine": null, "drink:lemonaid": null, "drink:mio_mio_cola": null, "drink:mio_mio_mate": null, "drink:vita_cola": null, "organic": null, "payment:contactless": null, "stroller": null, "start_date": null, "old_name": null, "contact:website": null, "layer": null, "toilets:wheelchair": null, "source": null, "payment:app": null, "payment:apple_pay": null, "payment:cards": null, "payment:coins": null, "payment:google_pay": null, "payment:visa_debit": null, "origin": null, "drink:charitea": null, "drink:kolle-jolle-mate": null, "drink:kolle-mate": null, "payment:debit_cards": null, "operator:wikidata": null, "drink:vita_limo": null, "contact:phone": null, "cash_withdrawal:limit": null, "post_office": null, "post_office:brand": null, "post_office:service_provider": null, "bulk_purchase": null, "dog": null, "air_conditioning": null, "payment:notes": null, "ref:rewe": null, "addr:suburb": null, "membership": null, "access:covid19": null, "alt_name": null, "delivery:covid19": null, "takeaway:covid19": null, "discount:students": null, "currency:EUR": null, "internet_access:password": null, "internet_access:ssid": null, "post_office:brand:wikidata": null, "post_office:brand:wikipedia": null, "ref:deutsche_post": null, "description": null, "payment:mastercard_contactless": null, "payment:sodexo": null, "payment:v_pay": null, "fax": null, "drink:club-mate_granat": null, "opening_date": null, "payment:account_cards": null, "payment:payback_app": null, "wheelchair:description:de": null, "note": null, "cuisine": null, "diet:vegan": null, "diet:vegetarian": null, "contact:email": null, "branch": null, "short_name": null, "drink:kolle-kilimo": null, "drink:kombucha": null, "drink:sake": null, "drinking_water:refill": null, "drinking_water:refill:network": null, "payment:vpay": null, "payment:american_express": null, "source:name": null, "toilets": null, "diet:gluten_free": null, "diet:lactose_free": null, "post_office:id_check": null, "post_office:oversized_item": null, "post_office:packaging": null, "post_office:parcel_from": null, "post_office:parcel_pickup": null, "post_office:parcel_to": null, "post_office:post_bank": null, "post_office:stamps": null, "payment:visa_electron": null, "fair_trade": null, "reusable_packaging:accept": null, "payment:cryptocurrencies": null, "building": "retail", "building:levels": "1", "roof:shape": "flat", "vending": null, "building:roof": null, "roof:colour": "white", "building:colour": null, "height": null, "roof:levels": null, "roof:height": null, "drink:coffee": null, "contact:facebook": null, "delivery": null, "contact:instagram": null, "payment:netto_app": null, "landuse": null, "indoor": null, "name:ru": null, "room": null }, "geometry": { "type": "Polygon", "coordinates": [ [ [ 13.7793218, 51.0377002 ], [ 13.779384, 51.0376758 ], [ 13.7793669, 51.0376586 ], [ 13.7793552, 51.0376467 ], [ 13.7795927, 51.0375539 ], [ 13.7795611, 51.0375224 ], [ 13.7794111, 51.037368 ], [ 13.7791098, 51.0374856 ], [ 13.7793218, 51.0377002 ] ] ] } },
{ "type": "Feature", "properties": { "element": "way", "id": 165681025, "addr:city": null, "addr:housenumber": null, "addr:postcode": null, "addr:street": null, "brand": "Netto Marken-Discount", "brand:wikidata": "Q879858", "brand:wikipedia": null, "check_date:opening_hours": null, "level": null, "name": "Netto Marken-Discount", "opening_hours": null, "shop": "supermarket", "wheelchair": "yes", "internet_access": null, "internet_access:access": null, "internet_access:fee": null, "operator": null, "phone": null, "website": "https://www.netto-online.de/filialen/Dresden/Strasse-des-17-Juni-12/4576/", "addr:country": null, "check_date": null, "email": null, "payment:mastercard": null, "payment:visa": null, "payment:cash": null, "payment:girocard": null, "payment:maestro": null, "self_checkout": null, "ref:vatin": null, "payment:credit_cards": null, "operator:tax": null, "ref": null, "diet:halal": null, "diet:kosher": null, "lastcheck": null, "access": null, "entrance": null, "cash_withdrawal": null, "cash_withdrawal:purchase_minimum": null, "cash_withdrawal:purchase_required": null, "cash_withdrawal:type": null, "drink:bionade": null, "drink:bionade_mate": null, "drink:charitea_mate": null, "drink:club-mate": null, "drink:club-mate_icetea": null, "drink:fritz-kola": null, "drink:fritz-limo": null, "drink:fritz-mischmasch": null, "drink:kolle-kolla": null, "drink:kolle-zotrine": null, "drink:lemonaid": null, "drink:mio_mio_cola": null, "drink:mio_mio_mate": null, "drink:vita_cola": null, "organic": null, "payment:contactless": null, "stroller": null, "start_date": null, "old_name": null, "contact:website": null, "layer": null, "toilets:wheelchair": null, "source": null, "payment:app": null, "payment:apple_pay": null, "payment:cards": null, "payment:coins": null, "payment:google_pay": null, "payment:visa_debit": null, "origin": null, "drink:charitea": null, "drink:kolle-jolle-mate": null, "drink:kolle-mate": null, "payment:debit_cards": null, "operator:wikidata": null, "drink:vita_limo": null, "contact:phone": null, "cash_withdrawal:limit": null, "post_office": null, "post_office:brand": null, "post_office:service_provider": null, "bulk_purchase": null, "dog": null, "air_conditioning": null, "payment:notes": null, "ref:rewe": null, "addr:suburb": null, "membership": null, "access:covid19": null, "alt_name": null, "delivery:covid19": null, "takeaway:covid19": null, "discount:students": null, "currency:EUR": null, "internet_access:password": null, "internet_access:ssid": null, "post_office:brand:wikidata": null, "post_office:brand:wikipedia": null, "ref:deutsche_post": null, "description": null, "payment:mastercard_contactless": null, "payment:sodexo": null, "payment:v_pay": null, "fax": null, "drink:club-mate_granat": null, "opening_date": null, "payment:account_cards": null, "payment:payback_app": null, "wheelchair:description:de": null, "note": null, "cuisine": null, "diet:vegan": null, "diet:vegetarian": null, "contact:email": null, "branch": null, "short_name": null, "drink:kolle-kilimo": null, "drink:kombucha": null, "drink:sake": null, "drinking_water:refill": null, "drinking_water:refill:network": null, "payment:vpay": null, "payment:american_express": null, "source:name": null, "toilets": null, "diet:gluten_free": null, "diet:lactose_free": null, "post_office:id_check": null, "post_office:oversized_item": null, "post_office:packaging": null, "post_office:parcel_from": null, "post_office:parcel_pickup": null, "post_office:parcel_to": null, "post_office:post_bank": null, "post_office:stamps": null, "payment:visa_electron": null, "fair_trade": null, "reusable_packaging:accept": null, "payment:cryptocurrencies": null, "building": "yes", "building:levels": null, "roof:shape": null, "vending": null, "building:roof": null, "roof:colour": null, "building:colour": null, "height": null, "roof:levels": null, "roof:height": null, "drink:coffee": null, "contact:facebook": null, "delivery": null, "contact:instagram": null, "payment:netto_app": null, "landuse": null, "indoor": null, "name:ru": null, "room": null }, "geometry": { "type": "Polygon", "coordinates": [ [ [ 13.8214654, 51.0063093 ], [ 13.8212862, 51.0063632 ], [ 13.8212487, 51.0063138 ], [ 13.8211971, 51.0063291 ], [ 13.8210985, 51.0061944 ], [ 13.8211714, 51.0061519 ], [ 13.8211396, 51.0061018 ], [ 13.8212174, 51.0060657 ], [ 13.8212662, 51.0060377 ], [ 13.8212982, 51.0060761 ], [ 13.8213376, 51.0061439 ], [ 13.8214654, 51.0063093 ] ] ] } },
{ "type": "Feature", "properties": { "element": "way", "id": 167783531, "addr:city": "Dresden", "addr:housenumber": "5", "addr:postcode": "01239", "addr:street": "Fritz-Meinhardt-Straße", "brand": "ALDI Nord", "brand:wikidata": "Q41171373", "brand:wikipedia": "en:Aldi", "check_date:opening_hours": null, "level": null, "name": "ALDI Nord", "opening_hours": "Mo-Sa 07:00-20:00", "shop": "supermarket", "wheelchair": null, "internet_access": null, "internet_access:access": null, "internet_access:fee": null, "operator": null, "phone": null, "website": null, "addr:country": "DE", "check_date": null, "email": null, "payment:mastercard": null, "payment:visa": null, "payment:cash": null, "payment:girocard": null, "payment:maestro": null, "self_checkout": null, "ref:vatin": null, "payment:credit_cards": null, "operator:tax": null, "ref": null, "diet:halal": null, "diet:kosher": null, "lastcheck": null, "access": null, "entrance": null, "cash_withdrawal": null, "cash_withdrawal:purchase_minimum": null, "cash_withdrawal:purchase_required": null, "cash_withdrawal:type": null, "drink:bionade": null, "drink:bionade_mate": null, "drink:charitea_mate": null, "drink:club-mate": null, "drink:club-mate_icetea": null, "drink:fritz-kola": null, "drink:fritz-limo": null, "drink:fritz-mischmasch": null, "drink:kolle-kolla": null, "drink:kolle-zotrine": null, "drink:lemonaid": null, "drink:mio_mio_cola": null, "drink:mio_mio_mate": null, "drink:vita_cola": null, "organic": null, "payment:contactless": null, "stroller": null, "start_date": null, "old_name": null, "contact:website": null, "layer": null, "toilets:wheelchair": null, "source": null, "payment:app": null, "payment:apple_pay": null, "payment:cards": null, "payment:coins": null, "payment:google_pay": null, "payment:visa_debit": null, "origin": null, "drink:charitea": null, "drink:kolle-jolle-mate": null, "drink:kolle-mate": null, "payment:debit_cards": null, "operator:wikidata": null, "drink:vita_limo": null, "contact:phone": null, "cash_withdrawal:limit": null, "post_office": null, "post_office:brand": null, "post_office:service_provider": null, "bulk_purchase": null, "dog": null, "air_conditioning": null, "payment:notes": null, "ref:rewe": null, "addr:suburb": null, "membership": null, "access:covid19": null, "alt_name": null, "delivery:covid19": null, "takeaway:covid19": null, "discount:students": null, "currency:EUR": null, "internet_access:password": null, "internet_access:ssid": null, "post_office:brand:wikidata": null, "post_office:brand:wikipedia": null, "ref:deutsche_post": null, "description": null, "payment:mastercard_contactless": null, "payment:sodexo": null, "payment:v_pay": null, "fax": null, "drink:club-mate_granat": null, "opening_date": null, "payment:account_cards": null, "payment:payback_app": null, "wheelchair:description:de": null, "note": null, "cuisine": null, "diet:vegan": null, "diet:vegetarian": null, "contact:email": null, "branch": null, "short_name": null, "drink:kolle-kilimo": null, "drink:kombucha": null, "drink:sake": null, "drinking_water:refill": null, "drinking_water:refill:network": null, "payment:vpay": null, "payment:american_express": null, "source:name": null, "toilets": null, "diet:gluten_free": null, "diet:lactose_free": null, "post_office:id_check": null, "post_office:oversized_item": null, "post_office:packaging": null, "post_office:parcel_from": null, "post_office:parcel_pickup": null, "post_office:parcel_to": null, "post_office:post_bank": null, "post_office:stamps": null, "payment:visa_electron": null, "fair_trade": null, "reusable_packaging:accept": null, "payment:cryptocurrencies": null, "building": "retail", "building:levels": "1", "roof:shape": "gabled", "vending": null, "building:roof": null, "roof:colour": null, "building:colour": null, "height": null, "roof:levels": "1", "roof:height": null, "drink:coffee": null, "contact:facebook": null, "delivery": null, "contact:instagram": null, "payment:netto_app": null, "landuse": null, "indoor": null, "name:ru": null, "room": null }, "geometry": { "type": "Polygon", "coordinates": [ [ [ 13.7927162, 50.9999417 ], [ 13.7924019, 50.9995815 ], [ 13.7927322, 50.9994674 ], [ 13.7929202, 50.9996828 ], [ 13.7929547, 50.9996709 ], [ 13.7929994, 50.9997222 ], [ 13.7930456, 50.9997751 ], [ 13.7927724, 50.9998695 ], [ 13.7928077, 50.99991 ], [ 13.7927162, 50.9999417 ] ] ] } },
{ "type": "Feature", "properties": { "element": "way", "id": 172952626, "addr:city": "Dresden", "addr:housenumber": "31", "addr:postcode": "01097", "addr:street": "Leipziger Straße", "brand": null, "brand:wikidata": null, "brand:wikipedia": null, "check_date:opening_hours": "2024-01-06", "level": null, "name": "Kardesch Market", "opening_hours": "Mo-Sa 09:00-20:00", "shop": "supermarket", "wheelchair": "no", "internet_access": null, "internet_access:access": null, "internet_access:fee": null, "operator": null, "phone": null, "website": null, "addr:country": "DE", "check_date": null, "email": "kardesch.market@gmail.com", "payment:mastercard": null, "payment:visa": null, "payment:cash": null, "payment:girocard": null, "payment:maestro": null, "self_checkout": null, "ref:vatin": null, "payment:credit_cards": null, "operator:tax": null, "ref": null, "diet:halal": "only", "diet:kosher": null, "lastcheck": null, "access": null, "entrance": null, "cash_withdrawal": null, "cash_withdrawal:purchase_minimum": null, "cash_withdrawal:purchase_required": null, "cash_withdrawal:type": null, "drink:bionade": null, "drink:bionade_mate": null, "drink:charitea_mate": null, "drink:club-mate": null, "drink:club-mate_icetea": null, "drink:fritz-kola": null, "drink:fritz-limo": null, "drink:fritz-mischmasch": null, "drink:kolle-kolla": null, "drink:kolle-zotrine": null, "drink:lemonaid": null, "drink:mio_mio_cola": null, "drink:mio_mio_mate": null, "drink:vita_cola": null, "organic": null, "payment:contactless": null, "stroller": null, "start_date": null, "old_name": null, "contact:website": null, "layer": null, "toilets:wheelchair": null, "source": null, "payment:app": null, "payment:apple_pay": null, "payment:cards": null, "payment:coins": null, "payment:google_pay": null, "payment:visa_debit": null, "origin": "turkish", "drink:charitea": null, "drink:kolle-jolle-mate": null, "drink:kolle-mate": null, "payment:debit_cards": null, "operator:wikidata": null, "drink:vita_limo": null, "contact:phone": null, "cash_withdrawal:limit": null, "post_office": null, "post_office:brand": null, "post_office:service_provider": null, "bulk_purchase": null, "dog": null, "air_conditioning": null, "payment:notes": null, "ref:rewe": null, "addr:suburb": null, "membership": null, "access:covid19": null, "alt_name": null, "delivery:covid19": null, "takeaway:covid19": null, "discount:students": null, "currency:EUR": null, "internet_access:password": null, "internet_access:ssid": null, "post_office:brand:wikidata": null, "post_office:brand:wikipedia": null, "ref:deutsche_post": null, "description": null, "payment:mastercard_contactless": null, "payment:sodexo": null, "payment:v_pay": null, "fax": null, "drink:club-mate_granat": null, "opening_date": null, "payment:account_cards": null, "payment:payback_app": null, "wheelchair:description:de": null, "note": null, "cuisine": null, "diet:vegan": null, "diet:vegetarian": null, "contact:email": null, "branch": null, "short_name": null, "drink:kolle-kilimo": null, "drink:kombucha": null, "drink:sake": null, "drinking_water:refill": null, "drinking_water:refill:network": null, "payment:vpay": null, "payment:american_express": null, "source:name": null, "toilets": null, "diet:gluten_free": null, "diet:lactose_free": null, "post_office:id_check": null, "post_office:oversized_item": null, "post_office:packaging": null, "post_office:parcel_from": null, "post_office:parcel_pickup": null, "post_office:parcel_to": null, "post_office:post_bank": null, "post_office:stamps": null, "payment:visa_electron": null, "fair_trade": null, "reusable_packaging:accept": null, "payment:cryptocurrencies": null, "building": "supermarket", "building:levels": "1", "roof:shape": null, "vending": null, "building:roof": null, "roof:colour": null, "building:colour": null, "height": null, "roof:levels": null, "roof:height": null, "drink:coffee": null, "contact:facebook": "Kardesch-market-101182628655875", "delivery": null, "contact:instagram": "kardesch.market", "payment:netto_app": null, "landuse": null, "indoor": null, "name:ru": null, "room": null }, "geometry": { "type": "Polygon", "coordinates": [ [ [ 13.7301799, 51.0688527 ], [ 13.7303823, 51.0689252 ], [ 13.7305832, 51.0687036 ], [ 13.7303808, 51.0686311 ], [ 13.7301799, 51.0688527 ] ] ] } },
{ "type": "Feature", "properties": { "element": "way", "id": 178329011, "addr:city": "Dresden", "addr:housenumber": "36", "addr:postcode": "01219", "addr:street": "Goppelner Straße", "brand": "Netto Marken-Discount", "brand:wikidata": "Q879858", "brand:wikipedia": "de:Netto Marken-Discount", "check_date:opening_hours": "2024-06-27", "level": null, "name": "Netto Marken-Discount", "opening_hours": "Mo-Sa 07:00-21:00", "shop": "supermarket", "wheelchair": "yes", "internet_access": null, "internet_access:access": null, "internet_access:fee": null, "operator": null, "phone": null, "website": "https://www.netto-online.de/filialen/Dresden-Leubnitz-Neuostra/Goppelner-Str-36/4935/", "addr:country": "DE", "check_date": null, "email": null, "payment:mastercard": null, "payment:visa": null, "payment:cash": null, "payment:girocard": null, "payment:maestro": null, "self_checkout": null, "ref:vatin": null, "payment:credit_cards": null, "operator:tax": null, "ref": null, "diet:halal": null, "diet:kosher": null, "lastcheck": null, "access": null, "entrance": null, "cash_withdrawal": null, "cash_withdrawal:purchase_minimum": null, "cash_withdrawal:purchase_required": null, "cash_withdrawal:type": null, "drink:bionade": null, "drink:bionade_mate": null, "drink:charitea_mate": null, "drink:club-mate": null, "drink:club-mate_icetea": null, "drink:fritz-kola": null, "drink:fritz-limo": null, "drink:fritz-mischmasch": null, "drink:kolle-kolla": null, "drink:kolle-zotrine": null, "drink:lemonaid": null, "drink:mio_mio_cola": null, "drink:mio_mio_mate": null, "drink:vita_cola": null, "organic": null, "payment:contactless": null, "stroller": null, "start_date": null, "old_name": null, "contact:website": null, "layer": null, "toilets:wheelchair": null, "source": null, "payment:app": null, "payment:apple_pay": null, "payment:cards": null, "payment:coins": null, "payment:google_pay": null, "payment:visa_debit": null, "origin": null, "drink:charitea": null, "drink:kolle-jolle-mate": null, "drink:kolle-mate": null, "payment:debit_cards": null, "operator:wikidata": null, "drink:vita_limo": null, "contact:phone": null, "cash_withdrawal:limit": null, "post_office": null, "post_office:brand": null, "post_office:service_provider": null, "bulk_purchase": null, "dog": null, "air_conditioning": null, "payment:notes": null, "ref:rewe": null, "addr:suburb": null, "membership": null, "access:covid19": null, "alt_name": null, "delivery:covid19": null, "takeaway:covid19": null, "discount:students": null, "currency:EUR": null, "internet_access:password": null, "internet_access:ssid": null, "post_office:brand:wikidata": null, "post_office:brand:wikipedia": null, "ref:deutsche_post": null, "description": null, "payment:mastercard_contactless": null, "payment:sodexo": null, "payment:v_pay": null, "fax": null, "drink:club-mate_granat": null, "opening_date": null, "payment:account_cards": null, "payment:payback_app": null, "wheelchair:description:de": null, "note": null, "cuisine": null, "diet:vegan": null, "diet:vegetarian": null, "contact:email": null, "branch": null, "short_name": null, "drink:kolle-kilimo": null, "drink:kombucha": null, "drink:sake": null, "drinking_water:refill": null, "drinking_water:refill:network": null, "payment:vpay": null, "payment:american_express": null, "source:name": null, "toilets": null, "diet:gluten_free": null, "diet:lactose_free": null, "post_office:id_check": null, "post_office:oversized_item": null, "post_office:packaging": null, "post_office:parcel_from": null, "post_office:parcel_pickup": null, "post_office:parcel_to": null, "post_office:post_bank": null, "post_office:stamps": null, "payment:visa_electron": null, "fair_trade": null, "reusable_packaging:accept": null, "payment:cryptocurrencies": null, "building": "supermarket", "building:levels": null, "roof:shape": null, "vending": null, "building:roof": null, "roof:colour": null, "building:colour": null, "height": null, "roof:levels": null, "roof:height": null, "drink:coffee": null, "contact:facebook": null, "delivery": null, "contact:instagram": null, "payment:netto_app": null, "landuse": null, "indoor": null, "name:ru": null, "room": null }, "geometry": { "type": "Polygon", "coordinates": [ [ [ 13.7643413, 51.0034656 ], [ 13.764429, 51.0034673 ], [ 13.7644353, 51.0032956 ], [ 13.7643534, 51.0032944 ], [ 13.7643534, 51.0032942 ], [ 13.7643536, 51.0032923 ], [ 13.7639394, 51.0032858 ], [ 13.7639269, 51.0036075 ], [ 13.7643368, 51.0036141 ], [ 13.7643413, 51.0034656 ] ] ] } },
{ "type": "Feature", "properties": { "element": "way", "id": 182623326, "addr:city": "Dresden", "addr:housenumber": "18", "addr:postcode": "01159", "addr:street": "Cottaer Straße", "brand": "PENNY", "brand:wikidata": "Q284688", "brand:wikipedia": "en:Penny (supermarket)", "check_date:opening_hours": null, "level": null, "name": "PENNY", "opening_hours": "Mo-Sa 07:00-21:00", "shop": "supermarket", "wheelchair": "yes", "internet_access": null, "internet_access:access": null, "internet_access:fee": null, "operator": "Penny", "phone": null, "website": null, "addr:country": null, "check_date": null, "email": null, "payment:mastercard": null, "payment:visa": null, "payment:cash": null, "payment:girocard": null, "payment:maestro": null, "self_checkout": null, "ref:vatin": null, "payment:credit_cards": null, "operator:tax": null, "ref": null, "diet:halal": null, "diet:kosher": null, "lastcheck": null, "access": null, "entrance": null, "cash_withdrawal": null, "cash_withdrawal:purchase_minimum": null, "cash_withdrawal:purchase_required": null, "cash_withdrawal:type": null, "drink:bionade": null, "drink:bionade_mate": null, "drink:charitea_mate": null, "drink:club-mate": null, "drink:club-mate_icetea": null, "drink:fritz-kola": null, "drink:fritz-limo": null, "drink:fritz-mischmasch": null, "drink:kolle-kolla": null, "drink:kolle-zotrine": null, "drink:lemonaid": null, "drink:mio_mio_cola": null, "drink:mio_mio_mate": null, "drink:vita_cola": null, "organic": null, "payment:contactless": null, "stroller": null, "start_date": null, "old_name": null, "contact:website": null, "layer": null, "toilets:wheelchair": null, "source": null, "payment:app": null, "payment:apple_pay": null, "payment:cards": null, "payment:coins": null, "payment:google_pay": null, "payment:visa_debit": null, "origin": null, "drink:charitea": null, "drink:kolle-jolle-mate": null, "drink:kolle-mate": null, "payment:debit_cards": null, "operator:wikidata": null, "drink:vita_limo": null, "contact:phone": null, "cash_withdrawal:limit": null, "post_office": null, "post_office:brand": null, "post_office:service_provider": null, "bulk_purchase": null, "dog": null, "air_conditioning": null, "payment:notes": null, "ref:rewe": null, "addr:suburb": null, "membership": null, "access:covid19": null, "alt_name": "Penny Ecke Cottaer Straße", "delivery:covid19": null, "takeaway:covid19": null, "discount:students": null, "currency:EUR": null, "internet_access:password": null, "internet_access:ssid": null, "post_office:brand:wikidata": null, "post_office:brand:wikipedia": null, "ref:deutsche_post": null, "description": null, "payment:mastercard_contactless": null, "payment:sodexo": null, "payment:v_pay": null, "fax": null, "drink:club-mate_granat": null, "opening_date": null, "payment:account_cards": null, "payment:payback_app": null, "wheelchair:description:de": null, "note": null, "cuisine": null, "diet:vegan": null, "diet:vegetarian": null, "contact:email": null, "branch": null, "short_name": null, "drink:kolle-kilimo": null, "drink:kombucha": null, "drink:sake": null, "drinking_water:refill": null, "drinking_water:refill:network": null, "payment:vpay": null, "payment:american_express": null, "source:name": null, "toilets": null, "diet:gluten_free": null, "diet:lactose_free": null, "post_office:id_check": null, "post_office:oversized_item": null, "post_office:packaging": null, "post_office:parcel_from": null, "post_office:parcel_pickup": null, "post_office:parcel_to": null, "post_office:post_bank": null, "post_office:stamps": null, "payment:visa_electron": null, "fair_trade": null, "reusable_packaging:accept": null, "payment:cryptocurrencies": null, "building": "retail", "building:levels": null, "roof:shape": null, "vending": null, "building:roof": null, "roof:colour": null, "building:colour": null, "height": null, "roof:levels": null, "roof:height": null, "drink:coffee": null, "contact:facebook": null, "delivery": null, "contact:instagram": null, "payment:netto_app": null, "landuse": null, "indoor": null, "name:ru": null, "room": null }, "geometry": { "type": "Polygon", "coordinates": [ [ [ 13.7091021, 51.0518372 ], [ 13.7090024, 51.0516339 ], [ 13.708957, 51.0516426 ], [ 13.7088519, 51.0514284 ], [ 13.709255, 51.0513503 ], [ 13.7094797, 51.0518085 ], [ 13.7093637, 51.051831 ], [ 13.7093438, 51.0517903 ], [ 13.7091021, 51.0518372 ] ] ] } },
{ "type": "Feature", "properties": { "element": "way", "id": 184975774, "addr:city": null, "addr:housenumber": "3", "addr:postcode": "01259", "addr:street": "Kleinzschachwitzer Ufer", "brand": "ALDI Nord", "brand:wikidata": "Q41171373", "brand:wikipedia": "en:Aldi", "check_date:opening_hours": "2024-04-06", "level": null, "name": "ALDI Nord", "opening_hours": "Mo-Sa 07:00-20:00", "shop": "supermarket", "wheelchair": "yes", "internet_access": null, "internet_access:access": null, "internet_access:fee": null, "operator": null, "phone": null, "website": null, "addr:country": null, "check_date": null, "email": null, "payment:mastercard": null, "payment:visa": null, "payment:cash": null, "payment:girocard": null, "payment:maestro": null, "self_checkout": null, "ref:vatin": null, "payment:credit_cards": null, "operator:tax": null, "ref": null, "diet:halal": null, "diet:kosher": null, "lastcheck": null, "access": null, "entrance": null, "cash_withdrawal": null, "cash_withdrawal:purchase_minimum": null, "cash_withdrawal:purchase_required": null, "cash_withdrawal:type": null, "drink:bionade": null, "drink:bionade_mate": null, "drink:charitea_mate": null, "drink:club-mate": null, "drink:club-mate_icetea": null, "drink:fritz-kola": null, "drink:fritz-limo": null, "drink:fritz-mischmasch": null, "drink:kolle-kolla": null, "drink:kolle-zotrine": null, "drink:lemonaid": null, "drink:mio_mio_cola": null, "drink:mio_mio_mate": null, "drink:vita_cola": null, "organic": null, "payment:contactless": null, "stroller": null, "start_date": null, "old_name": null, "contact:website": null, "layer": null, "toilets:wheelchair": null, "source": null, "payment:app": null, "payment:apple_pay": null, "payment:cards": null, "payment:coins": null, "payment:google_pay": null, "payment:visa_debit": null, "origin": null, "drink:charitea": null, "drink:kolle-jolle-mate": null, "drink:kolle-mate": null, "payment:debit_cards": null, "operator:wikidata": null, "drink:vita_limo": null, "contact:phone": null, "cash_withdrawal:limit": null, "post_office": null, "post_office:brand": null, "post_office:service_provider": null, "bulk_purchase": null, "dog": null, "air_conditioning": null, "payment:notes": null, "ref:rewe": null, "addr:suburb": null, "membership": null, "access:covid19": null, "alt_name": null, "delivery:covid19": null, "takeaway:covid19": null, "discount:students": null, "currency:EUR": null, "internet_access:password": null, "internet_access:ssid": null, "post_office:brand:wikidata": null, "post_office:brand:wikipedia": null, "ref:deutsche_post": null, "description": null, "payment:mastercard_contactless": null, "payment:sodexo": null, "payment:v_pay": null, "fax": null, "drink:club-mate_granat": null, "opening_date": null, "payment:account_cards": null, "payment:payback_app": null, "wheelchair:description:de": null, "note": null, "cuisine": null, "diet:vegan": null, "diet:vegetarian": null, "contact:email": null, "branch": null, "short_name": null, "drink:kolle-kilimo": null, "drink:kombucha": null, "drink:sake": null, "drinking_water:refill": null, "drinking_water:refill:network": null, "payment:vpay": null, "payment:american_express": null, "source:name": null, "toilets": null, "diet:gluten_free": null, "diet:lactose_free": null, "post_office:id_check": null, "post_office:oversized_item": null, "post_office:packaging": null, "post_office:parcel_from": null, "post_office:parcel_pickup": null, "post_office:parcel_to": null, "post_office:post_bank": null, "post_office:stamps": null, "payment:visa_electron": null, "fair_trade": null, "reusable_packaging:accept": null, "payment:cryptocurrencies": null, "building": "retail", "building:levels": "1", "roof:shape": "gabled", "vending": null, "building:roof": null, "roof:colour": "black", "building:colour": null, "height": null, "roof:levels": null, "roof:height": null, "drink:coffee": null, "contact:facebook": null, "delivery": null, "contact:instagram": null, "payment:netto_app": null, "landuse": null, "indoor": null, "name:ru": null, "room": null }, "geometry": { "type": "Polygon", "coordinates": [ [ [ 13.8452416, 51.0177567 ], [ 13.8448566, 51.0181177 ], [ 13.844781, 51.0180858 ], [ 13.8448149, 51.0180541 ], [ 13.8445815, 51.0179557 ], [ 13.8448144, 51.0177373 ], [ 13.8447778, 51.0177219 ], [ 13.8448961, 51.0176109 ], [ 13.8452416, 51.0177567 ] ] ] } },
{ "type": "Feature", "properties": { "element": "way", "id": 198376810, "addr:city": "Dresden", "addr:housenumber": "76", "addr:postcode": "01127", "addr:street": "Leipziger Straße", "brand": "Lidl", "brand:wikidata": "Q151954", "brand:wikipedia": null, "check_date:opening_hours": null, "level": null, "name": "Lidl", "opening_hours": "Mo-Sa 07:00-21:00", "shop": "supermarket", "wheelchair": "yes", "internet_access": "wlan", "internet_access:access": null, "internet_access:fee": "customers", "operator": null, "phone": null, "website": null, "addr:country": null, "check_date": null, "email": null, "payment:mastercard": null, "payment:visa": null, "payment:cash": null, "payment:girocard": null, "payment:maestro": null, "self_checkout": null, "ref:vatin": null, "payment:credit_cards": null, "operator:tax": null, "ref": null, "diet:halal": null, "diet:kosher": null, "lastcheck": null, "access": null, "entrance": null, "cash_withdrawal": null, "cash_withdrawal:purchase_minimum": null, "cash_withdrawal:purchase_required": null, "cash_withdrawal:type": null, "drink:bionade": null, "drink:bionade_mate": null, "drink:charitea_mate": null, "drink:club-mate": null, "drink:club-mate_icetea": null, "drink:fritz-kola": null, "drink:fritz-limo": null, "drink:fritz-mischmasch": null, "drink:kolle-kolla": null, "drink:kolle-zotrine": null, "drink:lemonaid": null, "drink:mio_mio_cola": null, "drink:mio_mio_mate": null, "drink:vita_cola": null, "organic": null, "payment:contactless": null, "stroller": null, "start_date": null, "old_name": null, "contact:website": null, "layer": null, "toilets:wheelchair": null, "source": null, "payment:app": null, "payment:apple_pay": null, "payment:cards": null, "payment:coins": null, "payment:google_pay": null, "payment:visa_debit": null, "origin": null, "drink:charitea": null, "drink:kolle-jolle-mate": null, "drink:kolle-mate": null, "payment:debit_cards": null, "operator:wikidata": null, "drink:vita_limo": null, "contact:phone": null, "cash_withdrawal:limit": null, "post_office": null, "post_office:brand": null, "post_office:service_provider": null, "bulk_purchase": null, "dog": null, "air_conditioning": null, "payment:notes": null, "ref:rewe": null, "addr:suburb": null, "membership": null, "access:covid19": null, "alt_name": null, "delivery:covid19": null, "takeaway:covid19": null, "discount:students": null, "currency:EUR": null, "internet_access:password": null, "internet_access:ssid": null, "post_office:brand:wikidata": null, "post_office:brand:wikipedia": null, "ref:deutsche_post": null, "description": null, "payment:mastercard_contactless": null, "payment:sodexo": null, "payment:v_pay": null, "fax": null, "drink:club-mate_granat": null, "opening_date": null, "payment:account_cards": null, "payment:payback_app": null, "wheelchair:description:de": null, "note": null, "cuisine": null, "diet:vegan": null, "diet:vegetarian": null, "contact:email": null, "branch": null, "short_name": null, "drink:kolle-kilimo": null, "drink:kombucha": null, "drink:sake": null, "drinking_water:refill": null, "drinking_water:refill:network": null, "payment:vpay": null, "payment:american_express": null, "source:name": null, "toilets": null, "diet:gluten_free": null, "diet:lactose_free": null, "post_office:id_check": null, "post_office:oversized_item": null, "post_office:packaging": null, "post_office:parcel_from": null, "post_office:parcel_pickup": null, "post_office:parcel_to": null, "post_office:post_bank": null, "post_office:stamps": null, "payment:visa_electron": null, "fair_trade": null, "reusable_packaging:accept": null, "payment:cryptocurrencies": null, "building": "retail", "building:levels": "1", "roof:shape": "flat", "vending": null, "building:roof": null, "roof:colour": null, "building:colour": null, "height": null, "roof:levels": "0", "roof:height": null, "drink:coffee": null, "contact:facebook": null, "delivery": null, "contact:instagram": null, "payment:netto_app": null, "landuse": null, "indoor": null, "name:ru": null, "room": null }, "geometry": { "type": "Polygon", "coordinates": [ [ [ 13.7241769, 51.0749493 ], [ 13.7242643, 51.0749072 ], [ 13.7242371, 51.0748875 ], [ 13.7242146, 51.0748711 ], [ 13.7244048, 51.0747692 ], [ 13.7242664, 51.0746702 ], [ 13.7243215, 51.074641 ], [ 13.7240858, 51.0744677 ], [ 13.7238931, 51.0743272 ], [ 13.7238515, 51.0742959 ], [ 13.7237936, 51.0743299 ], [ 13.7237356, 51.0743713 ], [ 13.7236062, 51.0744637 ], [ 13.7236788, 51.0745171 ], [ 13.7236078, 51.0745494 ], [ 13.7237002, 51.0745995 ], [ 13.7237611, 51.0746442 ], [ 13.7241769, 51.0749493 ] ] ] } },
{ "type": "Feature", "properties": { "element": "way", "id": 199130330, "addr:city": "Dresden", "addr:housenumber": "62", "addr:postcode": "01127", "addr:street": "Bürgerstraße", "brand": "Netto Marken-Discount", "brand:wikidata": "Q879858", "brand:wikipedia": null, "check_date:opening_hours": "2024-01-02", "level": null, "name": "Netto Marken-Discount", "opening_hours": "Mo-Sa 07:00-21:00", "shop": "supermarket", "wheelchair": "yes", "internet_access": null, "internet_access:access": null, "internet_access:fee": null, "operator": null, "phone": null, "website": "https://www.netto-online.de/filialen/Dresden/Buergerstrasse-62/8681/", "addr:country": "DE", "check_date": null, "email": null, "payment:mastercard": null, "payment:visa": null, "payment:cash": null, "payment:girocard": null, "payment:maestro": null, "self_checkout": null, "ref:vatin": null, "payment:credit_cards": null, "operator:tax": null, "ref": null, "diet:halal": null, "diet:kosher": null, "lastcheck": null, "access": null, "entrance": null, "cash_withdrawal": null, "cash_withdrawal:purchase_minimum": null, "cash_withdrawal:purchase_required": null, "cash_withdrawal:type": null, "drink:bionade": null, "drink:bionade_mate": null, "drink:charitea_mate": null, "drink:club-mate": null, "drink:club-mate_icetea": null, "drink:fritz-kola": null, "drink:fritz-limo": null, "drink:fritz-mischmasch": null, "drink:kolle-kolla": null, "drink:kolle-zotrine": null, "drink:lemonaid": null, "drink:mio_mio_cola": null, "drink:mio_mio_mate": null, "drink:vita_cola": null, "organic": null, "payment:contactless": null, "stroller": null, "start_date": null, "old_name": null, "contact:website": null, "layer": null, "toilets:wheelchair": null, "source": null, "payment:app": null, "payment:apple_pay": null, "payment:cards": null, "payment:coins": null, "payment:google_pay": null, "payment:visa_debit": null, "origin": null, "drink:charitea": null, "drink:kolle-jolle-mate": null, "drink:kolle-mate": null, "payment:debit_cards": null, "operator:wikidata": null, "drink:vita_limo": null, "contact:phone": null, "cash_withdrawal:limit": null, "post_office": null, "post_office:brand": null, "post_office:service_provider": null, "bulk_purchase": null, "dog": null, "air_conditioning": null, "payment:notes": null, "ref:rewe": null, "addr:suburb": null, "membership": null, "access:covid19": null, "alt_name": null, "delivery:covid19": null, "takeaway:covid19": null, "discount:students": null, "currency:EUR": null, "internet_access:password": null, "internet_access:ssid": null, "post_office:brand:wikidata": null, "post_office:brand:wikipedia": null, "ref:deutsche_post": null, "description": null, "payment:mastercard_contactless": null, "payment:sodexo": null, "payment:v_pay": null, "fax": null, "drink:club-mate_granat": null, "opening_date": null, "payment:account_cards": null, "payment:payback_app": null, "wheelchair:description:de": null, "note": null, "cuisine": null, "diet:vegan": null, "diet:vegetarian": null, "contact:email": null, "branch": null, "short_name": null, "drink:kolle-kilimo": null, "drink:kombucha": null, "drink:sake": null, "drinking_water:refill": null, "drinking_water:refill:network": null, "payment:vpay": null, "payment:american_express": null, "source:name": null, "toilets": null, "diet:gluten_free": null, "diet:lactose_free": null, "post_office:id_check": null, "post_office:oversized_item": null, "post_office:packaging": null, "post_office:parcel_from": null, "post_office:parcel_pickup": null, "post_office:parcel_to": null, "post_office:post_bank": null, "post_office:stamps": null, "payment:visa_electron": null, "fair_trade": null, "reusable_packaging:accept": null, "payment:cryptocurrencies": null, "building": "commercial", "building:levels": null, "roof:shape": null, "vending": null, "building:roof": null, "roof:colour": null, "building:colour": null, "height": null, "roof:levels": null, "roof:height": null, "drink:coffee": null, "contact:facebook": null, "delivery": null, "contact:instagram": null, "payment:netto_app": null, "landuse": null, "indoor": null, "name:ru": null, "room": null }, "geometry": { "type": "Polygon", "coordinates": [ [ [ 13.718951, 51.077772 ], [ 13.7189004, 51.0775114 ], [ 13.7192815, 51.0774822 ], [ 13.7192895, 51.0775233 ], [ 13.7192958, 51.0775562 ], [ 13.719354, 51.0775518 ], [ 13.7193623, 51.0775945 ], [ 13.7193903, 51.0777383 ], [ 13.7193293, 51.077743 ], [ 13.7191325, 51.0777581 ], [ 13.718951, 51.077772 ] ] ] } },
{ "type": "Feature", "properties": { "element": "way", "id": 200948696, "addr:city": "Dresden", "addr:housenumber": "38", "addr:postcode": "01187", "addr:street": "Münchner Straße", "brand": "Konsum Dresden", "brand:wikidata": "Q1618877", "brand:wikipedia": "de:Konsum Dresden", "check_date:opening_hours": "2023-10-06", "level": null, "name": "Konsum", "opening_hours": "Mo-Sa 07:00-20:00", "shop": "supermarket", "wheelchair": "yes", "internet_access": "wlan", "internet_access:access": "customers", "internet_access:fee": "no", "operator": "KONSUM DRESDEN eG", "phone": null, "website": "https://www.konsum.de/", "addr:country": "DE", "check_date": null, "email": null, "payment:mastercard": null, "payment:visa": null, "payment:cash": null, "payment:girocard": null, "payment:maestro": null, "self_checkout": null, "ref:vatin": null, "payment:credit_cards": null, "operator:tax": null, "ref": null, "diet:halal": null, "diet:kosher": "no", "lastcheck": null, "access": null, "entrance": null, "cash_withdrawal": null, "cash_withdrawal:purchase_minimum": null, "cash_withdrawal:purchase_required": null, "cash_withdrawal:type": null, "drink:bionade": null, "drink:bionade_mate": null, "drink:charitea_mate": null, "drink:club-mate": null, "drink:club-mate_icetea": null, "drink:fritz-kola": null, "drink:fritz-limo": null, "drink:fritz-mischmasch": null, "drink:kolle-kolla": null, "drink:kolle-zotrine": null, "drink:lemonaid": null, "drink:mio_mio_cola": null, "drink:mio_mio_mate": null, "drink:vita_cola": null, "organic": null, "payment:contactless": null, "stroller": null, "start_date": null, "old_name": null, "contact:website": null, "layer": null, "toilets:wheelchair": null, "source": null, "payment:app": null, "payment:apple_pay": null, "payment:cards": null, "payment:coins": null, "payment:google_pay": null, "payment:visa_debit": null, "origin": null, "drink:charitea": null, "drink:kolle-jolle-mate": null, "drink:kolle-mate": null, "payment:debit_cards": null, "operator:wikidata": null, "drink:vita_limo": null, "contact:phone": null, "cash_withdrawal:limit": null, "post_office": null, "post_office:brand": null, "post_office:service_provider": null, "bulk_purchase": null, "dog": null, "air_conditioning": null, "payment:notes": null, "ref:rewe": null, "addr:suburb": null, "membership": null, "access:covid19": null, "alt_name": null, "delivery:covid19": null, "takeaway:covid19": null, "discount:students": null, "currency:EUR": null, "internet_access:password": null, "internet_access:ssid": null, "post_office:brand:wikidata": null, "post_office:brand:wikipedia": null, "ref:deutsche_post": null, "description": null, "payment:mastercard_contactless": null, "payment:sodexo": null, "payment:v_pay": null, "fax": null, "drink:club-mate_granat": null, "opening_date": null, "payment:account_cards": null, "payment:payback_app": null, "wheelchair:description:de": null, "note": null, "cuisine": null, "diet:vegan": null, "diet:vegetarian": null, "contact:email": null, "branch": null, "short_name": null, "drink:kolle-kilimo": null, "drink:kombucha": null, "drink:sake": null, "drinking_water:refill": null, "drinking_water:refill:network": null, "payment:vpay": null, "payment:american_express": null, "source:name": null, "toilets": null, "diet:gluten_free": null, "diet:lactose_free": null, "post_office:id_check": null, "post_office:oversized_item": null, "post_office:packaging": null, "post_office:parcel_from": null, "post_office:parcel_pickup": null, "post_office:parcel_to": null, "post_office:post_bank": null, "post_office:stamps": null, "payment:visa_electron": null, "fair_trade": null, "reusable_packaging:accept": null, "payment:cryptocurrencies": null, "building": "retail", "building:levels": "1", "roof:shape": "flat", "vending": null, "building:roof": null, "roof:colour": null, "building:colour": null, "height": null, "roof:levels": null, "roof:height": null, "drink:coffee": null, "contact:facebook": null, "delivery": null, "contact:instagram": null, "payment:netto_app": null, "landuse": null, "indoor": null, "name:ru": null, "room": null }, "geometry": { "type": "Polygon", "coordinates": [ [ [ 13.7190526, 51.0293066 ], [ 13.7189368, 51.0294404 ], [ 13.7187142, 51.0293642 ], [ 13.71883, 51.0292304 ], [ 13.7190526, 51.0293066 ] ] ] } },
{ "type": "Feature", "properties": { "element": "way", "id": 207912870, "addr:city": "Dresden", "addr:housenumber": "22", "addr:postcode": "01328", "addr:street": "Pappritzer Straße", "brand": "diska", "brand:wikidata": "Q62390177", "brand:wikipedia": null, "check_date:opening_hours": null, "level": null, "name": "diska", "opening_hours": "Mo-Sa 07:00-20:00", "shop": "supermarket", "wheelchair": null, "internet_access": null, "internet_access:access": null, "internet_access:fee": null, "operator": null, "phone": null, "website": null, "addr:country": null, "check_date": null, "email": null, "payment:mastercard": null, "payment:visa": null, "payment:cash": null, "payment:girocard": null, "payment:maestro": null, "self_checkout": null, "ref:vatin": null, "payment:credit_cards": null, "operator:tax": null, "ref": null, "diet:halal": null, "diet:kosher": null, "lastcheck": null, "access": null, "entrance": null, "cash_withdrawal": null, "cash_withdrawal:purchase_minimum": null, "cash_withdrawal:purchase_required": null, "cash_withdrawal:type": null, "drink:bionade": null, "drink:bionade_mate": null, "drink:charitea_mate": null, "drink:club-mate": null, "drink:club-mate_icetea": null, "drink:fritz-kola": null, "drink:fritz-limo": null, "drink:fritz-mischmasch": null, "drink:kolle-kolla": null, "drink:kolle-zotrine": null, "drink:lemonaid": null, "drink:mio_mio_cola": null, "drink:mio_mio_mate": null, "drink:vita_cola": null, "organic": null, "payment:contactless": null, "stroller": null, "start_date": null, "old_name": null, "contact:website": null, "layer": null, "toilets:wheelchair": null, "source": null, "payment:app": null, "payment:apple_pay": null, "payment:cards": null, "payment:coins": null, "payment:google_pay": null, "payment:visa_debit": null, "origin": null, "drink:charitea": null, "drink:kolle-jolle-mate": null, "drink:kolle-mate": null, "payment:debit_cards": null, "operator:wikidata": null, "drink:vita_limo": null, "contact:phone": null, "cash_withdrawal:limit": null, "post_office": null, "post_office:brand": null, "post_office:service_provider": null, "bulk_purchase": null, "dog": null, "air_conditioning": null, "payment:notes": null, "ref:rewe": null, "addr:suburb": null, "membership": null, "access:covid19": null, "alt_name": null, "delivery:covid19": null, "takeaway:covid19": null, "discount:students": null, "currency:EUR": null, "internet_access:password": null, "internet_access:ssid": null, "post_office:brand:wikidata": null, "post_office:brand:wikipedia": null, "ref:deutsche_post": null, "description": null, "payment:mastercard_contactless": null, "payment:sodexo": null, "payment:v_pay": null, "fax": null, "drink:club-mate_granat": null, "opening_date": null, "payment:account_cards": null, "payment:payback_app": null, "wheelchair:description:de": null, "note": null, "cuisine": null, "diet:vegan": null, "diet:vegetarian": null, "contact:email": null, "branch": null, "short_name": null, "drink:kolle-kilimo": null, "drink:kombucha": null, "drink:sake": null, "drinking_water:refill": null, "drinking_water:refill:network": null, "payment:vpay": null, "payment:american_express": null, "source:name": null, "toilets": null, "diet:gluten_free": null, "diet:lactose_free": null, "post_office:id_check": null, "post_office:oversized_item": null, "post_office:packaging": null, "post_office:parcel_from": null, "post_office:parcel_pickup": null, "post_office:parcel_to": null, "post_office:post_bank": null, "post_office:stamps": null, "payment:visa_electron": null, "fair_trade": null, "reusable_packaging:accept": null, "payment:cryptocurrencies": null, "building": "retail", "building:levels": null, "roof:shape": null, "vending": null, "building:roof": null, "roof:colour": null, "building:colour": null, "height": null, "roof:levels": null, "roof:height": null, "drink:coffee": null, "contact:facebook": null, "delivery": null, "contact:instagram": null, "payment:netto_app": null, "landuse": null, "indoor": null, "name:ru": null, "room": null }, "geometry": { "type": "Polygon", "coordinates": [ [ [ 13.8647737, 51.0456959 ], [ 13.8645267, 51.0456103 ], [ 13.8642541, 51.0455159 ], [ 13.8640912, 51.0457017 ], [ 13.8647304, 51.0459231 ], [ 13.8647973, 51.0458467 ], [ 13.8646778, 51.0458053 ], [ 13.8647737, 51.0456959 ] ] ] } },
{ "type": "Feature", "properties": { "element": "way", "id": 230352219, "addr:city": null, "addr:housenumber": null, "addr:postcode": null, "addr:street": null, "brand": "EDEKA", "brand:wikidata": "Q701755", "brand:wikipedia": null, "check_date:opening_hours": null, "level": null, "name": "EDEKA", "opening_hours": "Mo-Fr 07:00-21:00; Sa 07:00-21:00", "shop": "supermarket", "wheelchair": "yes", "internet_access": null, "internet_access:access": null, "internet_access:fee": null, "operator": null, "phone": null, "website": "https://www.edeka.de/eh/nordbayern-sachsen-th%C3%BCringen/edeka-zschabran-gro%C3%9Fenhainer-stra%C3%9Fe-109/index.jsp", "addr:country": null, "check_date": null, "email": null, "payment:mastercard": null, "payment:visa": null, "payment:cash": null, "payment:girocard": null, "payment:maestro": null, "self_checkout": null, "ref:vatin": null, "payment:credit_cards": null, "operator:tax": null, "ref": null, "diet:halal": null, "diet:kosher": null, "lastcheck": null, "access": null, "entrance": null, "cash_withdrawal": null, "cash_withdrawal:purchase_minimum": null, "cash_withdrawal:purchase_required": null, "cash_withdrawal:type": null, "drink:bionade": null, "drink:bionade_mate": null, "drink:charitea_mate": null, "drink:club-mate": null, "drink:club-mate_icetea": null, "drink:fritz-kola": null, "drink:fritz-limo": null, "drink:fritz-mischmasch": null, "drink:kolle-kolla": null, "drink:kolle-zotrine": null, "drink:lemonaid": null, "drink:mio_mio_cola": null, "drink:mio_mio_mate": null, "drink:vita_cola": null, "organic": null, "payment:contactless": null, "stroller": null, "start_date": null, "old_name": null, "contact:website": null, "layer": null, "toilets:wheelchair": null, "source": null, "payment:app": null, "payment:apple_pay": null, "payment:cards": null, "payment:coins": null, "payment:google_pay": null, "payment:visa_debit": null, "origin": null, "drink:charitea": null, "drink:kolle-jolle-mate": null, "drink:kolle-mate": null, "payment:debit_cards": null, "operator:wikidata": null, "drink:vita_limo": null, "contact:phone": null, "cash_withdrawal:limit": null, "post_office": null, "post_office:brand": null, "post_office:service_provider": null, "bulk_purchase": null, "dog": null, "air_conditioning": null, "payment:notes": null, "ref:rewe": null, "addr:suburb": null, "membership": null, "access:covid19": null, "alt_name": null, "delivery:covid19": null, "takeaway:covid19": null, "discount:students": null, "currency:EUR": null, "internet_access:password": null, "internet_access:ssid": null, "post_office:brand:wikidata": null, "post_office:brand:wikipedia": null, "ref:deutsche_post": null, "description": null, "payment:mastercard_contactless": null, "payment:sodexo": null, "payment:v_pay": null, "fax": null, "drink:club-mate_granat": null, "opening_date": null, "payment:account_cards": null, "payment:payback_app": null, "wheelchair:description:de": null, "note": null, "cuisine": null, "diet:vegan": null, "diet:vegetarian": null, "contact:email": null, "branch": null, "short_name": null, "drink:kolle-kilimo": null, "drink:kombucha": null, "drink:sake": null, "drinking_water:refill": null, "drinking_water:refill:network": null, "payment:vpay": null, "payment:american_express": null, "source:name": null, "toilets": null, "diet:gluten_free": null, "diet:lactose_free": null, "post_office:id_check": null, "post_office:oversized_item": null, "post_office:packaging": null, "post_office:parcel_from": null, "post_office:parcel_pickup": null, "post_office:parcel_to": null, "post_office:post_bank": null, "post_office:stamps": null, "payment:visa_electron": null, "fair_trade": null, "reusable_packaging:accept": null, "payment:cryptocurrencies": null, "building": "commercial", "building:levels": "1", "roof:shape": "flat", "vending": null, "building:roof": null, "roof:colour": null, "building:colour": null, "height": null, "roof:levels": "0", "roof:height": null, "drink:coffee": null, "contact:facebook": null, "delivery": null, "contact:instagram": null, "payment:netto_app": null, "landuse": null, "indoor": null, "name:ru": null, "room": null }, "geometry": { "type": "Polygon", "coordinates": [ [ [ 13.7287012, 51.0822375 ], [ 13.7296279, 51.0826936 ], [ 13.7295964, 51.0827264 ], [ 13.7295414, 51.0827836 ], [ 13.7294348, 51.0827296 ], [ 13.7293573, 51.0826945 ], [ 13.7291871, 51.0828666 ], [ 13.7291103, 51.0828351 ], [ 13.7290611, 51.0828149 ], [ 13.7289978, 51.0827889 ], [ 13.7284098, 51.0825471 ], [ 13.7285643, 51.0823965 ], [ 13.7285349, 51.0823831 ], [ 13.7285086, 51.0823712 ], [ 13.7287012, 51.0822375 ] ] ] } },
{ "type": "Feature", "properties": { "element": "way", "id": 237742887, "addr:city": "Dresden", "addr:housenumber": "149", "addr:postcode": "01324", "addr:street": "Bautzner Landstraße", "brand": "ALDI Nord", "brand:wikidata": "Q41171373", "brand:wikipedia": "en:Aldi", "check_date:opening_hours": null, "level": null, "name": "Aldi", "opening_hours": "Mo-Sa 07:00-20:00", "shop": "supermarket", "wheelchair": "yes", "internet_access": null, "internet_access:access": null, "internet_access:fee": null, "operator": null, "phone": null, "website": null, "addr:country": "DE", "check_date": null, "email": null, "payment:mastercard": null, "payment:visa": null, "payment:cash": null, "payment:girocard": null, "payment:maestro": null, "self_checkout": null, "ref:vatin": null, "payment:credit_cards": null, "operator:tax": null, "ref": null, "diet:halal": null, "diet:kosher": null, "lastcheck": null, "access": null, "entrance": null, "cash_withdrawal": null, "cash_withdrawal:purchase_minimum": null, "cash_withdrawal:purchase_required": null, "cash_withdrawal:type": null, "drink:bionade": null, "drink:bionade_mate": null, "drink:charitea_mate": null, "drink:club-mate": null, "drink:club-mate_icetea": null, "drink:fritz-kola": null, "drink:fritz-limo": null, "drink:fritz-mischmasch": null, "drink:kolle-kolla": null, "drink:kolle-zotrine": null, "drink:lemonaid": null, "drink:mio_mio_cola": null, "drink:mio_mio_mate": null, "drink:vita_cola": null, "organic": null, "payment:contactless": null, "stroller": null, "start_date": null, "old_name": null, "contact:website": null, "layer": null, "toilets:wheelchair": null, "source": null, "payment:app": null, "payment:apple_pay": null, "payment:cards": null, "payment:coins": null, "payment:google_pay": null, "payment:visa_debit": null, "origin": null, "drink:charitea": null, "drink:kolle-jolle-mate": null, "drink:kolle-mate": null, "payment:debit_cards": null, "operator:wikidata": null, "drink:vita_limo": null, "contact:phone": null, "cash_withdrawal:limit": null, "post_office": null, "post_office:brand": null, "post_office:service_provider": null, "bulk_purchase": null, "dog": null, "air_conditioning": null, "payment:notes": null, "ref:rewe": null, "addr:suburb": null, "membership": null, "access:covid19": null, "alt_name": null, "delivery:covid19": null, "takeaway:covid19": null, "discount:students": null, "currency:EUR": null, "internet_access:password": null, "internet_access:ssid": null, "post_office:brand:wikidata": null, "post_office:brand:wikipedia": null, "ref:deutsche_post": null, "description": null, "payment:mastercard_contactless": null, "payment:sodexo": null, "payment:v_pay": null, "fax": null, "drink:club-mate_granat": null, "opening_date": null, "payment:account_cards": null, "payment:payback_app": null, "wheelchair:description:de": null, "note": null, "cuisine": null, "diet:vegan": null, "diet:vegetarian": null, "contact:email": null, "branch": null, "short_name": null, "drink:kolle-kilimo": null, "drink:kombucha": null, "drink:sake": null, "drinking_water:refill": null, "drinking_water:refill:network": null, "payment:vpay": null, "payment:american_express": null, "source:name": null, "toilets": null, "diet:gluten_free": null, "diet:lactose_free": null, "post_office:id_check": null, "post_office:oversized_item": null, "post_office:packaging": null, "post_office:parcel_from": null, "post_office:parcel_pickup": null, "post_office:parcel_to": null, "post_office:post_bank": null, "post_office:stamps": null, "payment:visa_electron": null, "fair_trade": null, "reusable_packaging:accept": null, "payment:cryptocurrencies": null, "building": "retail", "building:levels": "1", "roof:shape": "flat", "vending": null, "building:roof": null, "roof:colour": null, "building:colour": null, "height": null, "roof:levels": null, "roof:height": null, "drink:coffee": null, "contact:facebook": null, "delivery": null, "contact:instagram": null, "payment:netto_app": null, "landuse": null, "indoor": null, "name:ru": null, "room": null }, "geometry": { "type": "Polygon", "coordinates": [ [ [ 13.8510223, 51.062408 ], [ 13.8505401, 51.062154 ], [ 13.8508188, 51.0619509 ], [ 13.8509703, 51.0620276 ], [ 13.8509341, 51.062053 ], [ 13.8512561, 51.0622196 ], [ 13.8511158, 51.0623312 ], [ 13.8511715, 51.0623602 ], [ 13.8511085, 51.0624076 ], [ 13.8510223, 51.062408 ] ] ] } },
{ "type": "Feature", "properties": { "element": "way", "id": 304265380, "addr:city": "Dresden", "addr:housenumber": "162", "addr:postcode": "01324", "addr:street": "Bautzner Landstraße", "brand": "Netto", "brand:wikidata": "Q552652", "brand:wikipedia": null, "check_date:opening_hours": "2022-05-05", "level": null, "name": "Netto", "opening_hours": "Mo-Sa 07:00-21:00", "shop": "supermarket", "wheelchair": null, "internet_access": null, "internet_access:access": null, "internet_access:fee": null, "operator": "Netto ApS & Co. KG, Preetzer Str. 22, 17153 Reuterstadt Stavenhagen", "phone": null, "website": "https://www.netto.de/", "addr:country": "DE", "check_date": null, "email": null, "payment:mastercard": null, "payment:visa": null, "payment:cash": null, "payment:girocard": null, "payment:maestro": null, "self_checkout": null, "ref:vatin": null, "payment:credit_cards": null, "operator:tax": null, "ref": null, "diet:halal": null, "diet:kosher": null, "lastcheck": null, "access": null, "entrance": null, "cash_withdrawal": null, "cash_withdrawal:purchase_minimum": null, "cash_withdrawal:purchase_required": null, "cash_withdrawal:type": null, "drink:bionade": null, "drink:bionade_mate": null, "drink:charitea_mate": null, "drink:club-mate": null, "drink:club-mate_icetea": null, "drink:fritz-kola": null, "drink:fritz-limo": null, "drink:fritz-mischmasch": null, "drink:kolle-kolla": null, "drink:kolle-zotrine": null, "drink:lemonaid": null, "drink:mio_mio_cola": null, "drink:mio_mio_mate": null, "drink:vita_cola": null, "organic": null, "payment:contactless": null, "stroller": null, "start_date": null, "old_name": null, "contact:website": null, "layer": null, "toilets:wheelchair": null, "source": null, "payment:app": null, "payment:apple_pay": null, "payment:cards": null, "payment:coins": null, "payment:google_pay": null, "payment:visa_debit": null, "origin": null, "drink:charitea": null, "drink:kolle-jolle-mate": null, "drink:kolle-mate": null, "payment:debit_cards": null, "operator:wikidata": null, "drink:vita_limo": null, "contact:phone": null, "cash_withdrawal:limit": null, "post_office": null, "post_office:brand": null, "post_office:service_provider": null, "bulk_purchase": null, "dog": null, "air_conditioning": null, "payment:notes": null, "ref:rewe": null, "addr:suburb": null, "membership": null, "access:covid19": null, "alt_name": null, "delivery:covid19": null, "takeaway:covid19": null, "discount:students": null, "currency:EUR": null, "internet_access:password": null, "internet_access:ssid": null, "post_office:brand:wikidata": null, "post_office:brand:wikipedia": null, "ref:deutsche_post": null, "description": null, "payment:mastercard_contactless": null, "payment:sodexo": null, "payment:v_pay": null, "fax": null, "drink:club-mate_granat": null, "opening_date": null, "payment:account_cards": null, "payment:payback_app": null, "wheelchair:description:de": null, "note": null, "cuisine": null, "diet:vegan": null, "diet:vegetarian": null, "contact:email": null, "branch": null, "short_name": null, "drink:kolle-kilimo": null, "drink:kombucha": null, "drink:sake": null, "drinking_water:refill": null, "drinking_water:refill:network": null, "payment:vpay": null, "payment:american_express": null, "source:name": null, "toilets": null, "diet:gluten_free": null, "diet:lactose_free": null, "post_office:id_check": null, "post_office:oversized_item": null, "post_office:packaging": null, "post_office:parcel_from": null, "post_office:parcel_pickup": null, "post_office:parcel_to": null, "post_office:post_bank": null, "post_office:stamps": null, "payment:visa_electron": null, "fair_trade": null, "reusable_packaging:accept": null, "payment:cryptocurrencies": null, "building": "retail", "building:levels": null, "roof:shape": null, "vending": null, "building:roof": null, "roof:colour": null, "building:colour": null, "height": null, "roof:levels": null, "roof:height": null, "drink:coffee": null, "contact:facebook": null, "delivery": null, "contact:instagram": null, "payment:netto_app": null, "landuse": null, "indoor": null, "name:ru": null, "room": null }, "geometry": { "type": "Polygon", "coordinates": [ [ [ 13.8572484, 51.0610772 ], [ 13.8576604, 51.0609751 ], [ 13.8574123, 51.0605797 ], [ 13.8573261, 51.0606011 ], [ 13.8573583, 51.0606525 ], [ 13.8571015, 51.0607161 ], [ 13.8571341, 51.0607681 ], [ 13.8572086, 51.0608868 ], [ 13.8572164, 51.0608993 ], [ 13.8571475, 51.0609164 ], [ 13.8572161, 51.0610256 ], [ 13.8572484, 51.0610772 ] ] ] } },
{ "type": "Feature", "properties": { "element": "way", "id": 372885012, "addr:city": "Dresden", "addr:housenumber": "1", "addr:postcode": "01157", "addr:street": "Raimundstraße", "brand": "ALDI Nord", "brand:wikidata": "Q41171373", "brand:wikipedia": "en:Aldi", "check_date:opening_hours": null, "level": null, "name": "ALDI Nord", "opening_hours": "Mo-Sa 07:00-21:00", "shop": "supermarket", "wheelchair": "yes", "internet_access": null, "internet_access:access": null, "internet_access:fee": null, "operator": null, "phone": null, "website": null, "addr:country": "DE", "check_date": null, "email": null, "payment:mastercard": "yes", "payment:visa": "yes", "payment:cash": "yes", "payment:girocard": "yes", "payment:maestro": null, "self_checkout": null, "ref:vatin": null, "payment:credit_cards": null, "operator:tax": null, "ref": null, "diet:halal": null, "diet:kosher": null, "lastcheck": null, "access": null, "entrance": null, "cash_withdrawal": null, "cash_withdrawal:purchase_minimum": null, "cash_withdrawal:purchase_required": null, "cash_withdrawal:type": null, "drink:bionade": null, "drink:bionade_mate": null, "drink:charitea_mate": null, "drink:club-mate": null, "drink:club-mate_icetea": null, "drink:fritz-kola": null, "drink:fritz-limo": null, "drink:fritz-mischmasch": null, "drink:kolle-kolla": null, "drink:kolle-zotrine": null, "drink:lemonaid": null, "drink:mio_mio_cola": null, "drink:mio_mio_mate": null, "drink:vita_cola": null, "organic": null, "payment:contactless": "yes", "stroller": null, "start_date": null, "old_name": null, "contact:website": null, "layer": null, "toilets:wheelchair": null, "source": null, "payment:app": null, "payment:apple_pay": null, "payment:cards": null, "payment:coins": null, "payment:google_pay": null, "payment:visa_debit": null, "origin": null, "drink:charitea": null, "drink:kolle-jolle-mate": null, "drink:kolle-mate": null, "payment:debit_cards": null, "operator:wikidata": null, "drink:vita_limo": null, "contact:phone": null, "cash_withdrawal:limit": null, "post_office": null, "post_office:brand": null, "post_office:service_provider": null, "bulk_purchase": null, "dog": null, "air_conditioning": null, "payment:notes": null, "ref:rewe": null, "addr:suburb": null, "membership": null, "access:covid19": null, "alt_name": null, "delivery:covid19": null, "takeaway:covid19": null, "discount:students": null, "currency:EUR": null, "internet_access:password": null, "internet_access:ssid": null, "post_office:brand:wikidata": null, "post_office:brand:wikipedia": null, "ref:deutsche_post": null, "description": null, "payment:mastercard_contactless": null, "payment:sodexo": null, "payment:v_pay": "yes", "fax": null, "drink:club-mate_granat": null, "opening_date": null, "payment:account_cards": null, "payment:payback_app": null, "wheelchair:description:de": null, "note": null, "cuisine": null, "diet:vegan": null, "diet:vegetarian": null, "contact:email": null, "branch": null, "short_name": null, "drink:kolle-kilimo": null, "drink:kombucha": null, "drink:sake": null, "drinking_water:refill": null, "drinking_water:refill:network": null, "payment:vpay": null, "payment:american_express": null, "source:name": null, "toilets": null, "diet:gluten_free": null, "diet:lactose_free": null, "post_office:id_check": null, "post_office:oversized_item": null, "post_office:packaging": null, "post_office:parcel_from": null, "post_office:parcel_pickup": null, "post_office:parcel_to": null, "post_office:post_bank": null, "post_office:stamps": null, "payment:visa_electron": null, "fair_trade": null, "reusable_packaging:accept": null, "payment:cryptocurrencies": null, "building": null, "building:levels": null, "roof:shape": null, "vending": null, "building:roof": null, "roof:colour": null, "building:colour": null, "height": null, "roof:levels": null, "roof:height": null, "drink:coffee": null, "contact:facebook": null, "delivery": null, "contact:instagram": null, "payment:netto_app": null, "landuse": null, "indoor": null, "name:ru": null, "room": null }, "geometry": { "type": "Polygon", "coordinates": [ [ [ 13.6880351, 51.057185 ], [ 13.6877704, 51.0571993 ], [ 13.6877304, 51.0569024 ], [ 13.6877226, 51.0568491 ], [ 13.6879837, 51.056834 ], [ 13.6880351, 51.057185 ] ] ] } },
{ "type": "Feature", "properties": { "element": "way", "id": 508981197, "addr:city": null, "addr:housenumber": null, "addr:postcode": null, "addr:street": null, "brand": "Konsum Dresden", "brand:wikidata": "Q1618877", "brand:wikipedia": null, "check_date:opening_hours": "2022-03-09", "level": null, "name": "Konsum", "opening_hours": "Mo-Sa 08:00-20:00", "shop": "supermarket", "wheelchair": "yes", "internet_access": "wlan", "internet_access:access": "customers", "internet_access:fee": "no", "operator": "KONSUM DRESDEN eG", "phone": "+49 351 4172904", "website": "https://www.konsum.de/", "addr:country": null, "check_date": null, "email": null, "payment:mastercard": null, "payment:visa": null, "payment:cash": null, "payment:girocard": null, "payment:maestro": null, "self_checkout": null, "ref:vatin": null, "payment:credit_cards": null, "operator:tax": null, "ref": null, "diet:halal": null, "diet:kosher": "no", "lastcheck": null, "access": null, "entrance": null, "cash_withdrawal": null, "cash_withdrawal:purchase_minimum": null, "cash_withdrawal:purchase_required": null, "cash_withdrawal:type": null, "drink:bionade": null, "drink:bionade_mate": null, "drink:charitea_mate": null, "drink:club-mate": null, "drink:club-mate_icetea": null, "drink:fritz-kola": null, "drink:fritz-limo": null, "drink:fritz-mischmasch": null, "drink:kolle-kolla": null, "drink:kolle-zotrine": null, "drink:lemonaid": null, "drink:mio_mio_cola": null, "drink:mio_mio_mate": null, "drink:vita_cola": null, "organic": null, "payment:contactless": null, "stroller": null, "start_date": null, "old_name": null, "contact:website": null, "layer": null, "toilets:wheelchair": null, "source": null, "payment:app": null, "payment:apple_pay": null, "payment:cards": null, "payment:coins": null, "payment:google_pay": null, "payment:visa_debit": null, "origin": null, "drink:charitea": null, "drink:kolle-jolle-mate": null, "drink:kolle-mate": null, "payment:debit_cards": null, "operator:wikidata": null, "drink:vita_limo": null, "contact:phone": null, "cash_withdrawal:limit": null, "post_office": null, "post_office:brand": null, "post_office:service_provider": null, "bulk_purchase": null, "dog": null, "air_conditioning": null, "payment:notes": null, "ref:rewe": null, "addr:suburb": null, "membership": null, "access:covid19": null, "alt_name": null, "delivery:covid19": null, "takeaway:covid19": null, "discount:students": null, "currency:EUR": null, "internet_access:password": null, "internet_access:ssid": null, "post_office:brand:wikidata": null, "post_office:brand:wikipedia": null, "ref:deutsche_post": null, "description": null, "payment:mastercard_contactless": null, "payment:sodexo": null, "payment:v_pay": null, "fax": null, "drink:club-mate_granat": null, "opening_date": null, "payment:account_cards": null, "payment:payback_app": null, "wheelchair:description:de": null, "note": null, "cuisine": null, "diet:vegan": null, "diet:vegetarian": null, "contact:email": null, "branch": null, "short_name": null, "drink:kolle-kilimo": null, "drink:kombucha": null, "drink:sake": null, "drinking_water:refill": null, "drinking_water:refill:network": null, "payment:vpay": null, "payment:american_express": null, "source:name": null, "toilets": null, "diet:gluten_free": null, "diet:lactose_free": null, "post_office:id_check": null, "post_office:oversized_item": null, "post_office:packaging": null, "post_office:parcel_from": null, "post_office:parcel_pickup": null, "post_office:parcel_to": null, "post_office:post_bank": null, "post_office:stamps": null, "payment:visa_electron": null, "fair_trade": null, "reusable_packaging:accept": null, "payment:cryptocurrencies": null, "building": "retail", "building:levels": null, "roof:shape": null, "vending": null, "building:roof": null, "roof:colour": null, "building:colour": null, "height": null, "roof:levels": null, "roof:height": null, "drink:coffee": null, "contact:facebook": null, "delivery": null, "contact:instagram": null, "payment:netto_app": null, "landuse": null, "indoor": null, "name:ru": null, "room": null }, "geometry": { "type": "Polygon", "coordinates": [ [ [ 13.7213533, 51.0389652 ], [ 13.720917, 51.0391597 ], [ 13.7208637, 51.0391834 ], [ 13.7209918, 51.0392971 ], [ 13.7210449, 51.0392735 ], [ 13.7211467, 51.0393638 ], [ 13.7215832, 51.0391692 ], [ 13.7215082, 51.0391027 ], [ 13.7213533, 51.0389652 ] ] ] } },
{ "type": "Feature", "properties": { "element": "way", "id": 733757719, "addr:city": "Dresden", "addr:housenumber": "5", "addr:postcode": "01097", "addr:street": "Johann-Meyer-Straße", "brand": "Netto Marken-Discount", "brand:wikidata": "Q879858", "brand:wikipedia": "de:Netto Marken-Discount", "check_date:opening_hours": "2023-06-16", "level": null, "name": "Netto Marken-Discount", "opening_hours": "Mo-Fr 07:00-21:00; Sa 07:00-20:00", "shop": "supermarket", "wheelchair": "yes", "internet_access": "wlan", "internet_access:access": null, "internet_access:fee": null, "operator": "Netto", "phone": null, "website": "https://www.netto-online.de/filialen/Dresden/Johann-Meyer-Str-5/4625/", "addr:country": null, "check_date": null, "email": null, "payment:mastercard": "yes", "payment:visa": "yes", "payment:cash": "yes", "payment:girocard": null, "payment:maestro": "yes", "self_checkout": null, "ref:vatin": null, "payment:credit_cards": "yes", "operator:tax": null, "ref": null, "diet:halal": null, "diet:kosher": null, "lastcheck": null, "access": null, "entrance": null, "cash_withdrawal": null, "cash_withdrawal:purchase_minimum": null, "cash_withdrawal:purchase_required": null, "cash_withdrawal:type": null, "drink:bionade": null, "drink:bionade_mate": null, "drink:charitea_mate": null, "drink:club-mate": null, "drink:club-mate_icetea": null, "drink:fritz-kola": null, "drink:fritz-limo": null, "drink:fritz-mischmasch": null, "drink:kolle-kolla": null, "drink:kolle-zotrine": null, "drink:lemonaid": null, "drink:mio_mio_cola": null, "drink:mio_mio_mate": null, "drink:vita_cola": null, "organic": null, "payment:contactless": null, "stroller": null, "start_date": null, "old_name": null, "contact:website": null, "layer": null, "toilets:wheelchair": null, "source": null, "payment:app": null, "payment:apple_pay": "yes", "payment:cards": null, "payment:coins": null, "payment:google_pay": "yes", "payment:visa_debit": null, "origin": null, "drink:charitea": null, "drink:kolle-jolle-mate": null, "drink:kolle-mate": null, "payment:debit_cards": null, "operator:wikidata": null, "drink:vita_limo": null, "contact:phone": null, "cash_withdrawal:limit": null, "post_office": null, "post_office:brand": null, "post_office:service_provider": null, "bulk_purchase": null, "dog": null, "air_conditioning": "yes", "payment:notes": null, "ref:rewe": null, "addr:suburb": null, "membership": null, "access:covid19": null, "alt_name": null, "delivery:covid19": null, "takeaway:covid19": null, "discount:students": null, "currency:EUR": null, "internet_access:password": null, "internet_access:ssid": null, "post_office:brand:wikidata": null, "post_office:brand:wikipedia": null, "ref:deutsche_post": null, "description": null, "payment:mastercard_contactless": null, "payment:sodexo": null, "payment:v_pay": "yes", "fax": null, "drink:club-mate_granat": null, "opening_date": null, "payment:account_cards": null, "payment:payback_app": null, "wheelchair:description:de": null, "note": null, "cuisine": null, "diet:vegan": null, "diet:vegetarian": null, "contact:email": null, "branch": null, "short_name": null, "drink:kolle-kilimo": null, "drink:kombucha": null, "drink:sake": null, "drinking_water:refill": null, "drinking_water:refill:network": null, "payment:vpay": null, "payment:american_express": "yes", "source:name": null, "toilets": null, "diet:gluten_free": null, "diet:lactose_free": null, "post_office:id_check": null, "post_office:oversized_item": null, "post_office:packaging": null, "post_office:parcel_from": null, "post_office:parcel_pickup": null, "post_office:parcel_to": null, "post_office:post_bank": null, "post_office:stamps": null, "payment:visa_electron": null, "fair_trade": null, "reusable_packaging:accept": null, "payment:cryptocurrencies": null, "building": "apartments", "building:levels": "2", "roof:shape": "flat", "vending": null, "building:roof": null, "roof:colour": null, "building:colour": null, "height": null, "roof:levels": null, "roof:height": null, "drink:coffee": null, "contact:facebook": null, "delivery": null, "contact:instagram": null, "payment:netto_app": "yes", "landuse": null, "indoor": null, "name:ru": null, "room": null }, "geometry": { "type": "Polygon", "coordinates": [ [ [ 13.7448216, 51.0738429 ], [ 13.7448332, 51.0739165 ], [ 13.7448443, 51.0739693 ], [ 13.7448553, 51.0740518 ], [ 13.7447216, 51.0741169 ], [ 13.7446683, 51.0741422 ], [ 13.7445289, 51.074206 ], [ 13.7444708, 51.0742303 ], [ 13.7443772, 51.0742704 ], [ 13.7442285, 51.0741561 ], [ 13.744207, 51.0741348 ], [ 13.7444966, 51.0740055 ], [ 13.744656, 51.0739266 ], [ 13.7448216, 51.0738429 ] ] ] } },
{ "type": "Feature", "properties": { "element": "way", "id": 747963097, "addr:city": "Dresden", "addr:housenumber": "24", "addr:postcode": "01259", "addr:street": "Rathener Straße", "brand": "Netto Marken-Discount", "brand:wikidata": "Q879858", "brand:wikipedia": "de:Netto Marken-Discount", "check_date:opening_hours": null, "level": null, "name": "Netto Marken-Discount", "opening_hours": "Mo-Sa 07:00-22:00", "shop": "supermarket", "wheelchair": null, "internet_access": null, "internet_access:access": null, "internet_access:fee": null, "operator": null, "phone": null, "website": "https://www.netto-online.de/filialen/Dresden-Grosszschachwitz/Rathener-Str-24/4978/", "addr:country": null, "check_date": null, "email": null, "payment:mastercard": null, "payment:visa": null, "payment:cash": null, "payment:girocard": null, "payment:maestro": null, "self_checkout": null, "ref:vatin": null, "payment:credit_cards": null, "operator:tax": null, "ref": null, "diet:halal": null, "diet:kosher": null, "lastcheck": null, "access": null, "entrance": null, "cash_withdrawal": null, "cash_withdrawal:purchase_minimum": null, "cash_withdrawal:purchase_required": null, "cash_withdrawal:type": null, "drink:bionade": null, "drink:bionade_mate": null, "drink:charitea_mate": null, "drink:club-mate": null, "drink:club-mate_icetea": null, "drink:fritz-kola": null, "drink:fritz-limo": null, "drink:fritz-mischmasch": null, "drink:kolle-kolla": null, "drink:kolle-zotrine": null, "drink:lemonaid": null, "drink:mio_mio_cola": null, "drink:mio_mio_mate": null, "drink:vita_cola": null, "organic": null, "payment:contactless": null, "stroller": null, "start_date": null, "old_name": null, "contact:website": null, "layer": null, "toilets:wheelchair": null, "source": null, "payment:app": null, "payment:apple_pay": null, "payment:cards": null, "payment:coins": null, "payment:google_pay": null, "payment:visa_debit": null, "origin": null, "drink:charitea": null, "drink:kolle-jolle-mate": null, "drink:kolle-mate": null, "payment:debit_cards": null, "operator:wikidata": null, "drink:vita_limo": null, "contact:phone": null, "cash_withdrawal:limit": null, "post_office": null, "post_office:brand": null, "post_office:service_provider": null, "bulk_purchase": null, "dog": null, "air_conditioning": null, "payment:notes": null, "ref:rewe": null, "addr:suburb": null, "membership": null, "access:covid19": null, "alt_name": null, "delivery:covid19": null, "takeaway:covid19": null, "discount:students": null, "currency:EUR": null, "internet_access:password": null, "internet_access:ssid": null, "post_office:brand:wikidata": null, "post_office:brand:wikipedia": null, "ref:deutsche_post": null, "description": null, "payment:mastercard_contactless": null, "payment:sodexo": null, "payment:v_pay": null, "fax": null, "drink:club-mate_granat": null, "opening_date": null, "payment:account_cards": null, "payment:payback_app": null, "wheelchair:description:de": null, "note": null, "cuisine": null, "diet:vegan": null, "diet:vegetarian": null, "contact:email": null, "branch": null, "short_name": null, "drink:kolle-kilimo": null, "drink:kombucha": null, "drink:sake": null, "drinking_water:refill": null, "drinking_water:refill:network": null, "payment:vpay": null, "payment:american_express": null, "source:name": null, "toilets": null, "diet:gluten_free": null, "diet:lactose_free": null, "post_office:id_check": null, "post_office:oversized_item": null, "post_office:packaging": null, "post_office:parcel_from": null, "post_office:parcel_pickup": null, "post_office:parcel_to": null, "post_office:post_bank": null, "post_office:stamps": null, "payment:visa_electron": null, "fair_trade": null, "reusable_packaging:accept": null, "payment:cryptocurrencies": null, "building": "retail", "building:levels": null, "roof:shape": null, "vending": null, "building:roof": null, "roof:colour": null, "building:colour": null, "height": null, "roof:levels": null, "roof:height": null, "drink:coffee": null, "contact:facebook": null, "delivery": null, "contact:instagram": null, "payment:netto_app": null, "landuse": null, "indoor": null, "name:ru": null, "room": null }, "geometry": { "type": "Polygon", "coordinates": [ [ [ 13.8403323, 51.003757 ], [ 13.840606, 51.003546 ], [ 13.8400144, 51.0032421 ], [ 13.8399062, 51.0033255 ], [ 13.8399624, 51.0033544 ], [ 13.8397969, 51.003482 ], [ 13.83989, 51.0035298 ], [ 13.8403323, 51.003757 ] ] ] } },
{ "type": "Feature", "properties": { "element": "way", "id": 825103405, "addr:city": "Dresden", "addr:housenumber": "2", "addr:postcode": "01257", "addr:street": "Wilhelm-Liebknecht-Straße", "brand": "ALDI Nord", "brand:wikidata": "Q41171373", "brand:wikipedia": "en:Aldi", "check_date:opening_hours": null, "level": null, "name": "ALDI Nord", "opening_hours": "Mo-Sa 07:00-21:00; PH off", "shop": "supermarket", "wheelchair": "yes", "internet_access": null, "internet_access:access": null, "internet_access:fee": null, "operator": null, "phone": null, "website": null, "addr:country": null, "check_date": "2023-08-11", "email": null, "payment:mastercard": null, "payment:visa": null, "payment:cash": null, "payment:girocard": null, "payment:maestro": null, "self_checkout": null, "ref:vatin": null, "payment:credit_cards": null, "operator:tax": null, "ref": null, "diet:halal": null, "diet:kosher": null, "lastcheck": null, "access": null, "entrance": null, "cash_withdrawal": null, "cash_withdrawal:purchase_minimum": null, "cash_withdrawal:purchase_required": null, "cash_withdrawal:type": null, "drink:bionade": null, "drink:bionade_mate": null, "drink:charitea_mate": null, "drink:club-mate": null, "drink:club-mate_icetea": null, "drink:fritz-kola": null, "drink:fritz-limo": null, "drink:fritz-mischmasch": null, "drink:kolle-kolla": null, "drink:kolle-zotrine": null, "drink:lemonaid": null, "drink:mio_mio_cola": null, "drink:mio_mio_mate": null, "drink:vita_cola": null, "organic": null, "payment:contactless": null, "stroller": null, "start_date": "2020-07-11", "old_name": null, "contact:website": null, "layer": null, "toilets:wheelchair": null, "source": null, "payment:app": null, "payment:apple_pay": null, "payment:cards": null, "payment:coins": null, "payment:google_pay": null, "payment:visa_debit": null, "origin": null, "drink:charitea": null, "drink:kolle-jolle-mate": null, "drink:kolle-mate": null, "payment:debit_cards": null, "operator:wikidata": null, "drink:vita_limo": null, "contact:phone": null, "cash_withdrawal:limit": null, "post_office": null, "post_office:brand": null, "post_office:service_provider": null, "bulk_purchase": null, "dog": null, "air_conditioning": null, "payment:notes": null, "ref:rewe": null, "addr:suburb": null, "membership": null, "access:covid19": null, "alt_name": null, "delivery:covid19": null, "takeaway:covid19": null, "discount:students": null, "currency:EUR": null, "internet_access:password": null, "internet_access:ssid": null, "post_office:brand:wikidata": null, "post_office:brand:wikipedia": null, "ref:deutsche_post": null, "description": null, "payment:mastercard_contactless": null, "payment:sodexo": null, "payment:v_pay": null, "fax": null, "drink:club-mate_granat": null, "opening_date": null, "payment:account_cards": null, "payment:payback_app": null, "wheelchair:description:de": null, "note": null, "cuisine": null, "diet:vegan": null, "diet:vegetarian": null, "contact:email": null, "branch": null, "short_name": null, "drink:kolle-kilimo": null, "drink:kombucha": null, "drink:sake": null, "drinking_water:refill": null, "drinking_water:refill:network": null, "payment:vpay": null, "payment:american_express": null, "source:name": null, "toilets": null, "diet:gluten_free": null, "diet:lactose_free": null, "post_office:id_check": null, "post_office:oversized_item": null, "post_office:packaging": null, "post_office:parcel_from": null, "post_office:parcel_pickup": null, "post_office:parcel_to": null, "post_office:post_bank": null, "post_office:stamps": null, "payment:visa_electron": null, "fair_trade": null, "reusable_packaging:accept": null, "payment:cryptocurrencies": null, "building": "retail", "building:levels": "1", "roof:shape": "flat", "vending": null, "building:roof": null, "roof:colour": null, "building:colour": null, "height": null, "roof:levels": null, "roof:height": null, "drink:coffee": null, "contact:facebook": null, "delivery": null, "contact:instagram": null, "payment:netto_app": null, "landuse": null, "indoor": null, "name:ru": null, "room": null }, "geometry": { "type": "Polygon", "coordinates": [ [ [ 13.8099654, 51.0114322 ], [ 13.8100374, 51.0114753 ], [ 13.8099875, 51.0115083 ], [ 13.8105555, 51.0118486 ], [ 13.8102731, 51.0120351 ], [ 13.8096331, 51.0116519 ], [ 13.8099654, 51.0114322 ] ] ] } },
{ "type": "Feature", "properties": { "element": "way", "id": 888364452, "addr:city": null, "addr:housenumber": "40", "addr:postcode": null, "addr:street": "Löbtauer Straße", "brand": "ALDI Nord", "brand:wikidata": "Q41171373", "brand:wikipedia": "en:Aldi", "check_date:opening_hours": null, "level": null, "name": "Aldi", "opening_hours": "Mo-Sa 07:00-21:00", "shop": "supermarket", "wheelchair": null, "internet_access": null, "internet_access:access": null, "internet_access:fee": null, "operator": null, "phone": null, "website": null, "addr:country": null, "check_date": null, "email": null, "payment:mastercard": null, "payment:visa": null, "payment:cash": null, "payment:girocard": null, "payment:maestro": null, "self_checkout": null, "ref:vatin": null, "payment:credit_cards": null, "operator:tax": null, "ref": null, "diet:halal": null, "diet:kosher": null, "lastcheck": null, "access": null, "entrance": null, "cash_withdrawal": null, "cash_withdrawal:purchase_minimum": null, "cash_withdrawal:purchase_required": null, "cash_withdrawal:type": null, "drink:bionade": null, "drink:bionade_mate": null, "drink:charitea_mate": null, "drink:club-mate": null, "drink:club-mate_icetea": null, "drink:fritz-kola": null, "drink:fritz-limo": null, "drink:fritz-mischmasch": null, "drink:kolle-kolla": null, "drink:kolle-zotrine": null, "drink:lemonaid": null, "drink:mio_mio_cola": null, "drink:mio_mio_mate": null, "drink:vita_cola": null, "organic": null, "payment:contactless": null, "stroller": null, "start_date": null, "old_name": null, "contact:website": null, "layer": null, "toilets:wheelchair": null, "source": null, "payment:app": null, "payment:apple_pay": null, "payment:cards": null, "payment:coins": null, "payment:google_pay": null, "payment:visa_debit": null, "origin": null, "drink:charitea": null, "drink:kolle-jolle-mate": null, "drink:kolle-mate": null, "payment:debit_cards": null, "operator:wikidata": null, "drink:vita_limo": null, "contact:phone": null, "cash_withdrawal:limit": null, "post_office": null, "post_office:brand": null, "post_office:service_provider": null, "bulk_purchase": null, "dog": null, "air_conditioning": null, "payment:notes": null, "ref:rewe": null, "addr:suburb": null, "membership": null, "access:covid19": null, "alt_name": null, "delivery:covid19": null, "takeaway:covid19": null, "discount:students": null, "currency:EUR": null, "internet_access:password": null, "internet_access:ssid": null, "post_office:brand:wikidata": null, "post_office:brand:wikipedia": null, "ref:deutsche_post": null, "description": null, "payment:mastercard_contactless": null, "payment:sodexo": null, "payment:v_pay": null, "fax": null, "drink:club-mate_granat": null, "opening_date": null, "payment:account_cards": null, "payment:payback_app": null, "wheelchair:description:de": null, "note": null, "cuisine": null, "diet:vegan": null, "diet:vegetarian": null, "contact:email": null, "branch": null, "short_name": null, "drink:kolle-kilimo": null, "drink:kombucha": null, "drink:sake": null, "drinking_water:refill": null, "drinking_water:refill:network": null, "payment:vpay": null, "payment:american_express": null, "source:name": null, "toilets": null, "diet:gluten_free": null, "diet:lactose_free": null, "post_office:id_check": null, "post_office:oversized_item": null, "post_office:packaging": null, "post_office:parcel_from": null, "post_office:parcel_pickup": null, "post_office:parcel_to": null, "post_office:post_bank": null, "post_office:stamps": null, "payment:visa_electron": null, "fair_trade": null, "reusable_packaging:accept": null, "payment:cryptocurrencies": null, "building": "retail", "building:levels": "1", "roof:shape": null, "vending": null, "building:roof": null, "roof:colour": null, "building:colour": null, "height": null, "roof:levels": null, "roof:height": null, "drink:coffee": null, "contact:facebook": null, "delivery": null, "contact:instagram": null, "payment:netto_app": null, "landuse": null, "indoor": null, "name:ru": null, "room": null }, "geometry": { "type": "Polygon", "coordinates": [ [ [ 13.7135456, 51.0509749 ], [ 13.7129624, 51.0512919 ], [ 13.7132744, 51.0515187 ], [ 13.7137302, 51.0512709 ], [ 13.7137826, 51.051309 ], [ 13.7139287, 51.0512181 ], [ 13.7135456, 51.0509749 ] ] ] } },
{ "type": "Feature", "properties": { "element": "way", "id": 1015837077, "addr:city": "Dresden", "addr:housenumber": "160", "addr:postcode": "01169", "addr:street": "Kesselsdorfer Straße", "brand": "ALDI Nord", "brand:wikidata": "Q41171373", "brand:wikipedia": null, "check_date:opening_hours": "2024-08-12", "level": null, "name": "ALDI Nord", "opening_hours": "Mo-Sa 07:00-21:00", "shop": "supermarket", "wheelchair": "yes", "internet_access": null, "internet_access:access": null, "internet_access:fee": null, "operator": null, "phone": null, "website": null, "addr:country": null, "check_date": null, "email": null, "payment:mastercard": null, "payment:visa": null, "payment:cash": null, "payment:girocard": null, "payment:maestro": null, "self_checkout": null, "ref:vatin": null, "payment:credit_cards": null, "operator:tax": null, "ref": null, "diet:halal": null, "diet:kosher": null, "lastcheck": null, "access": null, "entrance": null, "cash_withdrawal": null, "cash_withdrawal:purchase_minimum": null, "cash_withdrawal:purchase_required": null, "cash_withdrawal:type": null, "drink:bionade": null, "drink:bionade_mate": null, "drink:charitea_mate": null, "drink:club-mate": null, "drink:club-mate_icetea": null, "drink:fritz-kola": null, "drink:fritz-limo": null, "drink:fritz-mischmasch": null, "drink:kolle-kolla": null, "drink:kolle-zotrine": null, "drink:lemonaid": null, "drink:mio_mio_cola": null, "drink:mio_mio_mate": null, "drink:vita_cola": null, "organic": null, "payment:contactless": null, "stroller": null, "start_date": null, "old_name": null, "contact:website": null, "layer": null, "toilets:wheelchair": null, "source": null, "payment:app": null, "payment:apple_pay": null, "payment:cards": null, "payment:coins": null, "payment:google_pay": null, "payment:visa_debit": null, "origin": null, "drink:charitea": null, "drink:kolle-jolle-mate": null, "drink:kolle-mate": null, "payment:debit_cards": null, "operator:wikidata": null, "drink:vita_limo": null, "contact:phone": null, "cash_withdrawal:limit": null, "post_office": null, "post_office:brand": null, "post_office:service_provider": null, "bulk_purchase": null, "dog": null, "air_conditioning": null, "payment:notes": null, "ref:rewe": null, "addr:suburb": null, "membership": null, "access:covid19": null, "alt_name": null, "delivery:covid19": null, "takeaway:covid19": null, "discount:students": null, "currency:EUR": null, "internet_access:password": null, "internet_access:ssid": null, "post_office:brand:wikidata": null, "post_office:brand:wikipedia": null, "ref:deutsche_post": null, "description": null, "payment:mastercard_contactless": null, "payment:sodexo": null, "payment:v_pay": null, "fax": null, "drink:club-mate_granat": null, "opening_date": null, "payment:account_cards": null, "payment:payback_app": null, "wheelchair:description:de": null, "note": null, "cuisine": null, "diet:vegan": null, "diet:vegetarian": null, "contact:email": null, "branch": null, "short_name": null, "drink:kolle-kilimo": null, "drink:kombucha": null, "drink:sake": null, "drinking_water:refill": null, "drinking_water:refill:network": null, "payment:vpay": null, "payment:american_express": null, "source:name": null, "toilets": null, "diet:gluten_free": null, "diet:lactose_free": null, "post_office:id_check": null, "post_office:oversized_item": null, "post_office:packaging": null, "post_office:parcel_from": null, "post_office:parcel_pickup": null, "post_office:parcel_to": null, "post_office:post_bank": null, "post_office:stamps": null, "payment:visa_electron": null, "fair_trade": null, "reusable_packaging:accept": null, "payment:cryptocurrencies": null, "building": "supermarket", "building:levels": null, "roof:shape": null, "vending": null, "building:roof": null, "roof:colour": null, "building:colour": null, "height": null, "roof:levels": null, "roof:height": null, "drink:coffee": null, "contact:facebook": null, "delivery": null, "contact:instagram": null, "payment:netto_app": null, "landuse": null, "indoor": null, "name:ru": null, "room": null }, "geometry": { "type": "Polygon", "coordinates": [ [ [ 13.6676739, 51.0402252 ], [ 13.6667844, 51.0402179 ], [ 13.666779, 51.0404707 ], [ 13.6676686, 51.0404782 ], [ 13.6676739, 51.0402252 ] ] ] } },
{ "type": "Feature", "properties": { "element": "way", "id": 1089344329, "addr:city": "Dresden", "addr:housenumber": "38", "addr:postcode": null, "addr:street": "Tolkewitzer Straße", "brand": "Konsum Dresden", "brand:wikidata": "Q1618877", "brand:wikipedia": null, "check_date:opening_hours": "2025-01-09", "level": null, "name": "Konsum", "opening_hours": "Mo-Sa 08:00-20:00", "shop": "supermarket", "wheelchair": "yes", "internet_access": "wlan", "internet_access:access": null, "internet_access:fee": "no", "operator": null, "phone": null, "website": null, "addr:country": "DE", "check_date": null, "email": null, "payment:mastercard": "yes", "payment:visa": "yes", "payment:cash": null, "payment:girocard": null, "payment:maestro": "yes", "self_checkout": null, "ref:vatin": null, "payment:credit_cards": null, "operator:tax": null, "ref": null, "diet:halal": null, "diet:kosher": null, "lastcheck": null, "access": null, "entrance": null, "cash_withdrawal": null, "cash_withdrawal:purchase_minimum": null, "cash_withdrawal:purchase_required": null, "cash_withdrawal:type": null, "drink:bionade": null, "drink:bionade_mate": null, "drink:charitea_mate": null, "drink:club-mate": null, "drink:club-mate_icetea": null, "drink:fritz-kola": null, "drink:fritz-limo": null, "drink:fritz-mischmasch": null, "drink:kolle-kolla": null, "drink:kolle-zotrine": null, "drink:lemonaid": null, "drink:mio_mio_cola": null, "drink:mio_mio_mate": null, "drink:vita_cola": null, "organic": null, "payment:contactless": null, "stroller": null, "start_date": null, "old_name": null, "contact:website": null, "layer": null, "toilets:wheelchair": null, "source": null, "payment:app": null, "payment:apple_pay": null, "payment:cards": null, "payment:coins": null, "payment:google_pay": null, "payment:visa_debit": null, "origin": null, "drink:charitea": null, "drink:kolle-jolle-mate": null, "drink:kolle-mate": null, "payment:debit_cards": null, "operator:wikidata": null, "drink:vita_limo": null, "contact:phone": null, "cash_withdrawal:limit": null, "post_office": null, "post_office:brand": null, "post_office:service_provider": null, "bulk_purchase": null, "dog": null, "air_conditioning": null, "payment:notes": null, "ref:rewe": null, "addr:suburb": null, "membership": null, "access:covid19": null, "alt_name": null, "delivery:covid19": null, "takeaway:covid19": null, "discount:students": null, "currency:EUR": null, "internet_access:password": null, "internet_access:ssid": null, "post_office:brand:wikidata": null, "post_office:brand:wikipedia": null, "ref:deutsche_post": null, "description": null, "payment:mastercard_contactless": null, "payment:sodexo": null, "payment:v_pay": null, "fax": null, "drink:club-mate_granat": null, "opening_date": null, "payment:account_cards": null, "payment:payback_app": null, "wheelchair:description:de": "ebenerdiger Zugang", "note": "füllt den Großteil des Gebäudes aus", "cuisine": null, "diet:vegan": null, "diet:vegetarian": null, "contact:email": null, "branch": "Frida", "short_name": null, "drink:kolle-kilimo": null, "drink:kombucha": null, "drink:sake": null, "drinking_water:refill": null, "drinking_water:refill:network": null, "payment:vpay": null, "payment:american_express": "yes", "source:name": null, "toilets": null, "diet:gluten_free": null, "diet:lactose_free": null, "post_office:id_check": null, "post_office:oversized_item": null, "post_office:packaging": null, "post_office:parcel_from": null, "post_office:parcel_pickup": null, "post_office:parcel_to": null, "post_office:post_bank": null, "post_office:stamps": null, "payment:visa_electron": null, "fair_trade": null, "reusable_packaging:accept": null, "payment:cryptocurrencies": null, "building": null, "building:levels": null, "roof:shape": null, "vending": null, "building:roof": null, "roof:colour": null, "building:colour": null, "height": null, "roof:levels": null, "roof:height": null, "drink:coffee": null, "contact:facebook": null, "delivery": null, "contact:instagram": null, "payment:netto_app": null, "landuse": "retail", "indoor": null, "name:ru": null, "room": null }, "geometry": { "type": "Polygon", "coordinates": [ [ [ 13.8125721, 51.0462147 ], [ 13.8122301, 51.0459972 ], [ 13.8112413, 51.0454333 ], [ 13.8112019, 51.0454026 ], [ 13.8115078, 51.0452013 ], [ 13.8114493, 51.0451674 ], [ 13.8117047, 51.045001 ], [ 13.8129817, 51.0457415 ], [ 13.8125721, 51.0462147 ] ] ] } },
{ "type": "Feature", "properties": { "element": "way", "id": 1192518003, "addr:city": null, "addr:housenumber": null, "addr:postcode": null, "addr:street": null, "brand": "EDEKA", "brand:wikidata": "Q701755", "brand:wikipedia": null, "check_date:opening_hours": null, "level": null, "name": "EDEKA center Peltzer", "opening_hours": "Mo-Sa 07:00-21:00", "shop": "supermarket", "wheelchair": "yes", "internet_access": null, "internet_access:access": null, "internet_access:fee": null, "operator": null, "phone": null, "website": null, "addr:country": null, "check_date": null, "email": null, "payment:mastercard": null, "payment:visa": null, "payment:cash": null, "payment:girocard": null, "payment:maestro": null, "self_checkout": null, "ref:vatin": null, "payment:credit_cards": "yes", "operator:tax": null, "ref": null, "diet:halal": null, "diet:kosher": null, "lastcheck": null, "access": null, "entrance": null, "cash_withdrawal": null, "cash_withdrawal:purchase_minimum": null, "cash_withdrawal:purchase_required": null, "cash_withdrawal:type": null, "drink:bionade": null, "drink:bionade_mate": null, "drink:charitea_mate": null, "drink:club-mate": null, "drink:club-mate_icetea": null, "drink:fritz-kola": null, "drink:fritz-limo": null, "drink:fritz-mischmasch": null, "drink:kolle-kolla": null, "drink:kolle-zotrine": null, "drink:lemonaid": null, "drink:mio_mio_cola": null, "drink:mio_mio_mate": null, "drink:vita_cola": null, "organic": null, "payment:contactless": null, "stroller": null, "start_date": null, "old_name": null, "contact:website": null, "layer": null, "toilets:wheelchair": null, "source": null, "payment:app": null, "payment:apple_pay": null, "payment:cards": null, "payment:coins": null, "payment:google_pay": null, "payment:visa_debit": null, "origin": null, "drink:charitea": null, "drink:kolle-jolle-mate": null, "drink:kolle-mate": null, "payment:debit_cards": "yes", "operator:wikidata": null, "drink:vita_limo": null, "contact:phone": null, "cash_withdrawal:limit": null, "post_office": null, "post_office:brand": null, "post_office:service_provider": null, "bulk_purchase": null, "dog": null, "air_conditioning": null, "payment:notes": null, "ref:rewe": null, "addr:suburb": null, "membership": null, "access:covid19": null, "alt_name": null, "delivery:covid19": null, "takeaway:covid19": null, "discount:students": null, "currency:EUR": null, "internet_access:password": null, "internet_access:ssid": null, "post_office:brand:wikidata": null, "post_office:brand:wikipedia": null, "ref:deutsche_post": null, "description": null, "payment:mastercard_contactless": null, "payment:sodexo": null, "payment:v_pay": null, "fax": null, "drink:club-mate_granat": null, "opening_date": null, "payment:account_cards": null, "payment:payback_app": null, "wheelchair:description:de": null, "note": null, "cuisine": null, "diet:vegan": null, "diet:vegetarian": null, "contact:email": null, "branch": null, "short_name": null, "drink:kolle-kilimo": null, "drink:kombucha": null, "drink:sake": null, "drinking_water:refill": null, "drinking_water:refill:network": null, "payment:vpay": null, "payment:american_express": null, "source:name": null, "toilets": null, "diet:gluten_free": null, "diet:lactose_free": null, "post_office:id_check": null, "post_office:oversized_item": null, "post_office:packaging": null, "post_office:parcel_from": null, "post_office:parcel_pickup": null, "post_office:parcel_to": null, "post_office:post_bank": null, "post_office:stamps": null, "payment:visa_electron": null, "fair_trade": null, "reusable_packaging:accept": null, "payment:cryptocurrencies": null, "building": "retail", "building:levels": null, "roof:shape": null, "vending": null, "building:roof": null, "roof:colour": null, "building:colour": null, "height": null, "roof:levels": null, "roof:height": null, "drink:coffee": null, "contact:facebook": null, "delivery": null, "contact:instagram": null, "payment:netto_app": null, "landuse": null, "indoor": null, "name:ru": null, "room": null }, "geometry": { "type": "Polygon", "coordinates": [ [ [ 13.7840296, 51.0084282 ], [ 13.7838196, 51.0086509 ], [ 13.7834409, 51.0085045 ], [ 13.7833149, 51.008638 ], [ 13.7830742, 51.0085482 ], [ 13.7837603, 51.0078206 ], [ 13.784463, 51.0080829 ], [ 13.7841091, 51.0084583 ], [ 13.7840296, 51.0084282 ] ] ] } },
{ "type": "Feature", "properties": { "element": "way", "id": 1204492175, "addr:city": null, "addr:housenumber": null, "addr:postcode": null, "addr:street": null, "brand": "REWE", "brand:wikidata": "Q16968817", "brand:wikipedia": "de:Rewe", "check_date:opening_hours": "2023-07-07", "level": "0", "name": "REWE", "opening_hours": "Mo-Sa 06:00-22:00", "shop": "supermarket", "wheelchair": "yes", "internet_access": null, "internet_access:access": null, "internet_access:fee": null, "operator": "REWE Christiane Günther oHG", "phone": null, "website": "https://www.rewe.de/marktseite/rewe-markt-dresden-kesselsdorfer-stra%C3%9Fe-1", "addr:country": null, "check_date": null, "email": null, "payment:mastercard": null, "payment:visa": null, "payment:cash": null, "payment:girocard": null, "payment:maestro": null, "self_checkout": null, "ref:vatin": null, "payment:credit_cards": "yes", "operator:tax": null, "ref": null, "diet:halal": null, "diet:kosher": null, "lastcheck": null, "access": null, "entrance": null, "cash_withdrawal": null, "cash_withdrawal:purchase_minimum": null, "cash_withdrawal:purchase_required": null, "cash_withdrawal:type": null, "drink:bionade": null, "drink:bionade_mate": null, "drink:charitea_mate": null, "drink:club-mate": "yes", "drink:club-mate_icetea": null, "drink:fritz-kola": null, "drink:fritz-limo": null, "drink:fritz-mischmasch": null, "drink:kolle-kolla": null, "drink:kolle-zotrine": null, "drink:lemonaid": null, "drink:mio_mio_cola": null, "drink:mio_mio_mate": null, "drink:vita_cola": null, "organic": null, "payment:contactless": null, "stroller": null, "start_date": null, "old_name": null, "contact:website": null, "layer": null, "toilets:wheelchair": null, "source": null, "payment:app": null, "payment:apple_pay": null, "payment:cards": null, "payment:coins": null, "payment:google_pay": null, "payment:visa_debit": null, "origin": null, "drink:charitea": null, "drink:kolle-jolle-mate": null, "drink:kolle-mate": null, "payment:debit_cards": null, "operator:wikidata": null, "drink:vita_limo": null, "contact:phone": null, "cash_withdrawal:limit": null, "post_office": null, "post_office:brand": null, "post_office:service_provider": null, "bulk_purchase": null, "dog": null, "air_conditioning": null, "payment:notes": null, "ref:rewe": null, "addr:suburb": null, "membership": null, "access:covid19": null, "alt_name": null, "delivery:covid19": null, "takeaway:covid19": null, "discount:students": null, "currency:EUR": null, "internet_access:password": null, "internet_access:ssid": null, "post_office:brand:wikidata": null, "post_office:brand:wikipedia": null, "ref:deutsche_post": null, "description": null, "payment:mastercard_contactless": null, "payment:sodexo": null, "payment:v_pay": null, "fax": null, "drink:club-mate_granat": null, "opening_date": null, "payment:account_cards": "yes", "payment:payback_app": null, "wheelchair:description:de": null, "note": null, "cuisine": null, "diet:vegan": null, "diet:vegetarian": null, "contact:email": null, "branch": null, "short_name": null, "drink:kolle-kilimo": null, "drink:kombucha": null, "drink:sake": null, "drinking_water:refill": null, "drinking_water:refill:network": null, "payment:vpay": null, "payment:american_express": null, "source:name": null, "toilets": null, "diet:gluten_free": null, "diet:lactose_free": null, "post_office:id_check": null, "post_office:oversized_item": null, "post_office:packaging": null, "post_office:parcel_from": null, "post_office:parcel_pickup": null, "post_office:parcel_to": null, "post_office:post_bank": null, "post_office:stamps": null, "payment:visa_electron": null, "fair_trade": null, "reusable_packaging:accept": null, "payment:cryptocurrencies": null, "building": null, "building:levels": null, "roof:shape": null, "vending": null, "building:roof": null, "roof:colour": null, "building:colour": null, "height": null, "roof:levels": null, "roof:height": null, "drink:coffee": null, "contact:facebook": null, "delivery": null, "contact:instagram": null, "payment:netto_app": null, "landuse": null, "indoor": null, "name:ru": null, "room": null }, "geometry": { "type": "Polygon", "coordinates": [ [ [ 13.7032913, 51.0433756 ], [ 13.7032773, 51.0430961 ], [ 13.702629, 51.0431089 ], [ 13.7026441, 51.0434104 ], [ 13.7027804, 51.0434079 ], [ 13.7029367, 51.0434055 ], [ 13.7030812, 51.0434021 ], [ 13.7030838, 51.0433898 ], [ 13.7030904, 51.0433799 ], [ 13.7031059, 51.0433714 ], [ 13.7031294, 51.0433637 ], [ 13.7031572, 51.0433637 ], [ 13.7031815, 51.0433693 ], [ 13.7031963, 51.0433775 ], [ 13.7032913, 51.0433756 ] ] ] } },
{ "type": "Feature", "properties": { "element": "way", "id": 1245087397, "addr:city": "Dresden", "addr:housenumber": "1", "addr:postcode": "01097", "addr:street": "Schlesischer Platz", "brand": "Lidl", "brand:wikidata": "Q151954", "brand:wikipedia": "en:Lidl", "check_date:opening_hours": null, "level": "0", "name": "Lidl", "opening_hours": "Mo-Sa 07:00-21:00; PH,Su 08:00-21:00", "shop": "supermarket", "wheelchair": "yes", "internet_access": null, "internet_access:access": null, "internet_access:fee": null, "operator": "Lidl", "phone": null, "website": "https://www.lidl.de/filialen/dresden/innere-neustadt-schlesischer-platz-1.html", "addr:country": null, "check_date": null, "email": null, "payment:mastercard": null, "payment:visa": null, "payment:cash": null, "payment:girocard": null, "payment:maestro": null, "self_checkout": null, "ref:vatin": null, "payment:credit_cards": null, "operator:tax": null, "ref": null, "diet:halal": "no", "diet:kosher": "no", "lastcheck": null, "access": null, "entrance": null, "cash_withdrawal": null, "cash_withdrawal:purchase_minimum": null, "cash_withdrawal:purchase_required": null, "cash_withdrawal:type": null, "drink:bionade": null, "drink:bionade_mate": null, "drink:charitea_mate": null, "drink:club-mate": null, "drink:club-mate_icetea": null, "drink:fritz-kola": null, "drink:fritz-limo": null, "drink:fritz-mischmasch": null, "drink:kolle-kolla": null, "drink:kolle-zotrine": null, "drink:lemonaid": null, "drink:mio_mio_cola": null, "drink:mio_mio_mate": null, "drink:vita_cola": null, "organic": null, "payment:contactless": null, "stroller": null, "start_date": null, "old_name": null, "contact:website": null, "layer": null, "toilets:wheelchair": null, "source": null, "payment:app": null, "payment:apple_pay": null, "payment:cards": null, "payment:coins": null, "payment:google_pay": null, "payment:visa_debit": null, "origin": null, "drink:charitea": null, "drink:kolle-jolle-mate": null, "drink:kolle-mate": null, "payment:debit_cards": null, "operator:wikidata": null, "drink:vita_limo": null, "contact:phone": null, "cash_withdrawal:limit": null, "post_office": null, "post_office:brand": null, "post_office:service_provider": null, "bulk_purchase": null, "dog": null, "air_conditioning": null, "payment:notes": null, "ref:rewe": null, "addr:suburb": null, "membership": null, "access:covid19": null, "alt_name": null, "delivery:covid19": null, "takeaway:covid19": null, "discount:students": null, "currency:EUR": null, "internet_access:password": null, "internet_access:ssid": null, "post_office:brand:wikidata": null, "post_office:brand:wikipedia": null, "ref:deutsche_post": null, "description": null, "payment:mastercard_contactless": null, "payment:sodexo": null, "payment:v_pay": null, "fax": null, "drink:club-mate_granat": null, "opening_date": null, "payment:account_cards": null, "payment:payback_app": null, "wheelchair:description:de": null, "note": null, "cuisine": null, "diet:vegan": null, "diet:vegetarian": null, "contact:email": null, "branch": null, "short_name": null, "drink:kolle-kilimo": null, "drink:kombucha": null, "drink:sake": null, "drinking_water:refill": null, "drinking_water:refill:network": null, "payment:vpay": null, "payment:american_express": null, "source:name": null, "toilets": null, "diet:gluten_free": null, "diet:lactose_free": null, "post_office:id_check": null, "post_office:oversized_item": null, "post_office:packaging": null, "post_office:parcel_from": null, "post_office:parcel_pickup": null, "post_office:parcel_to": null, "post_office:post_bank": null, "post_office:stamps": null, "payment:visa_electron": null, "fair_trade": null, "reusable_packaging:accept": null, "payment:cryptocurrencies": null, "building": null, "building:levels": null, "roof:shape": null, "vending": null, "building:roof": null, "roof:colour": null, "building:colour": null, "height": null, "roof:levels": null, "roof:height": null, "drink:coffee": null, "contact:facebook": null, "delivery": null, "contact:instagram": null, "payment:netto_app": null, "landuse": null, "indoor": "room", "name:ru": "Лидл", "room": "shop" }, "geometry": { "type": "Polygon", "coordinates": [ [ [ 13.7403746, 51.0649634 ], [ 13.7401598, 51.0650966 ], [ 13.7403662, 51.0652298 ], [ 13.7402842, 51.0652807 ], [ 13.7403546, 51.0653256 ], [ 13.740639, 51.0651479 ], [ 13.7406663, 51.0651313 ], [ 13.7406935, 51.0651147 ], [ 13.7405272, 51.0650088 ], [ 13.7405318, 51.065006 ], [ 13.7405174, 51.0649968 ], [ 13.7405244, 51.0649925 ], [ 13.7405038, 51.0649794 ], [ 13.740509, 51.0649762 ], [ 13.740484, 51.0649602 ], [ 13.7404621, 51.0649463 ], [ 13.7404558, 51.0649501 ], [ 13.7404411, 51.0649407 ], [ 13.7404349, 51.0649446 ], [ 13.7404201, 51.0649352 ], [ 13.7403746, 51.0649634 ] ] ] } },
{ "type": "Feature", "properties": { "element": "way", "id": 1300217303, "addr:city": null, "addr:housenumber": null, "addr:postcode": null, "addr:street": null, "brand": "REWE", "brand:wikidata": "Q16968817", "brand:wikipedia": "de:Rewe", "check_date:opening_hours": null, "level": null, "name": "REWE", "opening_hours": "Mo-Sa 06:00-22:00; Su,PH off", "shop": "supermarket", "wheelchair": null, "internet_access": null, "internet_access:access": null, "internet_access:fee": null, "operator": null, "phone": null, "website": null, "addr:country": null, "check_date": null, "email": null, "payment:mastercard": null, "payment:visa": null, "payment:cash": null, "payment:girocard": null, "payment:maestro": null, "self_checkout": null, "ref:vatin": null, "payment:credit_cards": null, "operator:tax": null, "ref": null, "diet:halal": null, "diet:kosher": null, "lastcheck": null, "access": null, "entrance": null, "cash_withdrawal": null, "cash_withdrawal:purchase_minimum": null, "cash_withdrawal:purchase_required": null, "cash_withdrawal:type": null, "drink:bionade": null, "drink:bionade_mate": null, "drink:charitea_mate": null, "drink:club-mate": null, "drink:club-mate_icetea": null, "drink:fritz-kola": null, "drink:fritz-limo": null, "drink:fritz-mischmasch": null, "drink:kolle-kolla": null, "drink:kolle-zotrine": null, "drink:lemonaid": null, "drink:mio_mio_cola": null, "drink:mio_mio_mate": null, "drink:vita_cola": null, "organic": null, "payment:contactless": null, "stroller": null, "start_date": null, "old_name": null, "contact:website": null, "layer": null, "toilets:wheelchair": null, "source": null, "payment:app": null, "payment:apple_pay": null, "payment:cards": null, "payment:coins": null, "payment:google_pay": null, "payment:visa_debit": null, "origin": null, "drink:charitea": null, "drink:kolle-jolle-mate": null, "drink:kolle-mate": null, "payment:debit_cards": null, "operator:wikidata": null, "drink:vita_limo": null, "contact:phone": null, "cash_withdrawal:limit": null, "post_office": null, "post_office:brand": null, "post_office:service_provider": null, "bulk_purchase": null, "dog": null, "air_conditioning": null, "payment:notes": null, "ref:rewe": null, "addr:suburb": null, "membership": null, "access:covid19": null, "alt_name": null, "delivery:covid19": null, "takeaway:covid19": null, "discount:students": null, "currency:EUR": null, "internet_access:password": null, "internet_access:ssid": null, "post_office:brand:wikidata": null, "post_office:brand:wikipedia": null, "ref:deutsche_post": null, "description": null, "payment:mastercard_contactless": null, "payment:sodexo": null, "payment:v_pay": null, "fax": null, "drink:club-mate_granat": null, "opening_date": null, "payment:account_cards": null, "payment:payback_app": null, "wheelchair:description:de": null, "note": null, "cuisine": null, "diet:vegan": null, "diet:vegetarian": null, "contact:email": null, "branch": null, "short_name": null, "drink:kolle-kilimo": null, "drink:kombucha": null, "drink:sake": null, "drinking_water:refill": null, "drinking_water:refill:network": null, "payment:vpay": null, "payment:american_express": null, "source:name": null, "toilets": null, "diet:gluten_free": null, "diet:lactose_free": null, "post_office:id_check": null, "post_office:oversized_item": null, "post_office:packaging": null, "post_office:parcel_from": null, "post_office:parcel_pickup": null, "post_office:parcel_to": null, "post_office:post_bank": null, "post_office:stamps": null, "payment:visa_electron": null, "fair_trade": null, "reusable_packaging:accept": null, "payment:cryptocurrencies": null, "building": "retail", "building:levels": null, "roof:shape": null, "vending": null, "building:roof": null, "roof:colour": null, "building:colour": null, "height": null, "roof:levels": null, "roof:height": null, "drink:coffee": null, "contact:facebook": null, "delivery": null, "contact:instagram": null, "payment:netto_app": null, "landuse": null, "indoor": null, "name:ru": null, "room": null }, "geometry": { "type": "Polygon", "coordinates": [ [ [ 13.7915795, 51.1189878 ], [ 13.7918981, 51.1191022 ], [ 13.7922929, 51.1186689 ], [ 13.7919743, 51.1185545 ], [ 13.7915795, 51.1189878 ] ] ] } },
{ "type": "Feature", "properties": { "element": "way", "id": 1304082177, "addr:city": "Dresden", "addr:housenumber": "5a", "addr:postcode": "01156", "addr:street": "Gompitzer Höhe", "brand": "ALDI Nord", "brand:wikidata": "Q41171373", "brand:wikipedia": "en:Aldi", "check_date:opening_hours": null, "level": null, "name": "ALDI Nord", "opening_hours": "Mo-Sa 08:00-20:00", "shop": "supermarket", "wheelchair": "yes", "internet_access": null, "internet_access:access": null, "internet_access:fee": null, "operator": null, "phone": null, "website": null, "addr:country": null, "check_date": null, "email": null, "payment:mastercard": "yes", "payment:visa": "yes", "payment:cash": null, "payment:girocard": null, "payment:maestro": "yes", "self_checkout": null, "ref:vatin": null, "payment:credit_cards": null, "operator:tax": null, "ref": null, "diet:halal": "no", "diet:kosher": "no", "lastcheck": null, "access": null, "entrance": null, "cash_withdrawal": null, "cash_withdrawal:purchase_minimum": null, "cash_withdrawal:purchase_required": null, "cash_withdrawal:type": null, "drink:bionade": null, "drink:bionade_mate": null, "drink:charitea_mate": null, "drink:club-mate": null, "drink:club-mate_icetea": null, "drink:fritz-kola": null, "drink:fritz-limo": null, "drink:fritz-mischmasch": null, "drink:kolle-kolla": null, "drink:kolle-zotrine": null, "drink:lemonaid": null, "drink:mio_mio_cola": null, "drink:mio_mio_mate": null, "drink:vita_cola": null, "organic": null, "payment:contactless": null, "stroller": null, "start_date": null, "old_name": null, "contact:website": null, "layer": null, "toilets:wheelchair": null, "source": null, "payment:app": null, "payment:apple_pay": null, "payment:cards": null, "payment:coins": null, "payment:google_pay": null, "payment:visa_debit": null, "origin": null, "drink:charitea": null, "drink:kolle-jolle-mate": null, "drink:kolle-mate": null, "payment:debit_cards": null, "operator:wikidata": null, "drink:vita_limo": null, "contact:phone": null, "cash_withdrawal:limit": null, "post_office": null, "post_office:brand": null, "post_office:service_provider": null, "bulk_purchase": null, "dog": null, "air_conditioning": null, "payment:notes": null, "ref:rewe": null, "addr:suburb": "Gompitz", "membership": null, "access:covid19": null, "alt_name": null, "delivery:covid19": null, "takeaway:covid19": null, "discount:students": null, "currency:EUR": null, "internet_access:password": null, "internet_access:ssid": null, "post_office:brand:wikidata": null, "post_office:brand:wikipedia": null, "ref:deutsche_post": null, "description": null, "payment:mastercard_contactless": null, "payment:sodexo": null, "payment:v_pay": null, "fax": null, "drink:club-mate_granat": null, "opening_date": null, "payment:account_cards": null, "payment:payback_app": null, "wheelchair:description:de": null, "note": null, "cuisine": null, "diet:vegan": null, "diet:vegetarian": null, "contact:email": null, "branch": null, "short_name": null, "drink:kolle-kilimo": null, "drink:kombucha": null, "drink:sake": null, "drinking_water:refill": null, "drinking_water:refill:network": null, "payment:vpay": "yes", "payment:american_express": null, "source:name": null, "toilets": null, "diet:gluten_free": null, "diet:lactose_free": null, "post_office:id_check": null, "post_office:oversized_item": null, "post_office:packaging": null, "post_office:parcel_from": null, "post_office:parcel_pickup": null, "post_office:parcel_to": null, "post_office:post_bank": null, "post_office:stamps": null, "payment:visa_electron": null, "fair_trade": null, "reusable_packaging:accept": null, "payment:cryptocurrencies": null, "building": "retail", "building:levels": "1", "roof:shape": "flat", "vending": null, "building:roof": null, "roof:colour": null, "building:colour": null, "height": null, "roof:levels": "0", "roof:height": null, "drink:coffee": null, "contact:facebook": null, "delivery": null, "contact:instagram": null, "payment:netto_app": null, "landuse": null, "indoor": null, "name:ru": null, "room": null }, "geometry": { "type": "Polygon", "coordinates": [ [ [ 13.629567, 51.0399727 ], [ 13.6295594, 51.0400102 ], [ 13.6301398, 51.0400564 ], [ 13.6301345, 51.0400829 ], [ 13.6303336, 51.0400988 ], [ 13.6303352, 51.0400911 ], [ 13.6303401, 51.0400667 ], [ 13.6303451, 51.0400418 ], [ 13.6303504, 51.0400159 ], [ 13.6303551, 51.0399922 ], [ 13.6303603, 51.0399666 ], [ 13.6303653, 51.0399416 ], [ 13.6303702, 51.0399174 ], [ 13.6303725, 51.0399061 ], [ 13.6303754, 51.0398914 ], [ 13.6303804, 51.0398669 ], [ 13.630387, 51.0398339 ], [ 13.6304563, 51.0398395 ], [ 13.63048, 51.0398413 ], [ 13.6305312, 51.0395876 ], [ 13.6305364, 51.0395614 ], [ 13.6300811, 51.0395251 ], [ 13.6300083, 51.0398732 ], [ 13.6295952, 51.0398403 ], [ 13.6295864, 51.0398837 ], [ 13.6295791, 51.0399201 ], [ 13.6294949, 51.0399134 ], [ 13.6294291, 51.0399081 ], [ 13.6294185, 51.0399609 ], [ 13.629567, 51.0399727 ] ] ] } },
{ "type": "Feature", "properties": { "element": "way", "id": 1342695455, "addr:city": null, "addr:housenumber": null, "addr:postcode": null, "addr:street": null, "brand": "ALDI Nord", "brand:wikidata": "Q41171373", "brand:wikipedia": null, "check_date:opening_hours": null, "level": null, "name": "Aldi", "opening_hours": "Mo-Sa 07:00-21:00", "shop": "supermarket", "wheelchair": "yes", "internet_access": null, "internet_access:access": null, "internet_access:fee": null, "operator": null, "phone": null, "website": null, "addr:country": null, "check_date": null, "email": null, "payment:mastercard": null, "payment:visa": null, "payment:cash": null, "payment:girocard": null, "payment:maestro": null, "self_checkout": null, "ref:vatin": null, "payment:credit_cards": null, "operator:tax": null, "ref": null, "diet:halal": null, "diet:kosher": null, "lastcheck": null, "access": null, "entrance": null, "cash_withdrawal": null, "cash_withdrawal:purchase_minimum": null, "cash_withdrawal:purchase_required": null, "cash_withdrawal:type": null, "drink:bionade": null, "drink:bionade_mate": null, "drink:charitea_mate": null, "drink:club-mate": null, "drink:club-mate_icetea": null, "drink:fritz-kola": null, "drink:fritz-limo": null, "drink:fritz-mischmasch": null, "drink:kolle-kolla": null, "drink:kolle-zotrine": null, "drink:lemonaid": null, "drink:mio_mio_cola": null, "drink:mio_mio_mate": null, "drink:vita_cola": null, "organic": null, "payment:contactless": null, "stroller": null, "start_date": null, "old_name": null, "contact:website": null, "layer": null, "toilets:wheelchair": null, "source": null, "payment:app": null, "payment:apple_pay": null, "payment:cards": null, "payment:coins": null, "payment:google_pay": null, "payment:visa_debit": null, "origin": null, "drink:charitea": null, "drink:kolle-jolle-mate": null, "drink:kolle-mate": null, "payment:debit_cards": null, "operator:wikidata": null, "drink:vita_limo": null, "contact:phone": null, "cash_withdrawal:limit": null, "post_office": null, "post_office:brand": null, "post_office:service_provider": null, "bulk_purchase": null, "dog": null, "air_conditioning": null, "payment:notes": null, "ref:rewe": null, "addr:suburb": null, "membership": null, "access:covid19": null, "alt_name": null, "delivery:covid19": null, "takeaway:covid19": null, "discount:students": null, "currency:EUR": null, "internet_access:password": null, "internet_access:ssid": null, "post_office:brand:wikidata": null, "post_office:brand:wikipedia": null, "ref:deutsche_post": null, "description": null, "payment:mastercard_contactless": null, "payment:sodexo": null, "payment:v_pay": null, "fax": null, "drink:club-mate_granat": null, "opening_date": null, "payment:account_cards": null, "payment:payback_app": null, "wheelchair:description:de": null, "note": "Gebäude nicht aus Luftbild oder gemessen sondern nur geschätzt vor Ort", "cuisine": null, "diet:vegan": null, "diet:vegetarian": null, "contact:email": null, "branch": null, "short_name": null, "drink:kolle-kilimo": null, "drink:kombucha": null, "drink:sake": null, "drinking_water:refill": null, "drinking_water:refill:network": null, "payment:vpay": null, "payment:american_express": null, "source:name": null, "toilets": null, "diet:gluten_free": null, "diet:lactose_free": null, "post_office:id_check": null, "post_office:oversized_item": null, "post_office:packaging": null, "post_office:parcel_from": null, "post_office:parcel_pickup": null, "post_office:parcel_to": null, "post_office:post_bank": null, "post_office:stamps": null, "payment:visa_electron": null, "fair_trade": null, "reusable_packaging:accept": null, "payment:cryptocurrencies": null, "building": "yes", "building:levels": "1", "roof:shape": null, "vending": null, "building:roof": null, "roof:colour": null, "building:colour": null, "height": null, "roof:levels": null, "roof:height": null, "drink:coffee": null, "contact:facebook": null, "delivery": null, "contact:instagram": null, "payment:netto_app": null, "landuse": null, "indoor": null, "name:ru": null, "room": null }, "geometry": { "type": "Polygon", "coordinates": [ [ [ 13.7035629, 51.0375517 ], [ 13.7039153, 51.0375699 ], [ 13.7039794, 51.037077 ], [ 13.703627, 51.0370588 ], [ 13.7035629, 51.0375517 ] ] ] } }
]
}
